ISO-10303-21;
HEADER;
FILE_DESCRIPTION(('FreeCAD Model'),'2;1');
FILE_NAME('Open CASCADE Shape Model','2025-04-14T18:57:04',(''),(''),
  'Open CASCADE STEP processor 7.8','FreeCAD','Unknown');
FILE_SCHEMA(('AUTOMOTIVE_DESIGN { 1 0 10303 214 1 1 1 1 }'));
ENDSEC;
DATA;
#1 = APPLICATION_PROTOCOL_DEFINITION('international standard',
  'automotive_design',2000,#2);
#2 = APPLICATION_CONTEXT(
  'core data for automotive mechanical design processes');
#3 = SHAPE_DEFINITION_REPRESENTATION(#4,#10);
#4 = PRODUCT_DEFINITION_SHAPE('','',#5);
#5 = PRODUCT_DEFINITION('design','',#6,#9);
#6 = PRODUCT_DEFINITION_FORMATION('','',#7);
#7 = PRODUCT('Part','Part','',(#8));
#8 = PRODUCT_CONTEXT('',#2,'mechanical');
#9 = PRODUCT_DEFINITION_CONTEXT('part definition',#2,'design');
#10 = SHAPE_REPRESENTATION('',(#11,#15),#19);
#11 = AXIS2_PLACEMENT_3D('',#12,#13,#14);
#12 = CARTESIAN_POINT('',(0.,0.,0.));
#13 = DIRECTION('',(0.,0.,1.));
#14 = DIRECTION('',(1.,0.,-0.));
#15 = AXIS2_PLACEMENT_3D('',#16,#17,#18);
#16 = CARTESIAN_POINT('',(0.,0.,0.));
#17 = DIRECTION('',(0.,0.,1.));
#18 = DIRECTION('',(1.,0.,0.));
#19 = ( GEOMETRIC_REPRESENTATION_CONTEXT(3) 
GLOBAL_UNCERTAINTY_ASSIGNED_CONTEXT((#23)) GLOBAL_UNIT_ASSIGNED_CONTEXT(
(#20,#21,#22)) REPRESENTATION_CONTEXT('Context #1',
  '3D Context with UNIT and UNCERTAINTY') );
#20 = ( LENGTH_UNIT() NAMED_UNIT(*) SI_UNIT(.MILLI.,.METRE.) );
#21 = ( NAMED_UNIT(*) PLANE_ANGLE_UNIT() SI_UNIT($,.RADIAN.) );
#22 = ( NAMED_UNIT(*) SI_UNIT($,.STERADIAN.) SOLID_ANGLE_UNIT() );
#23 = UNCERTAINTY_MEASURE_WITH_UNIT(LENGTH_MEASURE(1.E-07),#20,
  'distance_accuracy_value','confusion accuracy');
#24 = PRODUCT_RELATED_PRODUCT_CATEGORY('part',$,(#7));
#25 = SHAPE_DEFINITION_REPRESENTATION(#26,#32);
#26 = PRODUCT_DEFINITION_SHAPE('','',#27);
#27 = PRODUCT_DEFINITION('design','',#28,#31);
#28 = PRODUCT_DEFINITION_FORMATION('','',#29);
#29 = PRODUCT('Body','Body','',(#30));
#30 = PRODUCT_CONTEXT('',#2,'mechanical');
#31 = PRODUCT_DEFINITION_CONTEXT('part definition',#2,'design');
#32 = ADVANCED_BREP_SHAPE_REPRESENTATION('',(#11,#33),#8895);
#33 = MANIFOLD_SOLID_BREP('',#34);
#34 = CLOSED_SHELL('',(#35,#80,#113,#149,#2302,#4455,#4472,#4489,#4506,
    #4526,#4546,#4566,#4586,#4603,#4620,#4637,#4657,#4674,#4694,#4714,
    #4731,#4751,#4768,#4785,#4802,#4822,#4842,#4862,#4882,#4899,#4916,
    #4933,#4953,#4970,#4990,#5010,#5027,#5047,#5064,#5081,#5098,#5118,
    #5138,#5158,#5178,#5195,#5212,#5229,#5249,#5266,#5286,#5306,#5323,
    #5343,#5360,#5377,#5394,#5414,#5434,#5454,#5474,#5491,#5508,#5525,
    #5545,#5562,#5582,#5602,#5619,#5639,#5656,#5673,#5690,#5710,#5730,
    #5750,#5770,#5787,#5804,#5821,#5841,#5858,#5878,#5898,#5915,#5935,
    #5952,#5969,#5986,#6006,#6026,#6046,#6066,#6083,#6100,#6117,#6137,
    #6154,#6174,#6194,#6211,#6231,#6248,#6265,#6282,#6302,#6322,#6342,
    #6362,#6379,#6396,#6413,#6433,#6450,#6470,#6490,#6507,#6527,#6544,
    #6561,#6578,#6598,#6618,#6638,#6658,#6675,#6692,#6709,#6729,#6746,
    #6766,#6786,#6803,#6823,#6840,#6857,#6874,#6894,#6914,#6934,#6954,
    #6971,#6988,#7005,#7025,#7042,#7062,#7082,#7099,#7119,#7136,#7153,
    #7170,#7190,#7210,#7230,#7250,#7267,#7284,#7301,#7321,#7338,#7358,
    #7378,#7395,#7415,#7432,#7449,#7466,#7486,#7506,#7526,#7546,#7563,
    #7580,#7597,#7617,#7634,#7654,#7674,#7691,#7711,#7728,#7745,#7762,
    #7782,#7802,#7822,#7842,#7859,#7876,#7893,#7913,#7930,#7950,#7970,
    #7987,#8007,#8024,#8041,#8058,#8078,#8098,#8118,#8138,#8155,#8172,
    #8189,#8209,#8226,#8246,#8266,#8283,#8303,#8320,#8337,#8354,#8374,
    #8394,#8414,#8434,#8451,#8468,#8485,#8505,#8522,#8542,#8562,#8579,
    #8599,#8616,#8633,#8650,#8670,#8690,#8710,#8730,#8747,#8764,#8781,
    #8801,#8818,#8833,#8858,#8883));
#35 = ADVANCED_FACE('',(#36),#72,.F.);
#36 = FACE_BOUND('',#37,.F.);
#37 = EDGE_LOOP('',(#38,#48,#57,#65));
#38 = ORIENTED_EDGE('',*,*,#39,.T.);
#39 = EDGE_CURVE('',#40,#42,#44,.T.);
#40 = VERTEX_POINT('',#41);
#41 = CARTESIAN_POINT('',(11.266532841699,-0.758424974013,0.));
#42 = VERTEX_POINT('',#43);
#43 = CARTESIAN_POINT('',(11.266532841699,-0.758424974013,5.4));
#44 = LINE('',#45,#46);
#45 = CARTESIAN_POINT('',(11.266532841699,-0.758424974013,0.));
#46 = VECTOR('',#47,1.);
#47 = DIRECTION('',(0.,0.,1.));
#48 = ORIENTED_EDGE('',*,*,#49,.T.);
#49 = EDGE_CURVE('',#42,#50,#52,.T.);
#50 = VERTEX_POINT('',#51);
#51 = CARTESIAN_POINT('',(11.666084498174,-0.710246811685,5.4));
#52 = B_SPLINE_CURVE_WITH_KNOTS('',3,(#53,#54,#55,#56),.UNSPECIFIED.,.F.
  ,.F.,(4,4),(0.,1.),.PIECEWISE_BEZIER_KNOTS.);
#53 = CARTESIAN_POINT('',(11.266532841699,-0.758424974013,5.4));
#54 = CARTESIAN_POINT('',(11.310538635695,-0.759033447968,5.4));
#55 = CARTESIAN_POINT('',(11.443745228226,-0.756168583981,5.4));
#56 = CARTESIAN_POINT('',(11.666084498174,-0.710246811685,5.4));
#57 = ORIENTED_EDGE('',*,*,#58,.F.);
#58 = EDGE_CURVE('',#59,#50,#61,.T.);
#59 = VERTEX_POINT('',#60);
#60 = CARTESIAN_POINT('',(11.666084498174,-0.710246811685,0.));
#61 = LINE('',#62,#63);
#62 = CARTESIAN_POINT('',(11.666084498174,-0.710246811685,0.));
#63 = VECTOR('',#64,1.);
#64 = DIRECTION('',(0.,0.,1.));
#65 = ORIENTED_EDGE('',*,*,#66,.F.);
#66 = EDGE_CURVE('',#40,#59,#67,.T.);
#67 = B_SPLINE_CURVE_WITH_KNOTS('',3,(#68,#69,#70,#71),.UNSPECIFIED.,.F.
  ,.F.,(4,4),(0.,1.),.PIECEWISE_BEZIER_KNOTS.);
#68 = CARTESIAN_POINT('',(11.266532841699,-0.758424974013,0.));
#69 = CARTESIAN_POINT('',(11.310538635695,-0.759033447968,0.));
#70 = CARTESIAN_POINT('',(11.443745228226,-0.756168583981,0.));
#71 = CARTESIAN_POINT('',(11.666084498174,-0.710246811685,0.));
#72 = SURFACE_OF_LINEAR_EXTRUSION('',#73,#78);
#73 = B_SPLINE_CURVE_WITH_KNOTS('',3,(#74,#75,#76,#77),.UNSPECIFIED.,.F.
  ,.F.,(4,4),(0.,1.),.PIECEWISE_BEZIER_KNOTS.);
#74 = CARTESIAN_POINT('',(11.266532841699,-0.758424974013,0.));
#75 = CARTESIAN_POINT('',(11.310538635695,-0.759033447968,0.));
#76 = CARTESIAN_POINT('',(11.443745228226,-0.756168583981,0.));
#77 = CARTESIAN_POINT('',(11.666084498174,-0.710246811685,0.));
#78 = VECTOR('',#79,1.);
#79 = DIRECTION('',(-0.,-0.,-1.));
#80 = ADVANCED_FACE('',(#81),#108,.F.);
#81 = FACE_BOUND('',#82,.F.);
#82 = EDGE_LOOP('',(#83,#93,#100,#101));
#83 = ORIENTED_EDGE('',*,*,#84,.T.);
#84 = EDGE_CURVE('',#85,#87,#89,.T.);
#85 = VERTEX_POINT('',#86);
#86 = CARTESIAN_POINT('',(10.951324652296,-1.033677106265,0.));
#87 = VERTEX_POINT('',#88);
#88 = CARTESIAN_POINT('',(10.951324652296,-1.033677106265,5.4));
#89 = LINE('',#90,#91);
#90 = CARTESIAN_POINT('',(10.951324652296,-1.033677106265,0.));
#91 = VECTOR('',#92,1.);
#92 = DIRECTION('',(0.,0.,1.));
#93 = ORIENTED_EDGE('',*,*,#94,.T.);
#94 = EDGE_CURVE('',#87,#42,#95,.T.);
#95 = CIRCLE('',#96,0.304);
#96 = AXIS2_PLACEMENT_3D('',#97,#98,#99);
#97 = CARTESIAN_POINT('',(11.253986814147,-1.06216597749,5.4));
#98 = DIRECTION('',(0.,0.,-1.));
#99 = DIRECTION('',(-0.995599216615,9.371339218545E-02,0.));
#100 = ORIENTED_EDGE('',*,*,#39,.F.);
#101 = ORIENTED_EDGE('',*,*,#102,.F.);
#102 = EDGE_CURVE('',#85,#40,#103,.T.);
#103 = CIRCLE('',#104,0.304);
#104 = AXIS2_PLACEMENT_3D('',#105,#106,#107);
#105 = CARTESIAN_POINT('',(11.253986814147,-1.06216597749,0.));
#106 = DIRECTION('',(0.,0.,-1.));
#107 = DIRECTION('',(-0.995599216615,9.371339218545E-02,0.));
#108 = CYLINDRICAL_SURFACE('',#109,0.304);
#109 = AXIS2_PLACEMENT_3D('',#110,#111,#112);
#110 = CARTESIAN_POINT('',(11.253986814147,-1.06216597749,0.));
#111 = DIRECTION('',(0.,0.,-1.));
#112 = DIRECTION('',(-0.995599216615,9.371339218545E-02,0.));
#113 = ADVANCED_FACE('',(#114),#141,.F.);
#114 = FACE_BOUND('',#115,.F.);
#115 = EDGE_LOOP('',(#116,#117,#126,#134));
#116 = ORIENTED_EDGE('',*,*,#58,.T.);
#117 = ORIENTED_EDGE('',*,*,#118,.T.);
#118 = EDGE_CURVE('',#50,#119,#121,.T.);
#119 = VERTEX_POINT('',#120);
#120 = CARTESIAN_POINT('',(12.797418519083,-0.294652974179,5.4));
#121 = B_SPLINE_CURVE_WITH_KNOTS('',3,(#122,#123,#124,#125),
  .UNSPECIFIED.,.F.,.F.,(4,4),(0.,1.),.PIECEWISE_BEZIER_KNOTS.);
#122 = CARTESIAN_POINT('',(11.666084498174,-0.710246811685,5.4));
#123 = CARTESIAN_POINT('',(11.931853777097,-0.654738242348,5.4));
#124 = CARTESIAN_POINT('',(12.316603246172,-0.538194509515,5.4));
#125 = CARTESIAN_POINT('',(12.797418519083,-0.294652974179,5.4));
#126 = ORIENTED_EDGE('',*,*,#127,.F.);
#127 = EDGE_CURVE('',#128,#119,#130,.T.);
#128 = VERTEX_POINT('',#129);
#129 = CARTESIAN_POINT('',(12.797418519083,-0.294652974179,0.));
#130 = LINE('',#131,#132);
#131 = CARTESIAN_POINT('',(12.797418519083,-0.294652974179,0.));
#132 = VECTOR('',#133,1.);
#133 = DIRECTION('',(0.,0.,1.));
#134 = ORIENTED_EDGE('',*,*,#135,.F.);
#135 = EDGE_CURVE('',#59,#128,#136,.T.);
#136 = B_SPLINE_CURVE_WITH_KNOTS('',3,(#137,#138,#139,#140),
  .UNSPECIFIED.,.F.,.F.,(4,4),(0.,1.),.PIECEWISE_BEZIER_KNOTS.);
#137 = CARTESIAN_POINT('',(11.666084498174,-0.710246811685,0.));
#138 = CARTESIAN_POINT('',(11.931853777097,-0.654738242348,0.));
#139 = CARTESIAN_POINT('',(12.316603246172,-0.538194509515,0.));
#140 = CARTESIAN_POINT('',(12.797418519083,-0.294652974179,0.));
#141 = SURFACE_OF_LINEAR_EXTRUSION('',#142,#147);
#142 = B_SPLINE_CURVE_WITH_KNOTS('',3,(#143,#144,#145,#146),
  .UNSPECIFIED.,.F.,.F.,(4,4),(0.,1.),.PIECEWISE_BEZIER_KNOTS.);
#143 = CARTESIAN_POINT('',(11.666084498174,-0.710246811685,0.));
#144 = CARTESIAN_POINT('',(11.931853777097,-0.654738242348,0.));
#145 = CARTESIAN_POINT('',(12.316603246172,-0.538194509515,0.));
#146 = CARTESIAN_POINT('',(12.797418519083,-0.294652974179,0.));
#147 = VECTOR('',#148,1.);
#148 = DIRECTION('',(-0.,-0.,-1.));
#149 = ADVANCED_FACE('',(#150,#2286),#2297,.F.);
#150 = FACE_BOUND('',#151,.F.);
#151 = EDGE_LOOP('',(#152,#153,#154,#163,#172,#181,#190,#199,#208,#217,
    #226,#235,#244,#253,#262,#271,#280,#289,#298,#307,#316,#325,#334,
    #343,#352,#361,#370,#379,#388,#397,#406,#415,#424,#433,#442,#451,
    #460,#469,#478,#487,#496,#505,#514,#523,#532,#541,#550,#559,#568,
    #577,#586,#595,#604,#613,#622,#631,#640,#649,#658,#667,#676,#685,
    #694,#703,#712,#721,#730,#739,#748,#757,#766,#775,#784,#793,#802,
    #811,#820,#829,#838,#847,#856,#865,#874,#883,#892,#901,#910,#919,
    #928,#937,#946,#955,#964,#973,#982,#991,#1000,#1009,#1018,#1027,
    #1036,#1045,#1054,#1063,#1072,#1081,#1090,#1099,#1108,#1117,#1126,
    #1135,#1144,#1153,#1162,#1171,#1180,#1189,#1198,#1207,#1216,#1225,
    #1234,#1243,#1252,#1261,#1270,#1279,#1288,#1297,#1306,#1315,#1324,
    #1333,#1342,#1351,#1360,#1369,#1378,#1387,#1396,#1405,#1414,#1423,
    #1432,#1441,#1450,#1459,#1468,#1477,#1486,#1495,#1504,#1513,#1522,
    #1531,#1540,#1549,#1558,#1567,#1576,#1585,#1594,#1603,#1612,#1621,
    #1630,#1639,#1648,#1657,#1666,#1675,#1684,#1693,#1702,#1711,#1720,
    #1729,#1738,#1747,#1756,#1765,#1774,#1783,#1792,#1801,#1810,#1819,
    #1828,#1837,#1846,#1855,#1864,#1873,#1882,#1891,#1900,#1909,#1918,
    #1927,#1936,#1945,#1954,#1963,#1972,#1981,#1990,#1999,#2008,#2017,
    #2026,#2035,#2044,#2053,#2062,#2071,#2080,#2089,#2098,#2107,#2116,
    #2125,#2134,#2143,#2152,#2161,#2170,#2179,#2188,#2197,#2206,#2215,
    #2224,#2233,#2242,#2251,#2260,#2269,#2278,#2285));
#152 = ORIENTED_EDGE('',*,*,#66,.T.);
#153 = ORIENTED_EDGE('',*,*,#135,.T.);
#154 = ORIENTED_EDGE('',*,*,#155,.T.);
#155 = EDGE_CURVE('',#128,#156,#158,.T.);
#156 = VERTEX_POINT('',#157);
#157 = CARTESIAN_POINT('',(12.796601658522,0.29493387923,0.));
#158 = CIRCLE('',#159,12.799999999997);
#159 = AXIS2_PLACEMENT_3D('',#160,#161,#162);
#160 = CARTESIAN_POINT('',(4.174823149024E-04,-1.758896555278E-02,0.));
#161 = DIRECTION('',(-0.,0.,1.));
#162 = DIRECTION('',(0.999765705998,-2.164562567391E-02,0.));
#163 = ORIENTED_EDGE('',*,*,#164,.T.);
#164 = EDGE_CURVE('',#156,#165,#167,.T.);
#165 = VERTEX_POINT('',#166);
#166 = CARTESIAN_POINT('',(11.666084498174,0.710246811685,0.));
#167 = B_SPLINE_CURVE_WITH_KNOTS('',3,(#168,#169,#170,#171),
  .UNSPECIFIED.,.F.,.F.,(4,4),(0.,1.),.PIECEWISE_BEZIER_KNOTS.);
#168 = CARTESIAN_POINT('',(12.796601658522,0.29493387923,0.));
#169 = CARTESIAN_POINT('',(12.316603246172,0.538194509515,0.));
#170 = CARTESIAN_POINT('',(11.931853777097,0.654738242348,0.));
#171 = CARTESIAN_POINT('',(11.666084498174,0.710246811685,0.));
#172 = ORIENTED_EDGE('',*,*,#173,.T.);
#173 = EDGE_CURVE('',#165,#174,#176,.T.);
#174 = VERTEX_POINT('',#175);
#175 = CARTESIAN_POINT('',(11.266941353302,0.758423672663,0.));
#176 = B_SPLINE_CURVE_WITH_KNOTS('',3,(#177,#178,#179,#180),
  .UNSPECIFIED.,.F.,.F.,(4,4),(0.,1.),.PIECEWISE_BEZIER_KNOTS.);
#177 = CARTESIAN_POINT('',(11.666084498174,0.710246811685,0.));
#178 = CARTESIAN_POINT('',(11.443745228226,0.756168583981,0.));
#179 = CARTESIAN_POINT('',(11.310538635695,0.759033447968,0.));
#180 = CARTESIAN_POINT('',(11.266941353302,0.758423672663,0.));
#181 = ORIENTED_EDGE('',*,*,#182,.T.);
#182 = EDGE_CURVE('',#174,#183,#185,.T.);
#183 = VERTEX_POINT('',#184);
#184 = CARTESIAN_POINT('',(10.951324652296,1.033677106265,0.));
#185 = CIRCLE('',#186,0.304);
#186 = AXIS2_PLACEMENT_3D('',#187,#188,#189);
#187 = CARTESIAN_POINT('',(11.253988543309,1.062147601114,0.));
#188 = DIRECTION('',(0.,0.,-1.));
#189 = DIRECTION('',(4.26079276102E-02,-0.999091869902,0.));
#190 = ORIENTED_EDGE('',*,*,#191,.T.);
#191 = EDGE_CURVE('',#183,#192,#194,.T.);
#192 = VERTEX_POINT('',#193);
#193 = CARTESIAN_POINT('',(10.926925488423,1.265819643726,0.));
#194 = CIRCLE('',#195,11.000000000028);
#195 = AXIS2_PLACEMENT_3D('',#196,#197,#198);
#196 = CARTESIAN_POINT('',(-2.814282E-11,-2.92688E-12,0.));
#197 = DIRECTION('',(0.,-0.,1.));
#198 = DIRECTION('',(0.995574968391,9.397064602413E-02,0.));
#199 = ORIENTED_EDGE('',*,*,#200,.T.);
#200 = EDGE_CURVE('',#192,#201,#203,.T.);
#201 = VERTEX_POINT('',#202);
#202 = CARTESIAN_POINT('',(11.178017486402,1.600592324104,0.));
#203 = CIRCLE('',#204,0.304);
#204 = AXIS2_PLACEMENT_3D('',#205,#206,#207);
#205 = CARTESIAN_POINT('',(11.228896925257,1.300880324508,0.));
#206 = DIRECTION('',(0.,0.,-1.));
#207 = DIRECTION('',(-0.993327094846,-0.115331186781,-0.));
#208 = ORIENTED_EDGE('',*,*,#209,.T.);
#209 = EDGE_CURVE('',#201,#210,#212,.T.);
#210 = VERTEX_POINT('',#211);
#211 = CARTESIAN_POINT('',(11.558821177362,1.73078913846,0.));
#212 = B_SPLINE_CURVE_WITH_KNOTS('',3,(#213,#214,#215,#216),
  .UNSPECIFIED.,.F.,.F.,(4,4),(0.,1.),.PIECEWISE_BEZIER_KNOTS.);
#213 = CARTESIAN_POINT('',(11.178017486402,1.600592324104,0.));
#214 = CARTESIAN_POINT('',(11.221188157066,1.609146465801,0.));
#215 = CARTESIAN_POINT('',(11.350888227236,1.639643933517,0.));
#216 = CARTESIAN_POINT('',(11.558821177362,1.73078913846,0.));
#217 = ORIENTED_EDGE('',*,*,#218,.T.);
#218 = EDGE_CURVE('',#210,#219,#221,.T.);
#219 = VERTEX_POINT('',#220);
#220 = CARTESIAN_POINT('',(12.579026018093,2.372518822663,0.));
#221 = B_SPLINE_CURVE_WITH_KNOTS('',3,(#222,#223,#224,#225),
  .UNSPECIFIED.,.F.,.F.,(4,4),(0.,1.),.PIECEWISE_BEZIER_KNOTS.);
#222 = CARTESIAN_POINT('',(11.558821177362,1.73078913846,0.));
#223 = CARTESIAN_POINT('',(11.807241879383,1.840341252525,0.));
#224 = CARTESIAN_POINT('',(12.159352844895,2.034332137832,0.));
#225 = CARTESIAN_POINT('',(12.579026018093,2.372518822663,0.));
#226 = ORIENTED_EDGE('',*,*,#227,.T.);
#227 = EDGE_CURVE('',#219,#228,#230,.T.);
#228 = VERTEX_POINT('',#229);
#229 = CARTESIAN_POINT('',(12.455645008319,2.949051953889,0.));
#230 = CIRCLE('',#231,12.800000000004);
#231 = AXIS2_PLACEMENT_3D('',#232,#233,#234);
#232 = CARTESIAN_POINT('',(4.065310885522E-03,-1.711780500236E-02,0.));
#233 = DIRECTION('',(0.,-0.,1.));
#234 = DIRECTION('',(0.98241880525,0.186690361536,0.));
#235 = ORIENTED_EDGE('',*,*,#236,.T.);
#236 = EDGE_CURVE('',#228,#237,#239,.T.);
#237 = VERTEX_POINT('',#238);
#238 = CARTESIAN_POINT('',(11.263483946331,3.120241568016,0.));
#239 = B_SPLINE_CURVE_WITH_KNOTS('',3,(#240,#241,#242,#243),
  .UNSPECIFIED.,.F.,.F.,(4,4),(0.,1.),.PIECEWISE_BEZIER_KNOTS.);
#240 = CARTESIAN_POINT('',(12.455645008319,2.949051953889,0.));
#241 = CARTESIAN_POINT('',(11.935558983971,3.087199474254,0.));
#242 = CARTESIAN_POINT('',(11.534986409364,3.121202534248,0.));
#243 = CARTESIAN_POINT('',(11.263483946331,3.120241568016,0.));
#244 = ORIENTED_EDGE('',*,*,#245,.T.);
#245 = EDGE_CURVE('',#237,#246,#248,.T.);
#246 = VERTEX_POINT('',#247);
#247 = CARTESIAN_POINT('',(10.863046504201,3.084379122865,0.));
#248 = B_SPLINE_CURVE_WITH_KNOTS('',3,(#249,#250,#251,#252),
  .UNSPECIFIED.,.F.,.F.,(4,4),(0.,1.),.PIECEWISE_BEZIER_KNOTS.);
#249 = CARTESIAN_POINT('',(11.263483946331,3.120241568016,0.));
#250 = CARTESIAN_POINT('',(11.036455649559,3.118932905859,0.));
#251 = CARTESIAN_POINT('',(10.905564301958,3.094039957813,0.));
#252 = CARTESIAN_POINT('',(10.863046504201,3.084379122865,0.));
#253 = ORIENTED_EDGE('',*,*,#254,.T.);
#254 = EDGE_CURVE('',#246,#255,#257,.T.);
#255 = VERTEX_POINT('',#256);
#256 = CARTESIAN_POINT('',(10.497098378577,3.28799720658,0.));
#257 = CIRCLE('',#258,0.304);
#258 = AXIS2_PLACEMENT_3D('',#259,#260,#261);
#259 = CARTESIAN_POINT('',(10.787228988678,3.378772914138,0.));
#260 = DIRECTION('',(0.,0.,-1.));
#261 = DIRECTION('',(0.249399722118,-0.968400629186,0.));
#262 = ORIENTED_EDGE('',*,*,#263,.T.);
#263 = EDGE_CURVE('',#255,#264,#266,.T.);
#264 = VERTEX_POINT('',#265);
#265 = CARTESIAN_POINT('',(10.424967247501,3.50999400121,0.));
#266 = CIRCLE('',#267,10.999999999984);
#267 = AXIS2_PLACEMENT_3D('',#268,#269,#270);
#268 = CARTESIAN_POINT('',(1.550493E-11,5.09437E-12,0.));
#269 = DIRECTION('',(0.,-0.,1.));
#270 = DIRECTION('',(0.95428167078,0.298908836962,0.));
#271 = ORIENTED_EDGE('',*,*,#272,.T.);
#272 = EDGE_CURVE('',#264,#273,#275,.T.);
#273 = VERTEX_POINT('',#274);
#274 = CARTESIAN_POINT('',(10.60096912887,3.889656057163,0.));
#275 = CIRCLE('',#276,0.304);
#276 = AXIS2_PLACEMENT_3D('',#277,#278,#279);
#277 = CARTESIAN_POINT('',(10.713050358507,3.607071914007,0.));
#278 = DIRECTION('',(0.,0.,-1.));
#279 = DIRECTION('',(-0.94764181252,-0.319335239464,-0.));
#280 = ORIENTED_EDGE('',*,*,#281,.T.);
#281 = EDGE_CURVE('',#273,#282,#284,.T.);
#282 = VERTEX_POINT('',#283);
#283 = CARTESIAN_POINT('',(10.946381905721,4.096181298006,0.));
#284 = B_SPLINE_CURVE_WITH_KNOTS('',3,(#285,#286,#287,#288),
  .UNSPECIFIED.,.F.,.F.,(4,4),(0.,1.),.PIECEWISE_BEZIER_KNOTS.);
#285 = CARTESIAN_POINT('',(10.60096912887,3.889656057163,0.));
#286 = CARTESIAN_POINT('',(10.641417910739,3.906998957472,0.));
#287 = CARTESIAN_POINT('',(10.761942943112,3.963796143236,0.));
#288 = CARTESIAN_POINT('',(10.946381905721,4.096181298006,0.));
#289 = ORIENTED_EDGE('',*,*,#290,.T.);
#290 = EDGE_CURVE('',#282,#291,#293,.T.);
#291 = VERTEX_POINT('',#292);
#292 = CARTESIAN_POINT('',(11.810869719249,4.936000162346,0.));
#293 = B_SPLINE_CURVE_WITH_KNOTS('',3,(#294,#295,#296,#297),
  .UNSPECIFIED.,.F.,.F.,(4,4),(0.,1.),.PIECEWISE_BEZIER_KNOTS.);
#294 = CARTESIAN_POINT('',(10.946381905721,4.096181298006,0.));
#295 = CARTESIAN_POINT('',(11.166596854108,4.254989003726,0.));
#296 = CARTESIAN_POINT('',(11.470680377248,4.517948708948,0.));
#297 = CARTESIAN_POINT('',(11.810869719249,4.936000162346,0.));
#298 = ORIENTED_EDGE('',*,*,#299,.T.);
#299 = EDGE_CURVE('',#291,#300,#302,.T.);
#300 = VERTEX_POINT('',#301);
#301 = CARTESIAN_POINT('',(11.570316902437,5.474282307041,0.));
#302 = CIRCLE('',#303,12.800000000003);
#303 = AXIS2_PLACEMENT_3D('',#304,#305,#306);
#304 = CARTESIAN_POINT('',(7.53546587079E-03,-1.589851423267E-02,0.));
#305 = DIRECTION('',(0.,-0.,1.));
#306 = DIRECTION('',(0.922135488545,0.386867084108,0.));
#307 = ORIENTED_EDGE('',*,*,#308,.T.);
#308 = EDGE_CURVE('',#300,#309,#311,.T.);
#309 = VERTEX_POINT('',#310);
#310 = CARTESIAN_POINT('',(10.368615097842,5.393866795245,0.));
#311 = B_SPLINE_CURVE_WITH_KNOTS('',3,(#312,#313,#314,#315),
  .UNSPECIFIED.,.F.,.F.,(4,4),(0.,1.),.PIECEWISE_BEZIER_KNOTS.);
#312 = CARTESIAN_POINT('',(11.570316902437,5.474282307041,0.));
#313 = CARTESIAN_POINT('',(11.032873521004,5.50127900794,0.));
#314 = CARTESIAN_POINT('',(10.633984784536,5.451255298209,0.));
#315 = CARTESIAN_POINT('',(10.368615097842,5.393866795245,0.));
#316 = ORIENTED_EDGE('',*,*,#317,.T.);
#317 = EDGE_CURVE('',#309,#318,#320,.T.);
#318 = VERTEX_POINT('',#319);
#319 = CARTESIAN_POINT('',(9.984384396187,5.275532404904,0.));
#320 = B_SPLINE_CURVE_WITH_KNOTS('',3,(#321,#322,#323,#324),
  .UNSPECIFIED.,.F.,.F.,(4,4),(0.,1.),.PIECEWISE_BEZIER_KNOTS.);
#321 = CARTESIAN_POINT('',(10.368615097842,5.393866795245,0.));
#322 = CARTESIAN_POINT('',(10.146820000217,5.345384893451,0.));
#323 = CARTESIAN_POINT('',(10.023964477521,5.293822074651,0.));
#324 = CARTESIAN_POINT('',(9.984384396187,5.275532404904,0.));
#325 = ORIENTED_EDGE('',*,*,#326,.T.);
#326 = EDGE_CURVE('',#318,#327,#329,.T.);
#327 = VERTEX_POINT('',#328);
#328 = CARTESIAN_POINT('',(9.584098535048,5.398616051406,0.));
#329 = CIRCLE('',#330,0.304);
#330 = AXIS2_PLACEMENT_3D('',#331,#332,#333);
#331 = CARTESIAN_POINT('',(9.849015764374,5.547729637662,0.));
#332 = DIRECTION('',(0.,-0.,-1.));
#333 = DIRECTION('',(0.445291552016,-0.895385634072,0.));
#334 = ORIENTED_EDGE('',*,*,#335,.T.);
#335 = EDGE_CURVE('',#327,#336,#338,.T.);
#336 = VERTEX_POINT('',#337);
#337 = CARTESIAN_POINT('',(9.46738791332,5.600764778022,0.));
#338 = CIRCLE('',#339,10.999999999991);
#339 = AXIS2_PLACEMENT_3D('',#340,#341,#342);
#340 = CARTESIAN_POINT('',(7.68363E-12,4.41736E-12,0.));
#341 = DIRECTION('',(0.,-0.,1.));
#342 = DIRECTION('',(0.871281685004,0.490783277401,0.));
#343 = ORIENTED_EDGE('',*,*,#344,.T.);
#344 = EDGE_CURVE('',#336,#345,#347,.T.);
#345 = VERTEX_POINT('',#346);
#346 = CARTESIAN_POINT('',(9.560607551313,6.008723155884,0.));
#347 = CIRCLE('',#348,0.304);
#348 = AXIS2_PLACEMENT_3D('',#349,#350,#351);
#349 = CARTESIAN_POINT('',(9.728992084172,5.755617152214,0.));
#350 = DIRECTION('',(0.,0.,-1.));
#351 = DIRECTION('',(-0.860540035697,-0.509382809842,-0.));
#352 = ORIENTED_EDGE('',*,*,#353,.T.);
#353 = EDGE_CURVE('',#345,#354,#356,.T.);
#354 = VERTEX_POINT('',#355);
#355 = CARTESIAN_POINT('',(9.855533218233,6.282550679171,0.));
#356 = B_SPLINE_CURVE_WITH_KNOTS('',3,(#357,#358,#359,#360),
  .UNSPECIFIED.,.F.,.F.,(4,4),(0.,1.),.PIECEWISE_BEZIER_KNOTS.);
#357 = CARTESIAN_POINT('',(9.560607551313,6.008723155884,0.));
#358 = CARTESIAN_POINT('',(9.596566638524,6.034096846841,0.));
#359 = CARTESIAN_POINT('',(9.702649110842,6.114711441091,0.));
#360 = CARTESIAN_POINT('',(9.855533218233,6.282550679171,0.));
#361 = ORIENTED_EDGE('',*,*,#362,.T.);
#362 = EDGE_CURVE('',#354,#363,#365,.T.);
#363 = VERTEX_POINT('',#364);
#364 = CARTESIAN_POINT('',(10.526521738833,7.283754609378,0.));
#365 = B_SPLINE_CURVE_WITH_KNOTS('',3,(#366,#367,#368,#369),
  .UNSPECIFIED.,.F.,.F.,(4,4),(0.,1.),.PIECEWISE_BEZIER_KNOTS.);
#366 = CARTESIAN_POINT('',(9.855533218233,6.282550679171,0.));
#367 = CARTESIAN_POINT('',(10.037917963032,6.483673317761,0.));
#368 = CARTESIAN_POINT('',(10.280684134685,6.80410924196,0.));
#369 = CARTESIAN_POINT('',(10.526521738833,7.283754609378,0.));
#370 = ORIENTED_EDGE('',*,*,#371,.T.);
#371 = EDGE_CURVE('',#363,#372,#374,.T.);
#372 = VERTEX_POINT('',#373);
#373 = CARTESIAN_POINT('',(10.179310427378,7.760260254855,0.));
#374 = CIRCLE('',#375,12.800000000009);
#375 = AXIS2_PLACEMENT_3D('',#376,#377,#378);
#376 = CARTESIAN_POINT('',(1.06762848324E-02,-1.398438210531E-02,0.));
#377 = DIRECTION('',(0.,-0.,1.));
#378 = DIRECTION('',(0.821550426093,0.570135858709,0.));
#379 = ORIENTED_EDGE('',*,*,#380,.T.);
#380 = EDGE_CURVE('',#372,#381,#383,.T.);
#381 = VERTEX_POINT('',#382);
#382 = CARTESIAN_POINT('',(9.020588015441,7.431754160878,0.));
#383 = B_SPLINE_CURVE_WITH_KNOTS('',3,(#384,#385,#386,#387),
  .UNSPECIFIED.,.F.,.F.,(4,4),(0.,1.),.PIECEWISE_BEZIER_KNOTS.);
#384 = CARTESIAN_POINT('',(10.179310427378,7.760260254855,0.));
#385 = CARTESIAN_POINT('',(9.647998543569,7.674926250915,0.));
#386 = CARTESIAN_POINT('',(9.268226997104,7.543062047614,0.));
#387 = CARTESIAN_POINT('',(9.020588015441,7.431754160878,0.));
#388 = ORIENTED_EDGE('',*,*,#389,.T.);
#389 = EDGE_CURVE('',#381,#390,#392,.T.);
#390 = VERTEX_POINT('',#391);
#391 = CARTESIAN_POINT('',(8.669356779666,7.236119606036,0.));
#392 = B_SPLINE_CURVE_WITH_KNOTS('',3,(#393,#394,#395,#396),
  .UNSPECIFIED.,.F.,.F.,(4,4),(0.,1.),.PIECEWISE_BEZIER_KNOTS.);
#393 = CARTESIAN_POINT('',(9.020588015441,7.431754160878,0.));
#394 = CARTESIAN_POINT('',(8.813719627021,7.338217911196,0.));
#395 = CARTESIAN_POINT('',(8.704269305099,7.26223876425,0.));
#396 = CARTESIAN_POINT('',(8.669356779666,7.236119606036,0.));
#397 = ORIENTED_EDGE('',*,*,#398,.T.);
#398 = EDGE_CURVE('',#390,#399,#401,.T.);
#399 = VERTEX_POINT('',#400);
#400 = CARTESIAN_POINT('',(8.25222759593,7.273289469351,0.));
#401 = CIRCLE('',#402,0.304);
#402 = AXIS2_PLACEMENT_3D('',#403,#404,#405);
#403 = CARTESIAN_POINT('',(8.480353290345,7.474223955061,0.));
#404 = DIRECTION('',(0.,-0.,-1.));
#405 = DIRECTION('',(0.621722004346,-0.783237990213,0.));
#406 = ORIENTED_EDGE('',*,*,#407,.T.);
#407 = EDGE_CURVE('',#399,#408,#410,.T.);
#408 = VERTEX_POINT('',#409);
#409 = CARTESIAN_POINT('',(8.096038297759,7.446755258582,0.));
#410 = CIRCLE('',#411,11.000000000009);
#411 = AXIS2_PLACEMENT_3D('',#412,#413,#414);
#412 = CARTESIAN_POINT('',(-6.74749E-12,-5.97344E-12,0.));
#413 = DIRECTION('',(0.,-0.,1.));
#414 = DIRECTION('',(0.750202508721,0.661208133577,0.));
#415 = ORIENTED_EDGE('',*,*,#416,.T.);
#416 = EDGE_CURVE('',#408,#417,#419,.T.);
#417 = VERTEX_POINT('',#418);
#418 = CARTESIAN_POINT('',(8.102401546879,7.86518021964,0.));
#419 = CIRCLE('',#420,0.304);
#420 = AXIS2_PLACEMENT_3D('',#421,#422,#423);
#421 = CARTESIAN_POINT('',(8.319730170874,7.652614302353,0.));
#422 = DIRECTION('',(0.,0.,-1.));
#423 = DIRECTION('',(-0.735828529985,-0.67716790714,-0.));
#424 = ORIENTED_EDGE('',*,*,#425,.T.);
#425 = EDGE_CURVE('',#417,#426,#428,.T.);
#426 = VERTEX_POINT('',#427);
#427 = CARTESIAN_POINT('',(8.333950437012,8.194342448633,0.));
#428 = B_SPLINE_CURVE_WITH_KNOTS('',3,(#429,#430,#431,#432),
  .UNSPECIFIED.,.F.,.F.,(4,4),(0.,1.),.PIECEWISE_BEZIER_KNOTS.);
#429 = CARTESIAN_POINT('',(8.102401546879,7.86518021964,0.));
#430 = CARTESIAN_POINT('',(8.132299354769,7.897475749193,0.));
#431 = CARTESIAN_POINT('',(8.219302953953,7.998384507329,0.));
#432 = CARTESIAN_POINT('',(8.333950437012,8.194342448633,0.));
#433 = ORIENTED_EDGE('',*,*,#434,.T.);
#434 = EDGE_CURVE('',#426,#435,#437,.T.);
#435 = VERTEX_POINT('',#436);
#436 = CARTESIAN_POINT('',(8.782114246574,9.313174028647,0.));
#437 = B_SPLINE_CURVE_WITH_KNOTS('',3,(#438,#439,#440,#441),
  .UNSPECIFIED.,.F.,.F.,(4,4),(0.,1.),.PIECEWISE_BEZIER_KNOTS.);
#438 = CARTESIAN_POINT('',(8.333950437012,8.194342448633,0.));
#439 = CARTESIAN_POINT('',(8.470533889697,8.428989995694,0.));
#440 = CARTESIAN_POINT('',(8.641372663239,8.79289755136,0.));
#441 = CARTESIAN_POINT('',(8.782114246574,9.313174028647,0.));
#442 = ORIENTED_EDGE('',*,*,#443,.T.);
#443 = EDGE_CURVE('',#435,#444,#446,.T.);
#444 = VERTEX_POINT('',#445);
#445 = CARTESIAN_POINT('',(8.343419240892,9.707077591671,0.));
#446 = CIRCLE('',#447,12.800000000025);
#447 = AXIS2_PLACEMENT_3D('',#448,#449,#450);
#448 = CARTESIAN_POINT('',(1.335049891174E-02,-1.145906538452E-02,0.));
#449 = DIRECTION('',(0.,-0.,1.));
#450 = DIRECTION('',(0.685059667785,0.72848696047,0.));
#451 = ORIENTED_EDGE('',*,*,#452,.T.);
#452 = EDGE_CURVE('',#444,#453,#455,.T.);
#453 = VERTEX_POINT('',#454);
#454 = CARTESIAN_POINT('',(7.278317951181,9.144838208167,0.));
#455 = B_SPLINE_CURVE_WITH_KNOTS('',3,(#456,#457,#458,#459),
  .UNSPECIFIED.,.F.,.F.,(4,4),(0.,1.),.PIECEWISE_BEZIER_KNOTS.);
#456 = CARTESIAN_POINT('',(8.343419240892,9.707077591671,0.));
#457 = CARTESIAN_POINT('',(7.841459733546,9.513142388342,0.));
#458 = CARTESIAN_POINT('',(7.497403216011,9.305200789911,0.));
#459 = CARTESIAN_POINT('',(7.278317951181,9.144838208167,0.));
#460 = ORIENTED_EDGE('',*,*,#461,.T.);
#461 = EDGE_CURVE('',#453,#462,#464,.T.);
#462 = VERTEX_POINT('',#463);
#463 = CARTESIAN_POINT('',(6.975436671685,8.88045365763,0.));
#464 = B_SPLINE_CURVE_WITH_KNOTS('',3,(#465,#466,#467,#468),
  .UNSPECIFIED.,.F.,.F.,(4,4),(0.,1.),.PIECEWISE_BEZIER_KNOTS.);
#465 = CARTESIAN_POINT('',(7.278317951181,9.144838208167,0.));
#466 = CARTESIAN_POINT('',(7.095417413205,9.010335593546,0.));
#467 = CARTESIAN_POINT('',(7.004155796326,8.913260771764,0.));
#468 = CARTESIAN_POINT('',(6.975436671685,8.88045365763,0.));
#469 = ORIENTED_EDGE('',*,*,#470,.T.);
#470 = EDGE_CURVE('',#462,#471,#473,.T.);
#471 = VERTEX_POINT('',#472);
#472 = CARTESIAN_POINT('',(6.559694712288,8.830085236371,0.));
#473 = CIRCLE('',#474,0.304);
#474 = AXIS2_PLACEMENT_3D('',#475,#476,#477);
#475 = CARTESIAN_POINT('',(6.741058684279,9.074058820318,0.));
#476 = DIRECTION('',(0.,-0.,-1.));
#477 = DIRECTION('',(0.770980221732,-0.636859087788,0.));
#478 = ORIENTED_EDGE('',*,*,#479,.T.);
#479 = EDGE_CURVE('',#471,#480,#482,.T.);
#480 = VERTEX_POINT('',#481);
#481 = CARTESIAN_POINT('',(6.370852959484,8.967286800846,0.));
#482 = CIRCLE('',#483,11.000000000026);
#483 = AXIS2_PLACEMENT_3D('',#484,#485,#486);
#484 = CARTESIAN_POINT('',(-1.55076E-11,-2.128342E-11,0.));
#485 = DIRECTION('',(0.,-0.,1.));
#486 = DIRECTION('',(0.596335882935,0.802735021488,0.));
#487 = ORIENTED_EDGE('',*,*,#488,.T.);
#488 = EDGE_CURVE('',#480,#489,#491,.T.);
#489 = VERTEX_POINT('',#490);
#490 = CARTESIAN_POINT('',(6.29008171521,9.377891166476,0.));
#491 = CIRCLE('',#492,0.304);
#492 = AXIS2_PLACEMENT_3D('',#493,#494,#495);
#493 = CARTESIAN_POINT('',(6.546856126615,9.215155486162,0.));
#494 = DIRECTION('',(0.,0.,-1.));
#495 = DIRECTION('',(-0.578957786615,-0.815357517484,-0.));
#496 = ORIENTED_EDGE('',*,*,#497,.T.);
#497 = EDGE_CURVE('',#489,#498,#500,.T.);
#498 = VERTEX_POINT('',#499);
#499 = CARTESIAN_POINT('',(6.448134030963,9.748002132272,0.));
#500 = B_SPLINE_CURVE_WITH_KNOTS('',3,(#501,#502,#503,#504),
  .UNSPECIFIED.,.F.,.F.,(4,4),(0.,1.),.PIECEWISE_BEZIER_KNOTS.);
#501 = CARTESIAN_POINT('',(6.29008171521,9.377891166476,0.));
#502 = CARTESIAN_POINT('',(6.312611566109,9.415697065013,0.));
#503 = CARTESIAN_POINT('',(6.376733817384,9.53248979009,0.));
#504 = CARTESIAN_POINT('',(6.448134030963,9.748002132272,0.));
#505 = ORIENTED_EDGE('',*,*,#506,.T.);
#506 = EDGE_CURVE('',#498,#507,#509,.T.);
#507 = VERTEX_POINT('',#508);
#508 = CARTESIAN_POINT('',(6.653886220481,10.935563053298,0.));
#509 = B_SPLINE_CURVE_WITH_KNOTS('',3,(#510,#511,#512,#513),
  .UNSPECIFIED.,.F.,.F.,(4,4),(0.,1.),.PIECEWISE_BEZIER_KNOTS.);
#510 = CARTESIAN_POINT('',(6.448134030963,9.748002132272,0.));
#511 = CARTESIAN_POINT('',(6.532946839251,10.005919364033,0.));
#512 = CARTESIAN_POINT('',(6.624391740504,10.397394044761,0.));
#513 = CARTESIAN_POINT('',(6.653886220481,10.935563053298,0.));
#514 = ORIENTED_EDGE('',*,*,#515,.T.);
#515 = EDGE_CURVE('',#507,#516,#518,.T.);
#516 = VERTEX_POINT('',#517);
#517 = CARTESIAN_POINT('',(6.142880597411,11.229649058005,0.));
#518 = CIRCLE('',#519,12.799999999987);
#519 = AXIS2_PLACEMENT_3D('',#520,#521,#522);
#520 = CARTESIAN_POINT('',(1.544123215753E-02,-8.432932477264E-03,0.));
#521 = DIRECTION('',(0.,-0.,1.));
#522 = DIRECTION('',(0.518628514713,0.85499968639,0.));
#523 = ORIENTED_EDGE('',*,*,#524,.T.);
#524 = EDGE_CURVE('',#516,#525,#527,.T.);
#525 = VERTEX_POINT('',#526);
#526 = CARTESIAN_POINT('',(5.217950467211,10.458248943957,0.));
#527 = B_SPLINE_CURVE_WITH_KNOTS('',3,(#528,#529,#530,#531),
  .UNSPECIFIED.,.F.,.F.,(4,4),(0.,1.),.PIECEWISE_BEZIER_KNOTS.);
#528 = CARTESIAN_POINT('',(6.142880597411,11.229649058005,0.));
#529 = CARTESIAN_POINT('',(5.692211505668,10.935588554276,0.));
#530 = CARTESIAN_POINT('',(5.398906937846,10.660657606381,0.));
#531 = CARTESIAN_POINT('',(5.217950467211,10.458248943957,0.));
#532 = ORIENTED_EDGE('',*,*,#533,.T.);
#533 = EDGE_CURVE('',#525,#534,#536,.T.);
#534 = VERTEX_POINT('',#535);
#535 = CARTESIAN_POINT('',(4.976656509293,10.136669271241,0.));
#536 = B_SPLINE_CURVE_WITH_KNOTS('',3,(#537,#538,#539,#540),
  .UNSPECIFIED.,.F.,.F.,(4,4),(0.,1.),.PIECEWISE_BEZIER_KNOTS.);
#537 = CARTESIAN_POINT('',(5.217950467211,10.458248943957,0.));
#538 = CARTESIAN_POINT('',(5.067011410842,10.288658374071,0.));
#539 = CARTESIAN_POINT('',(4.997927069585,10.174730512981,0.));
#540 = CARTESIAN_POINT('',(4.976656509293,10.136669271241,0.));
#541 = ORIENTED_EDGE('',*,*,#542,.T.);
#542 = EDGE_CURVE('',#534,#543,#545,.T.);
#543 = VERTEX_POINT('',#544);
#544 = CARTESIAN_POINT('',(4.580471692812,10.000963907112,0.));
#545 = CIRCLE('',#546,0.304);
#546 = AXIS2_PLACEMENT_3D('',#547,#548,#549);
#547 = CARTESIAN_POINT('',(4.707147466521,10.277313772961,0.));
#548 = DIRECTION('',(0.,-0.,-1.));
#549 = DIRECTION('',(0.886542903855,-0.462646387238,0.));
#550 = ORIENTED_EDGE('',*,*,#551,.T.);
#551 = EDGE_CURVE('',#543,#552,#554,.T.);
#552 = VERTEX_POINT('',#553);
#553 = CARTESIAN_POINT('',(4.367230776135,10.095904880097,0.));
#554 = CIRCLE('',#555,10.999999999993);
#555 = AXIS2_PLACEMENT_3D('',#556,#557,#558);
#556 = CARTESIAN_POINT('',(3.03313E-12,6.79723E-12,0.));
#557 = DIRECTION('',(0.,-0.,1.));
#558 = DIRECTION('',(0.416406517528,0.90917853701,0.));
#559 = ORIENTED_EDGE('',*,*,#560,.T.);
#560 = EDGE_CURVE('',#552,#561,#563,.T.);
#561 = VERTEX_POINT('',#562);
#562 = CARTESIAN_POINT('',(4.202855129425,10.480743269222,0.));
#563 = CIRCLE('',#564,0.304);
#564 = AXIS2_PLACEMENT_3D('',#565,#566,#567);
#565 = CARTESIAN_POINT('',(4.487853054321,10.374950156003,0.));
#566 = DIRECTION('',(0.,0.,-1.));
#567 = DIRECTION('',(-0.396783809823,-0.917912091795,-0.));
#568 = ORIENTED_EDGE('',*,*,#569,.T.);
#569 = EDGE_CURVE('',#561,#570,#572,.T.);
#570 = VERTEX_POINT('',#571);
#571 = CARTESIAN_POINT('',(4.28050322618,10.875627346627,0.));
#572 = B_SPLINE_CURVE_WITH_KNOTS('',3,(#573,#574,#575,#576),
  .UNSPECIFIED.,.F.,.F.,(4,4),(0.,1.),.PIECEWISE_BEZIER_KNOTS.);
#573 = CARTESIAN_POINT('',(4.202855129425,10.480743269222,0.));
#574 = CARTESIAN_POINT('',(4.21703236074,10.522407237564,0.));
#575 = CARTESIAN_POINT('',(4.255470814031,10.649979527063,0.));
#576 = CARTESIAN_POINT('',(4.28050322618,10.875627346627,0.));
#577 = ORIENTED_EDGE('',*,*,#578,.T.);
#578 = EDGE_CURVE('',#570,#579,#581,.T.);
#579 = VERTEX_POINT('',#580);
#580 = CARTESIAN_POINT('',(4.234851437664,12.080015497866,0.));
#581 = B_SPLINE_CURVE_WITH_KNOTS('',3,(#582,#583,#584,#585),
  .UNSPECIFIED.,.F.,.F.,(4,4),(0.,1.),.PIECEWISE_BEZIER_KNOTS.);
#582 = CARTESIAN_POINT('',(4.28050322618,10.875627346627,0.));
#583 = CARTESIAN_POINT('',(4.309838663372,11.145542042436,0.));
#584 = CARTESIAN_POINT('',(4.31789311135,11.547474526174,0.));
#585 = CARTESIAN_POINT('',(4.234851437664,12.080015497866,0.));
#586 = ORIENTED_EDGE('',*,*,#587,.T.);
#587 = EDGE_CURVE('',#579,#588,#590,.T.);
#588 = VERTEX_POINT('',#589);
#589 = CARTESIAN_POINT('',(3.673868595012,12.26143097467,0.));
#590 = CIRCLE('',#591,12.79999999999);
#591 = AXIS2_PLACEMENT_3D('',#592,#593,#594);
#592 = CARTESIAN_POINT('',(1.685710943622E-02,-5.038239986379E-03,0.));
#593 = DIRECTION('',(0.,-0.,1.));
#594 = DIRECTION('',(0.329530806893,0.94414482327,0.));
#595 = ORIENTED_EDGE('',*,*,#596,.T.);
#596 = EDGE_CURVE('',#588,#597,#599,.T.);
#597 = VERTEX_POINT('',#598);
#598 = CARTESIAN_POINT('',(2.929533509319,11.314584016649,0.));
#599 = B_SPLINE_CURVE_WITH_KNOTS('',3,(#600,#601,#602,#603),
  .UNSPECIFIED.,.F.,.F.,(4,4),(0.,1.),.PIECEWISE_BEZIER_KNOTS.);
#600 = CARTESIAN_POINT('',(3.673868595012,12.26143097467,0.));
#601 = CARTESIAN_POINT('',(3.294186320732,11.880097025613,0.));
#602 = CARTESIAN_POINT('',(3.064452519667,11.550192529941,0.));
#603 = CARTESIAN_POINT('',(2.929533509319,11.314584016649,0.));
#604 = ORIENTED_EDGE('',*,*,#605,.T.);
#605 = EDGE_CURVE('',#597,#606,#608,.T.);
#606 = VERTEX_POINT('',#607);
#607 = CARTESIAN_POINT('',(2.760372576797,10.949863796563,0.));
#608 = B_SPLINE_CURVE_WITH_KNOTS('',3,(#609,#610,#611,#612),
  .UNSPECIFIED.,.F.,.F.,(4,4),(0.,1.),.PIECEWISE_BEZIER_KNOTS.);
#609 = CARTESIAN_POINT('',(2.929533509319,11.314584016649,0.));
#610 = CARTESIAN_POINT('',(2.817152695606,11.117317413188,0.));
#611 = CARTESIAN_POINT('',(2.773264947188,10.991515707007,0.));
#612 = CARTESIAN_POINT('',(2.760372576797,10.949863796563,0.));
#613 = ORIENTED_EDGE('',*,*,#614,.T.);
#614 = EDGE_CURVE('',#606,#615,#617,.T.);
#615 = VERTEX_POINT('',#616);
#616 = CARTESIAN_POINT('',(2.401060080818,10.734752465162,0.));
#617 = CIRCLE('',#618,0.304);
#618 = AXIS2_PLACEMENT_3D('',#619,#620,#621);
#619 = CARTESIAN_POINT('',(2.467511317077,11.031400797704,0.));
#620 = DIRECTION('',(0.,0.,-1.));
#621 = DIRECTION('',(0.963359406975,-0.268213819542,0.));
#622 = ORIENTED_EDGE('',*,*,#623,.T.);
#623 = EDGE_CURVE('',#615,#624,#626,.T.);
#624 = VERTEX_POINT('',#625);
#625 = CARTESIAN_POINT('',(2.172739651571,10.783283470562,0.));
#626 = CIRCLE('',#627,10.999999999971);
#627 = AXIS2_PLACEMENT_3D('',#628,#629,#630);
#628 = CARTESIAN_POINT('',(5.98832E-12,2.804779E-11,0.));
#629 = DIRECTION('',(0.,-0.,1.));
#630 = DIRECTION('',(0.218278189165,0.975886587742,0.));
#631 = ORIENTED_EDGE('',*,*,#632,.T.);
#632 = EDGE_CURVE('',#624,#633,#635,.T.);
#633 = VERTEX_POINT('',#634);
#634 = CARTESIAN_POINT('',(1.931943606948,11.125536598918,0.));
#635 = CIRCLE('',#636,0.304);
#636 = AXIS2_PLACEMENT_3D('',#637,#638,#639);
#637 = CARTESIAN_POINT('',(2.232709268446,11.081309719493,0.));
#638 = DIRECTION('',(0.,0.,-1.));
#639 = DIRECTION('',(-0.197268476561,-0.980349503063,-0.));
#640 = ORIENTED_EDGE('',*,*,#641,.T.);
#641 = EDGE_CURVE('',#633,#642,#644,.T.);
#642 = VERTEX_POINT('',#643);
#643 = CARTESIAN_POINT('',(1.92579389028,11.527935458884,0.));
#644 = B_SPLINE_CURVE_WITH_KNOTS('',3,(#645,#646,#647,#648),
  .UNSPECIFIED.,.F.,.F.,(4,4),(0.,1.),.PIECEWISE_BEZIER_KNOTS.);
#645 = CARTESIAN_POINT('',(1.931943606948,11.125536598918,0.));
#646 = CARTESIAN_POINT('',(1.937148605639,11.169237721722,0.));
#647 = CARTESIAN_POINT('',(1.948223316091,11.302014054432,0.));
#648 = CARTESIAN_POINT('',(1.92579389028,11.527935458884,0.));
#649 = ORIENTED_EDGE('',*,*,#650,.T.);
#650 = EDGE_CURVE('',#642,#651,#653,.T.);
#651 = VERTEX_POINT('',#652);
#652 = CARTESIAN_POINT('',(1.630733325949,12.696513298831,0.));
#653 = B_SPLINE_CURVE_WITH_KNOTS('',3,(#654,#655,#656,#657),
  .UNSPECIFIED.,.F.,.F.,(4,4),(0.,1.),.PIECEWISE_BEZIER_KNOTS.);
#654 = CARTESIAN_POINT('',(1.92579389028,11.527935458884,0.));
#655 = CARTESIAN_POINT('',(1.898369857004,11.79805105134,0.));
#656 = CARTESIAN_POINT('',(1.82268183368,12.192874959863,0.));
#657 = CARTESIAN_POINT('',(1.630733325949,12.696513298831,0.));
#658 = ORIENTED_EDGE('',*,*,#659,.T.);
#659 = EDGE_CURVE('',#651,#660,#662,.T.);
#660 = VERTEX_POINT('',#661);
#661 = CARTESIAN_POINT('',(1.044290905833,12.757329520867,0.));
#662 = CIRCLE('',#663,12.800000000006);
#663 = AXIS2_PLACEMENT_3D('',#664,#665,#666);
#664 = CARTESIAN_POINT('',(1.753625014297E-02,-1.423352246102E-03,0.));
#665 = DIRECTION('',(0.,-0.,1.));
#666 = DIRECTION('',(0.126031021547,0.992026300865,0.));
#667 = ORIENTED_EDGE('',*,*,#668,.T.);
#668 = EDGE_CURVE('',#660,#669,#671,.T.);
#669 = VERTEX_POINT('',#670);
#670 = CARTESIAN_POINT('',(0.513081879609,11.676417474416,0.));
#671 = B_SPLINE_CURVE_WITH_KNOTS('',3,(#672,#673,#674,#675),
  .UNSPECIFIED.,.F.,.F.,(4,4),(0.,1.),.PIECEWISE_BEZIER_KNOTS.);
#672 = CARTESIAN_POINT('',(1.044290905833,12.757329520867,0.));
#673 = CARTESIAN_POINT('',(0.75218938632,12.305388249901,0.));
#674 = CARTESIAN_POINT('',(0.596066821504,11.93492861597,0.));
#675 = CARTESIAN_POINT('',(0.513081879609,11.676417474416,0.));
#676 = ORIENTED_EDGE('',*,*,#677,.T.);
#677 = EDGE_CURVE('',#669,#678,#680,.T.);
#678 = VERTEX_POINT('',#679);
#679 = CARTESIAN_POINT('',(0.423447116958,11.284496730699,0.));
#680 = B_SPLINE_CURVE_WITH_KNOTS('',3,(#681,#682,#683,#684),
  .UNSPECIFIED.,.F.,.F.,(4,4),(0.,1.),.PIECEWISE_BEZIER_KNOTS.);
#681 = CARTESIAN_POINT('',(0.513081879609,11.676417474416,0.));
#682 = CARTESIAN_POINT('',(0.444170889375,11.460096334541,0.));
#683 = CARTESIAN_POINT('',(0.427397838998,11.327918921492,0.));
#684 = CARTESIAN_POINT('',(0.423447116958,11.284496730699,0.));
#685 = ORIENTED_EDGE('',*,*,#686,.T.);
#686 = EDGE_CURVE('',#678,#687,#689,.T.);
#687 = VERTEX_POINT('',#688);
#688 = CARTESIAN_POINT('',(0.116710621728,10.999380829427,0.));
#689 = CIRCLE('',#690,0.304);
#690 = AXIS2_PLACEMENT_3D('',#691,#692,#693);
#691 = CARTESIAN_POINT('',(0.120033082643,11.303362673052,0.));
#692 = DIRECTION('',(0.,0.,-1.));
#693 = DIRECTION('',(0.998072481298,-6.205902089949E-02,0.));
#694 = ORIENTED_EDGE('',*,*,#695,.T.);
#695 = EDGE_CURVE('',#687,#696,#698,.T.);
#696 = VERTEX_POINT('',#697);
#697 = CARTESIAN_POINT('',(-0.116710621728,10.999380829427,0.));
#698 = CIRCLE('',#699,10.999999999999);
#699 = AXIS2_PLACEMENT_3D('',#700,#701,#702);
#700 = CARTESIAN_POINT('',(2.44E-15,1.4726E-12,0.));
#701 = DIRECTION('',(0.,-0.,1.));
#702 = DIRECTION('',(1.061005652073E-02,0.999943711766,0.));
#703 = ORIENTED_EDGE('',*,*,#704,.T.);
#704 = EDGE_CURVE('',#696,#705,#707,.T.);
#705 = VERTEX_POINT('',#706);
#706 = CARTESIAN_POINT('',(-0.423403121647,11.284090592993,0.));
#707 = CIRCLE('',#708,0.304);
#708 = AXIS2_PLACEMENT_3D('',#709,#710,#711);
#709 = CARTESIAN_POINT('',(-0.120014626189,11.303362874217,0.));
#710 = DIRECTION('',(0.,0.,-1.));
#711 = DIRECTION('',(1.086843572563E-02,-0.999940936808,0.));
#712 = ORIENTED_EDGE('',*,*,#713,.T.);
#713 = EDGE_CURVE('',#705,#714,#716,.T.);
#714 = VERTEX_POINT('',#715);
#715 = CARTESIAN_POINT('',(-0.513081879609,11.676417474416,0.));
#716 = B_SPLINE_CURVE_WITH_KNOTS('',3,(#717,#718,#719,#720),
  .UNSPECIFIED.,.F.,.F.,(4,4),(0.,1.),.PIECEWISE_BEZIER_KNOTS.);
#717 = CARTESIAN_POINT('',(-0.423403121647,11.284090592993,0.));
#718 = CARTESIAN_POINT('',(-0.427397838998,11.327918921492,0.));
#719 = CARTESIAN_POINT('',(-0.444170889375,11.460096334541,0.));
#720 = CARTESIAN_POINT('',(-0.513081879609,11.676417474416,0.));
#721 = ORIENTED_EDGE('',*,*,#722,.T.);
#722 = EDGE_CURVE('',#714,#723,#725,.T.);
#723 = VERTEX_POINT('',#724);
#724 = CARTESIAN_POINT('',(-1.044655657237,12.758112544008,0.));
#725 = B_SPLINE_CURVE_WITH_KNOTS('',3,(#726,#727,#728,#729),
  .UNSPECIFIED.,.F.,.F.,(4,4),(0.,1.),.PIECEWISE_BEZIER_KNOTS.);
#726 = CARTESIAN_POINT('',(-0.513081879609,11.676417474416,0.));
#727 = CARTESIAN_POINT('',(-0.596066821504,11.93492861597,0.));
#728 = CARTESIAN_POINT('',(-0.75218938632,12.305388249901,0.));
#729 = CARTESIAN_POINT('',(-1.044655657237,12.758112544008,0.));
#730 = ORIENTED_EDGE('',*,*,#731,.T.);
#731 = EDGE_CURVE('',#723,#732,#734,.T.);
#732 = VERTEX_POINT('',#733);
#733 = CARTESIAN_POINT('',(-1.630927306994,12.695671550544,0.));
#734 = CIRCLE('',#735,12.800000000007);
#735 = AXIS2_PLACEMENT_3D('',#736,#737,#738);
#736 = CARTESIAN_POINT('',(1.744897257535E-02,2.253742832732E-03,0.));
#737 = DIRECTION('',(0.,0.,1.));
#738 = DIRECTION('',(-8.297692420402E-02,0.996551468841,0.));
#739 = ORIENTED_EDGE('',*,*,#740,.T.);
#740 = EDGE_CURVE('',#732,#741,#743,.T.);
#741 = VERTEX_POINT('',#742);
#742 = CARTESIAN_POINT('',(-1.92579389028,11.527935458884,0.));
#743 = B_SPLINE_CURVE_WITH_KNOTS('',3,(#744,#745,#746,#747),
  .UNSPECIFIED.,.F.,.F.,(4,4),(0.,1.),.PIECEWISE_BEZIER_KNOTS.);
#744 = CARTESIAN_POINT('',(-1.630927306994,12.695671550544,0.));
#745 = CARTESIAN_POINT('',(-1.82268183368,12.192874959863,0.));
#746 = CARTESIAN_POINT('',(-1.898369857004,11.79805105134,0.));
#747 = CARTESIAN_POINT('',(-1.92579389028,11.527935458884,0.));
#748 = ORIENTED_EDGE('',*,*,#749,.T.);
#749 = EDGE_CURVE('',#741,#750,#752,.T.);
#750 = VERTEX_POINT('',#751);
#751 = CARTESIAN_POINT('',(-1.931985013817,11.12594300868,0.));
#752 = B_SPLINE_CURVE_WITH_KNOTS('',3,(#753,#754,#755,#756),
  .UNSPECIFIED.,.F.,.F.,(4,4),(0.,1.),.PIECEWISE_BEZIER_KNOTS.);
#753 = CARTESIAN_POINT('',(-1.92579389028,11.527935458884,0.));
#754 = CARTESIAN_POINT('',(-1.948223316091,11.302014054432,0.));
#755 = CARTESIAN_POINT('',(-1.937148605639,11.169237721722,0.));
#756 = CARTESIAN_POINT('',(-1.931985013817,11.12594300868,0.));
#757 = ORIENTED_EDGE('',*,*,#758,.T.);
#758 = EDGE_CURVE('',#750,#759,#761,.T.);
#759 = VERTEX_POINT('',#760);
#760 = CARTESIAN_POINT('',(-2.172739651571,10.783283470562,0.));
#761 = CIRCLE('',#762,0.304);
#762 = AXIS2_PLACEMENT_3D('',#763,#764,#765);
#763 = CARTESIAN_POINT('',(-2.232691173484,11.081313360036,0.));
#764 = DIRECTION('',(0.,0.,-1.));
#765 = DIRECTION('',(0.989164998906,0.146808054749,0.));
#766 = ORIENTED_EDGE('',*,*,#767,.T.);
#767 = EDGE_CURVE('',#759,#768,#770,.T.);
#768 = VERTEX_POINT('',#769);
#769 = CARTESIAN_POINT('',(-2.401060080818,10.734752465162,0.));
#770 = CIRCLE('',#771,11.00000000003);
#771 = AXIS2_PLACEMENT_3D('',#772,#773,#774);
#772 = CARTESIAN_POINT('',(6.16662E-12,-2.952305E-11,0.));
#773 = DIRECTION('',(0.,0.,1.));
#774 = DIRECTION('',(-0.197521786507,0.980298497324,0.));
#775 = ORIENTED_EDGE('',*,*,#776,.T.);
#776 = EDGE_CURVE('',#768,#777,#779,.T.);
#777 = VERTEX_POINT('',#778);
#778 = CARTESIAN_POINT('',(-2.760245102112,10.949475681079,0.));
#779 = CIRCLE('',#780,0.304);
#780 = AXIS2_PLACEMENT_3D('',#781,#782,#783);
#781 = CARTESIAN_POINT('',(-2.467493305764,11.031404831785,0.));
#782 = DIRECTION('',(0.,0.,-1.));
#783 = DIRECTION('',(0.218530345218,-0.975830153366,0.));
#784 = ORIENTED_EDGE('',*,*,#785,.T.);
#785 = EDGE_CURVE('',#777,#786,#788,.T.);
#786 = VERTEX_POINT('',#787);
#787 = CARTESIAN_POINT('',(-2.929533509319,11.314584016649,0.));
#788 = B_SPLINE_CURVE_WITH_KNOTS('',3,(#789,#790,#791,#792),
  .UNSPECIFIED.,.F.,.F.,(4,4),(0.,1.),.PIECEWISE_BEZIER_KNOTS.);
#789 = CARTESIAN_POINT('',(-2.760245102112,10.949475681079,0.));
#790 = CARTESIAN_POINT('',(-2.773264947188,10.991515707007,0.));
#791 = CARTESIAN_POINT('',(-2.817152695606,11.117317413188,0.));
#792 = CARTESIAN_POINT('',(-2.929533509319,11.314584016649,0.));
#793 = ORIENTED_EDGE('',*,*,#794,.T.);
#794 = EDGE_CURVE('',#786,#795,#797,.T.);
#795 = VERTEX_POINT('',#796);
#796 = CARTESIAN_POINT('',(-3.674388175387,12.262121050794,0.));
#797 = B_SPLINE_CURVE_WITH_KNOTS('',3,(#798,#799,#800,#801),
  .UNSPECIFIED.,.F.,.F.,(4,4),(0.,1.),.PIECEWISE_BEZIER_KNOTS.);
#798 = CARTESIAN_POINT('',(-2.929533509319,11.314584016649,0.));
#799 = CARTESIAN_POINT('',(-3.064452519667,11.550192529941,0.));
#800 = CARTESIAN_POINT('',(-3.294186320732,11.880097025613,0.));
#801 = CARTESIAN_POINT('',(-3.674388175387,12.262121050794,0.));
#802 = ORIENTED_EDGE('',*,*,#803,.T.);
#803 = EDGE_CURVE('',#795,#804,#806,.T.);
#804 = VERTEX_POINT('',#805);
#805 = CARTESIAN_POINT('',(-4.234866170448,12.079151812871,0.));
#806 = CIRCLE('',#807,12.799999999997);
#807 = AXIS2_PLACEMENT_3D('',#808,#809,#810);
#808 = CARTESIAN_POINT('',(1.659909117375E-02,5.832338545115E-03,0.));
#809 = DIRECTION('',(0.,0.,1.));
#810 = DIRECTION('',(-0.2883583802,0.957522555645,0.));
#811 = ORIENTED_EDGE('',*,*,#812,.T.);
#812 = EDGE_CURVE('',#804,#813,#815,.T.);
#813 = VERTEX_POINT('',#814);
#814 = CARTESIAN_POINT('',(-4.28050322618,10.875627346627,0.));
#815 = B_SPLINE_CURVE_WITH_KNOTS('',3,(#816,#817,#818,#819),
  .UNSPECIFIED.,.F.,.F.,(4,4),(0.,1.),.PIECEWISE_BEZIER_KNOTS.);
#816 = CARTESIAN_POINT('',(-4.234866170448,12.079151812871,0.));
#817 = CARTESIAN_POINT('',(-4.31789311135,11.547474526174,0.));
#818 = CARTESIAN_POINT('',(-4.309838663372,11.145542042436,0.));
#819 = CARTESIAN_POINT('',(-4.28050322618,10.875627346627,0.));
#820 = ORIENTED_EDGE('',*,*,#821,.T.);
#821 = EDGE_CURVE('',#813,#822,#824,.T.);
#822 = VERTEX_POINT('',#823);
#823 = CARTESIAN_POINT('',(-4.202980128795,10.481132188984,0.));
#824 = B_SPLINE_CURVE_WITH_KNOTS('',3,(#825,#826,#827,#828),
  .UNSPECIFIED.,.F.,.F.,(4,4),(0.,1.),.PIECEWISE_BEZIER_KNOTS.);
#825 = CARTESIAN_POINT('',(-4.28050322618,10.875627346627,0.));
#826 = CARTESIAN_POINT('',(-4.255470814031,10.649979527063,0.));
#827 = CARTESIAN_POINT('',(-4.21703236074,10.522407237564,0.));
#828 = CARTESIAN_POINT('',(-4.202980128795,10.481132188984,0.));
#829 = ORIENTED_EDGE('',*,*,#830,.T.);
#830 = EDGE_CURVE('',#822,#831,#833,.T.);
#831 = VERTEX_POINT('',#832);
#832 = CARTESIAN_POINT('',(-4.367230776135,10.095904880097,0.));
#833 = CIRCLE('',#834,0.304);
#834 = AXIS2_PLACEMENT_3D('',#835,#836,#837);
#835 = CARTESIAN_POINT('',(-4.48783611169,10.374957479146,0.));
#836 = DIRECTION('',(0.,0.,-1.));
#837 = DIRECTION('',(0.937026259521,0.349258913941,0.));
#838 = ORIENTED_EDGE('',*,*,#839,.T.);
#839 = EDGE_CURVE('',#831,#840,#842,.T.);
#840 = VERTEX_POINT('',#841);
#841 = CARTESIAN_POINT('',(-4.580471692812,10.000963907112,0.));
#842 = CIRCLE('',#843,10.999999999981);
#843 = AXIS2_PLACEMENT_3D('',#844,#845,#846);
#844 = CARTESIAN_POINT('',(-7.72982E-12,1.712142E-11,0.));
#845 = DIRECTION('',(0.,0.,1.));
#846 = DIRECTION('',(-0.397020979649,0.917809534554,0.));
#847 = ORIENTED_EDGE('',*,*,#848,.T.);
#848 = EDGE_CURVE('',#840,#849,#851,.T.);
#849 = VERTEX_POINT('',#850);
#850 = CARTESIAN_POINT('',(-4.976451126489,10.13631614049,0.));
#851 = CIRCLE('',#852,0.304);
#852 = AXIS2_PLACEMENT_3D('',#853,#854,#855);
#853 = CARTESIAN_POINT('',(-4.707130687532,10.277321463651,0.));
#854 = DIRECTION('',(0.,-0.,-1.));
#855 = DIRECTION('',(0.41664143,-0.90907090967,0.));
#856 = ORIENTED_EDGE('',*,*,#857,.T.);
#857 = EDGE_CURVE('',#849,#858,#860,.T.);
#858 = VERTEX_POINT('',#859);
#859 = CARTESIAN_POINT('',(-5.217950467211,10.458248943957,0.));
#860 = B_SPLINE_CURVE_WITH_KNOTS('',3,(#861,#862,#863,#864),
  .UNSPECIFIED.,.F.,.F.,(4,4),(0.,1.),.PIECEWISE_BEZIER_KNOTS.);
#861 = CARTESIAN_POINT('',(-4.976451126489,10.13631614049,0.));
#862 = CARTESIAN_POINT('',(-4.997927069585,10.174730512981,0.));
#863 = CARTESIAN_POINT('',(-5.067011410842,10.288658374071,0.));
#864 = CARTESIAN_POINT('',(-5.217950467211,10.458248943957,0.));
#865 = ORIENTED_EDGE('',*,*,#866,.T.);
#866 = EDGE_CURVE('',#858,#867,#869,.T.);
#867 = VERTEX_POINT('',#868);
#868 = CARTESIAN_POINT('',(-6.143532298602,11.230216027477,0.));
#869 = B_SPLINE_CURVE_WITH_KNOTS('',3,(#870,#871,#872,#873),
  .UNSPECIFIED.,.F.,.F.,(4,4),(0.,1.),.PIECEWISE_BEZIER_KNOTS.);
#870 = CARTESIAN_POINT('',(-5.217950467211,10.458248943957,0.));
#871 = CARTESIAN_POINT('',(-5.398906937846,10.660657606381,0.));
#872 = CARTESIAN_POINT('',(-5.692211505668,10.935588554276,0.));
#873 = CARTESIAN_POINT('',(-6.143532298602,11.230216027477,0.));
#874 = ORIENTED_EDGE('',*,*,#875,.T.);
#875 = EDGE_CURVE('',#867,#876,#878,.T.);
#876 = VERTEX_POINT('',#877);
#877 = CARTESIAN_POINT('',(-6.653721061111,10.934715178775,0.));
#878 = CIRCLE('',#879,12.800000000012);
#879 = AXIS2_PLACEMENT_3D('',#880,#881,#882);
#880 = CARTESIAN_POINT('',(1.502374984524E-02,9.156033053438E-03,0.));
#881 = DIRECTION('',(0.,0.,1.));
#882 = DIRECTION('',(-0.481137191284,0.876645312063,0.));
#883 = ORIENTED_EDGE('',*,*,#884,.T.);
#884 = EDGE_CURVE('',#876,#885,#887,.T.);
#885 = VERTEX_POINT('',#886);
#886 = CARTESIAN_POINT('',(-6.448134030963,9.748002132272,0.));
#887 = B_SPLINE_CURVE_WITH_KNOTS('',3,(#888,#889,#890,#891),
  .UNSPECIFIED.,.F.,.F.,(4,4),(0.,1.),.PIECEWISE_BEZIER_KNOTS.);
#888 = CARTESIAN_POINT('',(-6.653721061111,10.934715178775,0.));
#889 = CARTESIAN_POINT('',(-6.624391740504,10.397394044761,0.));
#890 = CARTESIAN_POINT('',(-6.532946839251,10.005919364033,0.));
#891 = CARTESIAN_POINT('',(-6.448134030963,9.748002132272,0.));
#892 = ORIENTED_EDGE('',*,*,#893,.T.);
#893 = EDGE_CURVE('',#885,#894,#896,.T.);
#894 = VERTEX_POINT('',#895);
#895 = CARTESIAN_POINT('',(-6.290284844009,9.378245598577,0.));
#896 = B_SPLINE_CURVE_WITH_KNOTS('',3,(#897,#898,#899,#900),
  .UNSPECIFIED.,.F.,.F.,(4,4),(0.,1.),.PIECEWISE_BEZIER_KNOTS.);
#897 = CARTESIAN_POINT('',(-6.448134030963,9.748002132272,0.));
#898 = CARTESIAN_POINT('',(-6.376733817384,9.53248979009,0.));
#899 = CARTESIAN_POINT('',(-6.312611566109,9.415697065013,0.));
#900 = CARTESIAN_POINT('',(-6.290284844009,9.378245598577,0.));
#901 = ORIENTED_EDGE('',*,*,#902,.T.);
#902 = EDGE_CURVE('',#894,#903,#905,.T.);
#903 = VERTEX_POINT('',#904);
#904 = CARTESIAN_POINT('',(-6.370852959484,8.967286800846,0.));
#905 = CIRCLE('',#906,0.304);
#906 = AXIS2_PLACEMENT_3D('',#907,#908,#909);
#907 = CARTESIAN_POINT('',(-6.546841076788,9.215166171848,0.));
#908 = DIRECTION('',(0.,0.,-1.));
#909 = DIRECTION('',(0.843934976245,0.536445482664,0.));
#910 = ORIENTED_EDGE('',*,*,#911,.T.);
#911 = EDGE_CURVE('',#903,#912,#914,.T.);
#912 = VERTEX_POINT('',#913);
#913 = CARTESIAN_POINT('',(-6.559694712288,8.830085236371,0.));
#914 = CIRCLE('',#915,10.999999999944);
#915 = AXIS2_PLACEMENT_3D('',#916,#917,#918);
#916 = CARTESIAN_POINT('',(-3.294964E-11,4.537704E-11,0.));
#917 = DIRECTION('',(0.,0.,1.));
#918 = DIRECTION('',(-0.579168450862,0.815207890986,0.));
#919 = ORIENTED_EDGE('',*,*,#920,.T.);
#920 = EDGE_CURVE('',#912,#921,#923,.T.);
#921 = VERTEX_POINT('',#922);
#922 = CARTESIAN_POINT('',(-6.975162356977,8.880150945119,0.));
#923 = CIRCLE('',#924,0.304);
#924 = AXIS2_PLACEMENT_3D('',#925,#926,#927);
#925 = CARTESIAN_POINT('',(-6.741043870935,9.074069831495,0.));
#926 = DIRECTION('',(0.,-0.,-1.));
#927 = DIRECTION('',(0.596543285024,-0.802580905014,0.));
#928 = ORIENTED_EDGE('',*,*,#929,.T.);
#929 = EDGE_CURVE('',#921,#930,#932,.T.);
#930 = VERTEX_POINT('',#931);
#931 = CARTESIAN_POINT('',(-7.278317951181,9.144838208167,0.));
#932 = B_SPLINE_CURVE_WITH_KNOTS('',3,(#933,#934,#935,#936),
  .UNSPECIFIED.,.F.,.F.,(4,4),(0.,1.),.PIECEWISE_BEZIER_KNOTS.);
#933 = CARTESIAN_POINT('',(-6.975162356977,8.880150945119,0.));
#934 = CARTESIAN_POINT('',(-7.004155796326,8.913260771764,0.));
#935 = CARTESIAN_POINT('',(-7.095417413205,9.010335593546,0.));
#936 = CARTESIAN_POINT('',(-7.278317951181,9.144838208167,0.));
#937 = ORIENTED_EDGE('',*,*,#938,.T.);
#938 = EDGE_CURVE('',#930,#939,#941,.T.);
#939 = VERTEX_POINT('',#940);
#940 = CARTESIAN_POINT('',(-8.34417458043,9.707496675203,0.));
#941 = B_SPLINE_CURVE_WITH_KNOTS('',3,(#942,#943,#944,#945),
  .UNSPECIFIED.,.F.,.F.,(4,4),(0.,1.),.PIECEWISE_BEZIER_KNOTS.);
#942 = CARTESIAN_POINT('',(-7.278317951181,9.144838208167,0.));
#943 = CARTESIAN_POINT('',(-7.497403216011,9.305200789911,0.));
#944 = CARTESIAN_POINT('',(-7.841459733546,9.513142388342,0.));
#945 = CARTESIAN_POINT('',(-8.34417458043,9.707496675203,0.));
#946 = ORIENTED_EDGE('',*,*,#947,.T.);
#947 = EDGE_CURVE('',#939,#948,#950,.T.);
#948 = VERTEX_POINT('',#949);
#949 = CARTESIAN_POINT('',(-8.781776413307,9.312379020781,0.));
#950 = CIRCLE('',#951,12.800000000004);
#951 = AXIS2_PLACEMENT_3D('',#952,#953,#954);
#952 = CARTESIAN_POINT('',(1.279179854608E-02,1.207956500257E-02,0.));
#953 = DIRECTION('',(0.,0.,1.));
#954 = DIRECTION('',(-0.652887998357,0.757454461734,0.));
#955 = ORIENTED_EDGE('',*,*,#956,.T.);
#956 = EDGE_CURVE('',#948,#957,#959,.T.);
#957 = VERTEX_POINT('',#958);
#958 = CARTESIAN_POINT('',(-8.333950437012,8.194342448633,0.));
#959 = B_SPLINE_CURVE_WITH_KNOTS('',3,(#960,#961,#962,#963),
  .UNSPECIFIED.,.F.,.F.,(4,4),(0.,1.),.PIECEWISE_BEZIER_KNOTS.);
#960 = CARTESIAN_POINT('',(-8.781776413307,9.312379020781,0.));
#961 = CARTESIAN_POINT('',(-8.641372663239,8.79289755136,0.));
#962 = CARTESIAN_POINT('',(-8.470533889697,8.428989995694,0.));
#963 = CARTESIAN_POINT('',(-8.333950437012,8.194342448633,0.));
#964 = ORIENTED_EDGE('',*,*,#965,.T.);
#965 = EDGE_CURVE('',#957,#966,#968,.T.);
#966 = VERTEX_POINT('',#967);
#967 = CARTESIAN_POINT('',(-8.102673927404,7.865484673698,0.));
#968 = B_SPLINE_CURVE_WITH_KNOTS('',3,(#969,#970,#971,#972),
  .UNSPECIFIED.,.F.,.F.,(4,4),(0.,1.),.PIECEWISE_BEZIER_KNOTS.);
#969 = CARTESIAN_POINT('',(-8.333950437012,8.194342448633,0.));
#970 = CARTESIAN_POINT('',(-8.219302953953,7.998384507329,0.));
#971 = CARTESIAN_POINT('',(-8.132299354769,7.897475749193,0.));
#972 = CARTESIAN_POINT('',(-8.102673927404,7.865484673698,0.));
#973 = ORIENTED_EDGE('',*,*,#974,.T.);
#974 = EDGE_CURVE('',#966,#975,#977,.T.);
#975 = VERTEX_POINT('',#976);
#976 = CARTESIAN_POINT('',(-8.096038297759,7.446755258582,0.));
#977 = CIRCLE('',#978,0.304);
#978 = AXIS2_PLACEMENT_3D('',#979,#980,#981);
#979 = CARTESIAN_POINT('',(-8.319717671601,7.652627883566,0.));
#980 = DIRECTION('',(0.,0.,-1.));
#981 = DIRECTION('',(0.713959684857,0.700186809644,0.));
#982 = ORIENTED_EDGE('',*,*,#983,.T.);
#983 = EDGE_CURVE('',#975,#984,#986,.T.);
#984 = VERTEX_POINT('',#985);
#985 = CARTESIAN_POINT('',(-8.25222759593,7.273289469351,0.));
#986 = CIRCLE('',#987,10.999999999926);
#987 = AXIS2_PLACEMENT_3D('',#988,#989,#990);
#988 = CARTESIAN_POINT('',(-5.477396E-11,4.923173E-11,0.));
#989 = DIRECTION('',(0.,0.,1.));
#990 = DIRECTION('',(-0.736003481614,0.67697775078,0.));
#991 = ORIENTED_EDGE('',*,*,#992,.T.);
#992 = EDGE_CURVE('',#984,#993,#995,.T.);
#993 = VERTEX_POINT('',#994);
#994 = CARTESIAN_POINT('',(-8.669025521922,7.235880541755,0.));
#995 = CIRCLE('',#996,0.304);
#996 = AXIS2_PLACEMENT_3D('',#997,#998,#999);
#997 = CARTESIAN_POINT('',(-8.480341090061,7.474237805485,0.));
#998 = DIRECTION('',(0.,-0.,-1.));
#999 = DIRECTION('',(0.750373335959,-0.661014263599,0.));
#1000 = ORIENTED_EDGE('',*,*,#1001,.T.);
#1001 = EDGE_CURVE('',#993,#1002,#1004,.T.);
#1002 = VERTEX_POINT('',#1003);
#1003 = CARTESIAN_POINT('',(-9.020588015441,7.431754160878,0.));
#1004 = B_SPLINE_CURVE_WITH_KNOTS('',3,(#1005,#1006,#1007,#1008),
  .UNSPECIFIED.,.F.,.F.,(4,4),(0.,1.),.PIECEWISE_BEZIER_KNOTS.);
#1005 = CARTESIAN_POINT('',(-8.669025521922,7.235880541755,0.));
#1006 = CARTESIAN_POINT('',(-8.704269305099,7.26223876425,0.));
#1007 = CARTESIAN_POINT('',(-8.813719627021,7.338217911196,0.));
#1008 = CARTESIAN_POINT('',(-9.020588015441,7.431754160878,0.));
#1009 = ORIENTED_EDGE('',*,*,#1010,.T.);
#1010 = EDGE_CURVE('',#1002,#1011,#1013,.T.);
#1011 = VERTEX_POINT('',#1012);
#1012 = CARTESIAN_POINT('',(-10.1801363933,7.760513136485,0.));
#1013 = B_SPLINE_CURVE_WITH_KNOTS('',3,(#1014,#1015,#1016,#1017),
  .UNSPECIFIED.,.F.,.F.,(4,4),(0.,1.),.PIECEWISE_BEZIER_KNOTS.);
#1014 = CARTESIAN_POINT('',(-9.020588015441,7.431754160878,0.));
#1015 = CARTESIAN_POINT('',(-9.268226997104,7.543062047614,0.));
#1016 = CARTESIAN_POINT('',(-9.647998543569,7.674926250915,0.));
#1017 = CARTESIAN_POINT('',(-10.1801363933,7.760513136485,0.));
#1018 = ORIENTED_EDGE('',*,*,#1019,.T.);
#1019 = EDGE_CURVE('',#1011,#1020,#1022,.T.);
#1020 = VERTEX_POINT('',#1021);
#1021 = CARTESIAN_POINT('',(-10.5260259966,7.283047213826,0.));
#1022 = CIRCLE('',#1023,12.8);
#1023 = AXIS2_PLACEMENT_3D('',#1024,#1025,#1026);
#1024 = CARTESIAN_POINT('',(1.000078426996E-02,1.447516199164E-02,0.));
#1025 = DIRECTION('',(0.,0.,1.));
#1026 = DIRECTION('',(-0.796104466998,0.605159216757,0.));
#1027 = ORIENTED_EDGE('',*,*,#1028,.T.);
#1028 = EDGE_CURVE('',#1020,#1029,#1031,.T.);
#1029 = VERTEX_POINT('',#1030);
#1030 = CARTESIAN_POINT('',(-9.855533218233,6.282550679171,0.));
#1031 = B_SPLINE_CURVE_WITH_KNOTS('',3,(#1032,#1033,#1034,#1035),
  .UNSPECIFIED.,.F.,.F.,(4,4),(0.,1.),.PIECEWISE_BEZIER_KNOTS.);
#1032 = CARTESIAN_POINT('',(-10.5260259966,7.283047213826,0.));
#1033 = CARTESIAN_POINT('',(-10.28068413468,6.80410924196,0.));
#1034 = CARTESIAN_POINT('',(-10.03791796303,6.483673317761,0.));
#1035 = CARTESIAN_POINT('',(-9.855533218233,6.282550679171,0.));
#1036 = ORIENTED_EDGE('',*,*,#1037,.T.);
#1037 = EDGE_CURVE('',#1029,#1038,#1040,.T.);
#1038 = VERTEX_POINT('',#1039);
#1039 = CARTESIAN_POINT('',(-9.560937279228,6.008964325794,0.));
#1040 = B_SPLINE_CURVE_WITH_KNOTS('',3,(#1041,#1042,#1043,#1044),
  .UNSPECIFIED.,.F.,.F.,(4,4),(0.,1.),.PIECEWISE_BEZIER_KNOTS.);
#1041 = CARTESIAN_POINT('',(-9.855533218233,6.282550679171,0.));
#1042 = CARTESIAN_POINT('',(-9.702649110842,6.114711441091,0.));
#1043 = CARTESIAN_POINT('',(-9.596566638524,6.034096846841,0.));
#1044 = CARTESIAN_POINT('',(-9.560937279228,6.008964325794,0.));
#1045 = ORIENTED_EDGE('',*,*,#1046,.T.);
#1046 = EDGE_CURVE('',#1038,#1047,#1049,.T.);
#1047 = VERTEX_POINT('',#1048);
#1048 = CARTESIAN_POINT('',(-9.46738791332,5.600764778022,0.));
#1049 = CIRCLE('',#1050,0.304);
#1050 = AXIS2_PLACEMENT_3D('',#1051,#1052,#1053);
#1051 = CARTESIAN_POINT('',(-9.72898268173,5.75563303539,0.));
#1052 = DIRECTION('',(0.,0.,-1.));
#1053 = DIRECTION('',(0.552780929282,0.833326613173,0.));
#1054 = ORIENTED_EDGE('',*,*,#1055,.T.);
#1055 = EDGE_CURVE('',#1047,#1056,#1058,.T.);
#1056 = VERTEX_POINT('',#1057);
#1057 = CARTESIAN_POINT('',(-9.584098535048,5.398616051406,0.));
#1058 = CIRCLE('',#1059,10.999999999995);
#1059 = AXIS2_PLACEMENT_3D('',#1060,#1061,#1062);
#1060 = CARTESIAN_POINT('',(-4.27303E-12,2.42961E-12,0.));
#1061 = DIRECTION('',(0.,0.,1.));
#1062 = DIRECTION('',(-0.860671628484,0.509160434366,0.));
#1063 = ORIENTED_EDGE('',*,*,#1064,.T.);
#1064 = EDGE_CURVE('',#1056,#1065,#1067,.T.);
#1065 = VERTEX_POINT('',#1066);
#1066 = CARTESIAN_POINT('',(-9.98401067296,5.275367437109,0.));
#1067 = CIRCLE('',#1068,0.304);
#1068 = AXIS2_PLACEMENT_3D('',#1069,#1070,#1071);
#1069 = CARTESIAN_POINT('',(-9.84900671036,5.547745722004,0.));
#1070 = DIRECTION('',(0.,-0.,-1.));
#1071 = DIRECTION('',(0.871408471423,-0.490558126966,0.));
#1072 = ORIENTED_EDGE('',*,*,#1073,.T.);
#1073 = EDGE_CURVE('',#1065,#1074,#1076,.T.);
#1074 = VERTEX_POINT('',#1075);
#1075 = CARTESIAN_POINT('',(-10.36861509784,5.393866795245,0.));
#1076 = B_SPLINE_CURVE_WITH_KNOTS('',3,(#1077,#1078,#1079,#1080),
  .UNSPECIFIED.,.F.,.F.,(4,4),(0.,1.),.PIECEWISE_BEZIER_KNOTS.);
#1077 = CARTESIAN_POINT('',(-9.98401067296,5.275367437109,0.));
#1078 = CARTESIAN_POINT('',(-10.02396447752,5.293822074651,0.));
#1079 = CARTESIAN_POINT('',(-10.14682000021,5.345384893451,0.));
#1080 = CARTESIAN_POINT('',(-10.36861509784,5.393866795245,0.));
#1081 = ORIENTED_EDGE('',*,*,#1082,.T.);
#1082 = EDGE_CURVE('',#1074,#1083,#1085,.T.);
#1083 = VERTEX_POINT('',#1084);
#1084 = CARTESIAN_POINT('',(-11.57117739607,5.47435793463,0.));
#1085 = B_SPLINE_CURVE_WITH_KNOTS('',3,(#1086,#1087,#1088,#1089),
  .UNSPECIFIED.,.F.,.F.,(4,4),(0.,1.),.PIECEWISE_BEZIER_KNOTS.);
#1086 = CARTESIAN_POINT('',(-10.36861509784,5.393866795245,0.));
#1087 = CARTESIAN_POINT('',(-10.63398478453,5.451255298209,0.));
#1088 = CARTESIAN_POINT('',(-11.032873521,5.50127900794,0.));
#1089 = CARTESIAN_POINT('',(-11.57117739607,5.47435793463,0.));
#1090 = ORIENTED_EDGE('',*,*,#1091,.T.);
#1091 = EDGE_CURVE('',#1083,#1092,#1094,.T.);
#1092 = VERTEX_POINT('',#1093);
#1093 = CARTESIAN_POINT('',(-11.81023773437,4.93541129569,0.));
#1094 = CIRCLE('',#1095,12.800000000008);
#1095 = AXIS2_PLACEMENT_3D('',#1096,#1097,#1098);
#1096 = CARTESIAN_POINT('',(6.772687741666E-03,1.623812493627E-02,0.));
#1097 = DIRECTION('',(0.,0.,1.));
#1098 = DIRECTION('',(-0.904527350297,0.426415610132,0.));
#1099 = ORIENTED_EDGE('',*,*,#1100,.T.);
#1100 = EDGE_CURVE('',#1092,#1101,#1103,.T.);
#1101 = VERTEX_POINT('',#1102);
#1102 = CARTESIAN_POINT('',(-10.94638190572,4.096181298006,0.));
#1103 = B_SPLINE_CURVE_WITH_KNOTS('',3,(#1104,#1105,#1106,#1107),
  .UNSPECIFIED.,.F.,.F.,(4,4),(0.,1.),.PIECEWISE_BEZIER_KNOTS.);
#1104 = CARTESIAN_POINT('',(-11.81023773437,4.93541129569,0.));
#1105 = CARTESIAN_POINT('',(-11.47068037724,4.517948708948,0.));
#1106 = CARTESIAN_POINT('',(-11.1665968541,4.254989003726,0.));
#1107 = CARTESIAN_POINT('',(-10.94638190572,4.096181298006,0.));
#1108 = ORIENTED_EDGE('',*,*,#1109,.T.);
#1109 = EDGE_CURVE('',#1101,#1110,#1112,.T.);
#1110 = VERTEX_POINT('',#1111);
#1111 = CARTESIAN_POINT('',(-10.60134179348,3.889823402644,0.));
#1112 = B_SPLINE_CURVE_WITH_KNOTS('',3,(#1113,#1114,#1115,#1116),
  .UNSPECIFIED.,.F.,.F.,(4,4),(0.,1.),.PIECEWISE_BEZIER_KNOTS.);
#1113 = CARTESIAN_POINT('',(-10.94638190572,4.096181298006,0.));
#1114 = CARTESIAN_POINT('',(-10.76194294311,3.963796143236,0.));
#1115 = CARTESIAN_POINT('',(-10.64141791073,3.906998957472,0.));
#1116 = CARTESIAN_POINT('',(-10.60134179348,3.889823402644,0.));
#1117 = ORIENTED_EDGE('',*,*,#1118,.T.);
#1118 = EDGE_CURVE('',#1110,#1119,#1121,.T.);
#1119 = VERTEX_POINT('',#1120);
#1120 = CARTESIAN_POINT('',(-10.4249672475,3.50999400121,0.));
#1121 = CIRCLE('',#1122,0.304);
#1122 = AXIS2_PLACEMENT_3D('',#1123,#1124,#1125);
#1123 = CARTESIAN_POINT('',(-10.71304446383,3.607089404976,0.));
#1124 = DIRECTION('',(0.,0.,-1.));
#1125 = DIRECTION('',(0.36744299456,0.930046044961,0.));
#1126 = ORIENTED_EDGE('',*,*,#1127,.T.);
#1127 = EDGE_CURVE('',#1119,#1128,#1130,.T.);
#1128 = VERTEX_POINT('',#1129);
#1129 = CARTESIAN_POINT('',(-10.49709837857,3.28799720658,0.));
#1130 = CIRCLE('',#1131,11.00000000002);
#1131 = AXIS2_PLACEMENT_3D('',#1132,#1133,#1134);
#1132 = CARTESIAN_POINT('',(1.896705E-11,-6.10978E-12,0.));
#1133 = DIRECTION('',(0.,0.,1.));
#1134 = DIRECTION('',(-0.947724295227,0.319090363746,0.));
#1135 = ORIENTED_EDGE('',*,*,#1136,.T.);
#1136 = EDGE_CURVE('',#1128,#1137,#1139,.T.);
#1137 = VERTEX_POINT('',#1138);
#1138 = CARTESIAN_POINT('',(-10.86264664899,3.084295461439,0.));
#1139 = CIRCLE('',#1140,0.304);
#1140 = AXIS2_PLACEMENT_3D('',#1141,#1142,#1143);
#1141 = CARTESIAN_POINT('',(-10.78722347663,3.378790529433,0.));
#1142 = DIRECTION('',(0.,0.,-1.));
#1143 = DIRECTION('',(0.954358875203,-0.298662246226,0.));
#1144 = ORIENTED_EDGE('',*,*,#1145,.T.);
#1145 = EDGE_CURVE('',#1137,#1146,#1148,.T.);
#1146 = VERTEX_POINT('',#1147);
#1147 = CARTESIAN_POINT('',(-11.26348394633,3.120241568016,0.));
#1148 = B_SPLINE_CURVE_WITH_KNOTS('',3,(#1149,#1150,#1151,#1152),
  .UNSPECIFIED.,.F.,.F.,(4,4),(0.,1.),.PIECEWISE_BEZIER_KNOTS.);
#1149 = CARTESIAN_POINT('',(-10.86264664899,3.084295461439,0.));
#1150 = CARTESIAN_POINT('',(-10.90556430195,3.094039957813,0.));
#1151 = CARTESIAN_POINT('',(-11.03645564955,3.118932905859,0.));
#1152 = CARTESIAN_POINT('',(-11.26348394633,3.120241568016,0.));
#1153 = ORIENTED_EDGE('',*,*,#1154,.T.);
#1154 = EDGE_CURVE('',#1146,#1155,#1157,.T.);
#1155 = VERTEX_POINT('',#1156);
#1156 = CARTESIAN_POINT('',(-12.45650242196,2.948947022147,0.));
#1157 = B_SPLINE_CURVE_WITH_KNOTS('',3,(#1158,#1159,#1160,#1161),
  .UNSPECIFIED.,.F.,.F.,(4,4),(0.,1.),.PIECEWISE_BEZIER_KNOTS.);
#1158 = CARTESIAN_POINT('',(-11.26348394633,3.120241568016,0.));
#1159 = CARTESIAN_POINT('',(-11.53498640936,3.121202534248,0.));
#1160 = CARTESIAN_POINT('',(-11.93555898397,3.087199474254,0.));
#1161 = CARTESIAN_POINT('',(-12.45650242196,2.948947022147,0.));
#1162 = ORIENTED_EDGE('',*,*,#1163,.T.);
#1163 = EDGE_CURVE('',#1155,#1164,#1166,.T.);
#1164 = VERTEX_POINT('',#1165);
#1165 = CARTESIAN_POINT('',(-12.57828541133,2.372074221201,0.));
#1166 = CIRCLE('',#1167,12.800000000004);
#1167 = AXIS2_PLACEMENT_3D('',#1168,#1169,#1170);
#1168 = CARTESIAN_POINT('',(3.248592250219E-03,1.729140390735E-02,0.));
#1169 = DIRECTION('',(0.,0.,1.));
#1170 = DIRECTION('',(-0.973418047985,0.229035595175,0.));
#1171 = ORIENTED_EDGE('',*,*,#1172,.T.);
#1172 = EDGE_CURVE('',#1164,#1173,#1175,.T.);
#1173 = VERTEX_POINT('',#1174);
#1174 = CARTESIAN_POINT('',(-11.55882117736,1.73078913846,0.));
#1175 = B_SPLINE_CURVE_WITH_KNOTS('',3,(#1176,#1177,#1178,#1179),
  .UNSPECIFIED.,.F.,.F.,(4,4),(0.,1.),.PIECEWISE_BEZIER_KNOTS.);
#1176 = CARTESIAN_POINT('',(-12.57828541133,2.372074221201,0.));
#1177 = CARTESIAN_POINT('',(-12.15935284489,2.034332137832,0.));
#1178 = CARTESIAN_POINT('',(-11.80724187938,1.840341252525,0.));
#1179 = CARTESIAN_POINT('',(-11.55882117736,1.73078913846,0.));
#1180 = ORIENTED_EDGE('',*,*,#1181,.T.);
#1181 = EDGE_CURVE('',#1173,#1182,#1184,.T.);
#1182 = VERTEX_POINT('',#1183);
#1183 = CARTESIAN_POINT('',(-11.17841680048,1.600678531354,0.));
#1184 = B_SPLINE_CURVE_WITH_KNOTS('',3,(#1185,#1186,#1187,#1188),
  .UNSPECIFIED.,.F.,.F.,(4,4),(0.,1.),.PIECEWISE_BEZIER_KNOTS.);
#1185 = CARTESIAN_POINT('',(-11.55882117736,1.73078913846,0.));
#1186 = CARTESIAN_POINT('',(-11.35088822723,1.639643933517,0.));
#1187 = CARTESIAN_POINT('',(-11.22118815706,1.609146465801,0.));
#1188 = CARTESIAN_POINT('',(-11.17841680048,1.600678531354,0.));
#1189 = ORIENTED_EDGE('',*,*,#1190,.T.);
#1190 = EDGE_CURVE('',#1182,#1191,#1193,.T.);
#1191 = VERTEX_POINT('',#1192);
#1192 = CARTESIAN_POINT('',(-10.92692548842,1.265819643726,0.));
#1193 = CIRCLE('',#1194,0.304);
#1194 = AXIS2_PLACEMENT_3D('',#1195,#1196,#1197);
#1195 = CARTESIAN_POINT('',(-11.22889479596,1.300898658828,0.));
#1196 = DIRECTION('',(0.,0.,-1.));
#1197 = DIRECTION('',(0.166046037789,0.986118001729,0.));
#1198 = ORIENTED_EDGE('',*,*,#1199,.T.);
#1199 = EDGE_CURVE('',#1191,#1200,#1202,.T.);
#1200 = VERTEX_POINT('',#1201);
#1201 = CARTESIAN_POINT('',(-10.95132465229,1.033677106265,0.));
#1202 = CIRCLE('',#1203,10.999999999973);
#1203 = AXIS2_PLACEMENT_3D('',#1204,#1205,#1206);
#1204 = CARTESIAN_POINT('',(-2.659029E-11,2.66309E-12,0.));
#1205 = DIRECTION('',(0.,0.,1.));
#1206 = DIRECTION('',(-0.993356862584,0.115074513066,0.));
#1207 = ORIENTED_EDGE('',*,*,#1208,.T.);
#1208 = EDGE_CURVE('',#1200,#1209,#1211,.T.);
#1209 = VERTEX_POINT('',#1210);
#1210 = CARTESIAN_POINT('',(-11.26653284169,0.758424974013,0.));
#1211 = CIRCLE('',#1212,0.304);
#1212 = AXIS2_PLACEMENT_3D('',#1213,#1214,#1215);
#1213 = CARTESIAN_POINT('',(-11.25398681414,1.06216597749,0.));
#1214 = DIRECTION('',(0.,0.,-1.));
#1215 = DIRECTION('',(0.995599216615,-9.371339218545E-02,0.));
#1216 = ORIENTED_EDGE('',*,*,#1217,.T.);
#1217 = EDGE_CURVE('',#1209,#1218,#1220,.T.);
#1218 = VERTEX_POINT('',#1219);
#1219 = CARTESIAN_POINT('',(-11.66608449817,0.710246811685,0.));
#1220 = B_SPLINE_CURVE_WITH_KNOTS('',3,(#1221,#1222,#1223,#1224),
  .UNSPECIFIED.,.F.,.F.,(4,4),(0.,1.),.PIECEWISE_BEZIER_KNOTS.);
#1221 = CARTESIAN_POINT('',(-11.26653284169,0.758424974013,0.));
#1222 = CARTESIAN_POINT('',(-11.31053863569,0.759033447968,0.));
#1223 = CARTESIAN_POINT('',(-11.44374522822,0.756168583981,0.));
#1224 = CARTESIAN_POINT('',(-11.66608449817,0.710246811685,0.));
#1225 = ORIENTED_EDGE('',*,*,#1226,.T.);
#1226 = EDGE_CURVE('',#1218,#1227,#1229,.T.);
#1227 = VERTEX_POINT('',#1228);
#1228 = CARTESIAN_POINT('',(-12.79741851908,0.294652974179,0.));
#1229 = B_SPLINE_CURVE_WITH_KNOTS('',3,(#1230,#1231,#1232,#1233),
  .UNSPECIFIED.,.F.,.F.,(4,4),(0.,1.),.PIECEWISE_BEZIER_KNOTS.);
#1230 = CARTESIAN_POINT('',(-11.66608449817,0.710246811685,0.));
#1231 = CARTESIAN_POINT('',(-11.93185377709,0.654738242348,0.));
#1232 = CARTESIAN_POINT('',(-12.31660324617,0.538194509515,0.));
#1233 = CARTESIAN_POINT('',(-12.79741851908,0.294652974179,0.));
#1234 = ORIENTED_EDGE('',*,*,#1235,.T.);
#1235 = EDGE_CURVE('',#1227,#1236,#1238,.T.);
#1236 = VERTEX_POINT('',#1237);
#1237 = CARTESIAN_POINT('',(-12.79660165852,-0.29493387923,0.));
#1238 = CIRCLE('',#1239,12.799999999997);
#1239 = AXIS2_PLACEMENT_3D('',#1240,#1241,#1242);
#1240 = CARTESIAN_POINT('',(-4.174823149024E-04,1.758896555279E-02,0.));
#1241 = DIRECTION('',(0.,0.,1.));
#1242 = DIRECTION('',(-0.999765705998,2.164562567391E-02,0.));
#1243 = ORIENTED_EDGE('',*,*,#1244,.T.);
#1244 = EDGE_CURVE('',#1236,#1245,#1247,.T.);
#1245 = VERTEX_POINT('',#1246);
#1246 = CARTESIAN_POINT('',(-11.66608449817,-0.710246811685,0.));
#1247 = B_SPLINE_CURVE_WITH_KNOTS('',3,(#1248,#1249,#1250,#1251),
  .UNSPECIFIED.,.F.,.F.,(4,4),(0.,1.),.PIECEWISE_BEZIER_KNOTS.);
#1248 = CARTESIAN_POINT('',(-12.79660165852,-0.29493387923,0.));
#1249 = CARTESIAN_POINT('',(-12.31660324617,-0.538194509515,0.));
#1250 = CARTESIAN_POINT('',(-11.93185377709,-0.654738242348,0.));
#1251 = CARTESIAN_POINT('',(-11.66608449817,-0.710246811685,0.));
#1252 = ORIENTED_EDGE('',*,*,#1253,.T.);
#1253 = EDGE_CURVE('',#1245,#1254,#1256,.T.);
#1254 = VERTEX_POINT('',#1255);
#1255 = CARTESIAN_POINT('',(-11.2669413533,-0.758423672663,0.));
#1256 = B_SPLINE_CURVE_WITH_KNOTS('',3,(#1257,#1258,#1259,#1260),
  .UNSPECIFIED.,.F.,.F.,(4,4),(0.,1.),.PIECEWISE_BEZIER_KNOTS.);
#1257 = CARTESIAN_POINT('',(-11.66608449817,-0.710246811685,0.));
#1258 = CARTESIAN_POINT('',(-11.44374522822,-0.756168583981,0.));
#1259 = CARTESIAN_POINT('',(-11.31053863569,-0.759033447968,0.));
#1260 = CARTESIAN_POINT('',(-11.2669413533,-0.758423672663,0.));
#1261 = ORIENTED_EDGE('',*,*,#1262,.T.);
#1262 = EDGE_CURVE('',#1254,#1263,#1265,.T.);
#1263 = VERTEX_POINT('',#1264);
#1264 = CARTESIAN_POINT('',(-10.95132465229,-1.033677106265,0.));
#1265 = CIRCLE('',#1266,0.304);
#1266 = AXIS2_PLACEMENT_3D('',#1267,#1268,#1269);
#1267 = CARTESIAN_POINT('',(-11.2539885433,-1.062147601114,0.));
#1268 = DIRECTION('',(0.,0.,-1.));
#1269 = DIRECTION('',(-4.26079276102E-02,0.999091869902,0.));
#1270 = ORIENTED_EDGE('',*,*,#1271,.T.);
#1271 = EDGE_CURVE('',#1263,#1272,#1274,.T.);
#1272 = VERTEX_POINT('',#1273);
#1273 = CARTESIAN_POINT('',(-10.92692548842,-1.265819643726,0.));
#1274 = CIRCLE('',#1275,11.000000000028);
#1275 = AXIS2_PLACEMENT_3D('',#1276,#1277,#1278);
#1276 = CARTESIAN_POINT('',(2.814282E-11,2.92821E-12,0.));
#1277 = DIRECTION('',(0.,0.,1.));
#1278 = DIRECTION('',(-0.995574968391,-9.397064602413E-02,0.));
#1279 = ORIENTED_EDGE('',*,*,#1280,.T.);
#1280 = EDGE_CURVE('',#1272,#1281,#1283,.T.);
#1281 = VERTEX_POINT('',#1282);
#1282 = CARTESIAN_POINT('',(-11.1780174864,-1.600592324104,0.));
#1283 = CIRCLE('',#1284,0.304);
#1284 = AXIS2_PLACEMENT_3D('',#1285,#1286,#1287);
#1285 = CARTESIAN_POINT('',(-11.22889692525,-1.300880324508,0.));
#1286 = DIRECTION('',(0.,0.,-1.));
#1287 = DIRECTION('',(0.993327094846,0.115331186781,0.));
#1288 = ORIENTED_EDGE('',*,*,#1289,.T.);
#1289 = EDGE_CURVE('',#1281,#1290,#1292,.T.);
#1290 = VERTEX_POINT('',#1291);
#1291 = CARTESIAN_POINT('',(-11.55882117736,-1.73078913846,0.));
#1292 = B_SPLINE_CURVE_WITH_KNOTS('',3,(#1293,#1294,#1295,#1296),
  .UNSPECIFIED.,.F.,.F.,(4,4),(0.,1.),.PIECEWISE_BEZIER_KNOTS.);
#1293 = CARTESIAN_POINT('',(-11.1780174864,-1.600592324104,0.));
#1294 = CARTESIAN_POINT('',(-11.22118815706,-1.609146465801,0.));
#1295 = CARTESIAN_POINT('',(-11.35088822723,-1.639643933517,0.));
#1296 = CARTESIAN_POINT('',(-11.55882117736,-1.73078913846,0.));
#1297 = ORIENTED_EDGE('',*,*,#1298,.T.);
#1298 = EDGE_CURVE('',#1290,#1299,#1301,.T.);
#1299 = VERTEX_POINT('',#1300);
#1300 = CARTESIAN_POINT('',(-12.57902601809,-2.372518822663,0.));
#1301 = B_SPLINE_CURVE_WITH_KNOTS('',3,(#1302,#1303,#1304,#1305),
  .UNSPECIFIED.,.F.,.F.,(4,4),(0.,1.),.PIECEWISE_BEZIER_KNOTS.);
#1302 = CARTESIAN_POINT('',(-11.55882117736,-1.73078913846,0.));
#1303 = CARTESIAN_POINT('',(-11.80724187938,-1.840341252525,0.));
#1304 = CARTESIAN_POINT('',(-12.15935284489,-2.034332137832,0.));
#1305 = CARTESIAN_POINT('',(-12.57902601809,-2.372518822663,0.));
#1306 = ORIENTED_EDGE('',*,*,#1307,.T.);
#1307 = EDGE_CURVE('',#1299,#1308,#1310,.T.);
#1308 = VERTEX_POINT('',#1309);
#1309 = CARTESIAN_POINT('',(-12.45564500831,-2.949051953889,0.));
#1310 = CIRCLE('',#1311,12.80000000001);
#1311 = AXIS2_PLACEMENT_3D('',#1312,#1313,#1314);
#1312 = CARTESIAN_POINT('',(-4.065310879988E-03,1.711780500355E-02,0.));
#1313 = DIRECTION('',(0.,0.,1.));
#1314 = DIRECTION('',(-0.98241880525,-0.186690361536,0.));
#1315 = ORIENTED_EDGE('',*,*,#1316,.T.);
#1316 = EDGE_CURVE('',#1308,#1317,#1319,.T.);
#1317 = VERTEX_POINT('',#1318);
#1318 = CARTESIAN_POINT('',(-11.26348394633,-3.120241568016,0.));
#1319 = B_SPLINE_CURVE_WITH_KNOTS('',3,(#1320,#1321,#1322,#1323),
  .UNSPECIFIED.,.F.,.F.,(4,4),(0.,1.),.PIECEWISE_BEZIER_KNOTS.);
#1320 = CARTESIAN_POINT('',(-12.45564500831,-2.949051953889,0.));
#1321 = CARTESIAN_POINT('',(-11.93555898397,-3.087199474254,0.));
#1322 = CARTESIAN_POINT('',(-11.53498640936,-3.121202534248,0.));
#1323 = CARTESIAN_POINT('',(-11.26348394633,-3.120241568016,0.));
#1324 = ORIENTED_EDGE('',*,*,#1325,.T.);
#1325 = EDGE_CURVE('',#1317,#1326,#1328,.T.);
#1326 = VERTEX_POINT('',#1327);
#1327 = CARTESIAN_POINT('',(-10.8630465042,-3.084379122865,0.));
#1328 = B_SPLINE_CURVE_WITH_KNOTS('',3,(#1329,#1330,#1331,#1332),
  .UNSPECIFIED.,.F.,.F.,(4,4),(0.,1.),.PIECEWISE_BEZIER_KNOTS.);
#1329 = CARTESIAN_POINT('',(-11.26348394633,-3.120241568016,0.));
#1330 = CARTESIAN_POINT('',(-11.03645564955,-3.118932905859,0.));
#1331 = CARTESIAN_POINT('',(-10.90556430195,-3.094039957813,0.));
#1332 = CARTESIAN_POINT('',(-10.8630465042,-3.084379122865,0.));
#1333 = ORIENTED_EDGE('',*,*,#1334,.T.);
#1334 = EDGE_CURVE('',#1326,#1335,#1337,.T.);
#1335 = VERTEX_POINT('',#1336);
#1336 = CARTESIAN_POINT('',(-10.49709837857,-3.28799720658,0.));
#1337 = CIRCLE('',#1338,0.304);
#1338 = AXIS2_PLACEMENT_3D('',#1339,#1340,#1341);
#1339 = CARTESIAN_POINT('',(-10.78722898867,-3.378772914138,0.));
#1340 = DIRECTION('',(0.,0.,-1.));
#1341 = DIRECTION('',(-0.249399722118,0.968400629186,0.));
#1342 = ORIENTED_EDGE('',*,*,#1343,.T.);
#1343 = EDGE_CURVE('',#1335,#1344,#1346,.T.);
#1344 = VERTEX_POINT('',#1345);
#1345 = CARTESIAN_POINT('',(-10.4249672475,-3.50999400121,0.));
#1346 = CIRCLE('',#1347,10.999999999984);
#1347 = AXIS2_PLACEMENT_3D('',#1348,#1349,#1350);
#1348 = CARTESIAN_POINT('',(-1.550493E-11,-5.0917E-12,0.));
#1349 = DIRECTION('',(0.,0.,1.));
#1350 = DIRECTION('',(-0.95428167078,-0.298908836962,0.));
#1351 = ORIENTED_EDGE('',*,*,#1352,.T.);
#1352 = EDGE_CURVE('',#1344,#1353,#1355,.T.);
#1353 = VERTEX_POINT('',#1354);
#1354 = CARTESIAN_POINT('',(-10.60096912887,-3.889656057163,0.));
#1355 = CIRCLE('',#1356,0.304);
#1356 = AXIS2_PLACEMENT_3D('',#1357,#1358,#1359);
#1357 = CARTESIAN_POINT('',(-10.7130503585,-3.607071914007,0.));
#1358 = DIRECTION('',(0.,0.,-1.));
#1359 = DIRECTION('',(0.94764181252,0.319335239464,0.));
#1360 = ORIENTED_EDGE('',*,*,#1361,.T.);
#1361 = EDGE_CURVE('',#1353,#1362,#1364,.T.);
#1362 = VERTEX_POINT('',#1363);
#1363 = CARTESIAN_POINT('',(-10.94638190572,-4.096181298006,0.));
#1364 = B_SPLINE_CURVE_WITH_KNOTS('',3,(#1365,#1366,#1367,#1368),
  .UNSPECIFIED.,.F.,.F.,(4,4),(0.,1.),.PIECEWISE_BEZIER_KNOTS.);
#1365 = CARTESIAN_POINT('',(-10.60096912887,-3.889656057163,0.));
#1366 = CARTESIAN_POINT('',(-10.64141791073,-3.906998957472,0.));
#1367 = CARTESIAN_POINT('',(-10.76194294311,-3.963796143236,0.));
#1368 = CARTESIAN_POINT('',(-10.94638190572,-4.096181298006,0.));
#1369 = ORIENTED_EDGE('',*,*,#1370,.T.);
#1370 = EDGE_CURVE('',#1362,#1371,#1373,.T.);
#1371 = VERTEX_POINT('',#1372);
#1372 = CARTESIAN_POINT('',(-11.81086971924,-4.936000162346,0.));
#1373 = B_SPLINE_CURVE_WITH_KNOTS('',3,(#1374,#1375,#1376,#1377),
  .UNSPECIFIED.,.F.,.F.,(4,4),(0.,1.),.PIECEWISE_BEZIER_KNOTS.);
#1374 = CARTESIAN_POINT('',(-10.94638190572,-4.096181298006,0.));
#1375 = CARTESIAN_POINT('',(-11.1665968541,-4.254989003726,0.));
#1376 = CARTESIAN_POINT('',(-11.47068037724,-4.517948708948,0.));
#1377 = CARTESIAN_POINT('',(-11.81086971924,-4.936000162346,0.));
#1378 = ORIENTED_EDGE('',*,*,#1379,.T.);
#1379 = EDGE_CURVE('',#1371,#1380,#1382,.T.);
#1380 = VERTEX_POINT('',#1381);
#1381 = CARTESIAN_POINT('',(-11.57031690243,-5.474282307041,0.));
#1382 = CIRCLE('',#1383,12.800000000015);
#1383 = AXIS2_PLACEMENT_3D('',#1384,#1385,#1386);
#1384 = CARTESIAN_POINT('',(-7.535465859566E-03,1.589851423765E-02,0.));
#1385 = DIRECTION('',(0.,0.,1.));
#1386 = DIRECTION('',(-0.922135488545,-0.386867084108,0.));
#1387 = ORIENTED_EDGE('',*,*,#1388,.T.);
#1388 = EDGE_CURVE('',#1380,#1389,#1391,.T.);
#1389 = VERTEX_POINT('',#1390);
#1390 = CARTESIAN_POINT('',(-10.36861509784,-5.393866795245,0.));
#1391 = B_SPLINE_CURVE_WITH_KNOTS('',3,(#1392,#1393,#1394,#1395),
  .UNSPECIFIED.,.F.,.F.,(4,4),(0.,1.),.PIECEWISE_BEZIER_KNOTS.);
#1392 = CARTESIAN_POINT('',(-11.57031690243,-5.474282307041,0.));
#1393 = CARTESIAN_POINT('',(-11.032873521,-5.50127900794,0.));
#1394 = CARTESIAN_POINT('',(-10.63398478453,-5.451255298209,0.));
#1395 = CARTESIAN_POINT('',(-10.36861509784,-5.393866795245,0.));
#1396 = ORIENTED_EDGE('',*,*,#1397,.T.);
#1397 = EDGE_CURVE('',#1389,#1398,#1400,.T.);
#1398 = VERTEX_POINT('',#1399);
#1399 = CARTESIAN_POINT('',(-9.984384396187,-5.275532404904,0.));
#1400 = B_SPLINE_CURVE_WITH_KNOTS('',3,(#1401,#1402,#1403,#1404),
  .UNSPECIFIED.,.F.,.F.,(4,4),(0.,1.),.PIECEWISE_BEZIER_KNOTS.);
#1401 = CARTESIAN_POINT('',(-10.36861509784,-5.393866795245,0.));
#1402 = CARTESIAN_POINT('',(-10.14682000021,-5.345384893451,0.));
#1403 = CARTESIAN_POINT('',(-10.02396447752,-5.293822074651,0.));
#1404 = CARTESIAN_POINT('',(-9.984384396187,-5.275532404904,0.));
#1405 = ORIENTED_EDGE('',*,*,#1406,.T.);
#1406 = EDGE_CURVE('',#1398,#1407,#1409,.T.);
#1407 = VERTEX_POINT('',#1408);
#1408 = CARTESIAN_POINT('',(-9.584098535048,-5.398616051406,0.));
#1409 = CIRCLE('',#1410,0.304);
#1410 = AXIS2_PLACEMENT_3D('',#1411,#1412,#1413);
#1411 = CARTESIAN_POINT('',(-9.849015764374,-5.547729637662,0.));
#1412 = DIRECTION('',(0.,0.,-1.));
#1413 = DIRECTION('',(-0.445291552016,0.895385634072,0.));
#1414 = ORIENTED_EDGE('',*,*,#1415,.T.);
#1415 = EDGE_CURVE('',#1407,#1416,#1418,.T.);
#1416 = VERTEX_POINT('',#1417);
#1417 = CARTESIAN_POINT('',(-9.46738791332,-5.600764778022,0.));
#1418 = CIRCLE('',#1419,10.999999999991);
#1419 = AXIS2_PLACEMENT_3D('',#1420,#1421,#1422);
#1420 = CARTESIAN_POINT('',(-7.68363E-12,-4.4138E-12,0.));
#1421 = DIRECTION('',(0.,0.,1.));
#1422 = DIRECTION('',(-0.871281685004,-0.490783277401,0.));
#1423 = ORIENTED_EDGE('',*,*,#1424,.T.);
#1424 = EDGE_CURVE('',#1416,#1425,#1427,.T.);
#1425 = VERTEX_POINT('',#1426);
#1426 = CARTESIAN_POINT('',(-9.560607551313,-6.008723155884,0.));
#1427 = CIRCLE('',#1428,0.304);
#1428 = AXIS2_PLACEMENT_3D('',#1429,#1430,#1431);
#1429 = CARTESIAN_POINT('',(-9.728992084172,-5.755617152214,0.));
#1430 = DIRECTION('',(0.,0.,-1.));
#1431 = DIRECTION('',(0.860540035697,0.509382809842,0.));
#1432 = ORIENTED_EDGE('',*,*,#1433,.T.);
#1433 = EDGE_CURVE('',#1425,#1434,#1436,.T.);
#1434 = VERTEX_POINT('',#1435);
#1435 = CARTESIAN_POINT('',(-9.855533218233,-6.282550679171,0.));
#1436 = B_SPLINE_CURVE_WITH_KNOTS('',3,(#1437,#1438,#1439,#1440),
  .UNSPECIFIED.,.F.,.F.,(4,4),(0.,1.),.PIECEWISE_BEZIER_KNOTS.);
#1437 = CARTESIAN_POINT('',(-9.560607551313,-6.008723155884,0.));
#1438 = CARTESIAN_POINT('',(-9.596566638524,-6.034096846841,0.));
#1439 = CARTESIAN_POINT('',(-9.702649110842,-6.114711441091,0.));
#1440 = CARTESIAN_POINT('',(-9.855533218233,-6.282550679171,0.));
#1441 = ORIENTED_EDGE('',*,*,#1442,.T.);
#1442 = EDGE_CURVE('',#1434,#1443,#1445,.T.);
#1443 = VERTEX_POINT('',#1444);
#1444 = CARTESIAN_POINT('',(-10.52652173883,-7.283754609378,0.));
#1445 = B_SPLINE_CURVE_WITH_KNOTS('',3,(#1446,#1447,#1448,#1449),
  .UNSPECIFIED.,.F.,.F.,(4,4),(0.,1.),.PIECEWISE_BEZIER_KNOTS.);
#1446 = CARTESIAN_POINT('',(-9.855533218233,-6.282550679171,0.));
#1447 = CARTESIAN_POINT('',(-10.03791796303,-6.483673317761,0.));
#1448 = CARTESIAN_POINT('',(-10.28068413468,-6.80410924196,0.));
#1449 = CARTESIAN_POINT('',(-10.52652173883,-7.283754609378,0.));
#1450 = ORIENTED_EDGE('',*,*,#1451,.T.);
#1451 = EDGE_CURVE('',#1443,#1452,#1454,.T.);
#1452 = VERTEX_POINT('',#1453);
#1453 = CARTESIAN_POINT('',(-10.17931042737,-7.760260254855,0.));
#1454 = CIRCLE('',#1455,12.800000000009);
#1455 = AXIS2_PLACEMENT_3D('',#1456,#1457,#1458);
#1456 = CARTESIAN_POINT('',(-1.06762848324E-02,1.398438210531E-02,0.));
#1457 = DIRECTION('',(0.,0.,1.));
#1458 = DIRECTION('',(-0.821550426093,-0.570135858709,0.));
#1459 = ORIENTED_EDGE('',*,*,#1460,.T.);
#1460 = EDGE_CURVE('',#1452,#1461,#1463,.T.);
#1461 = VERTEX_POINT('',#1462);
#1462 = CARTESIAN_POINT('',(-9.020588015441,-7.431754160878,0.));
#1463 = B_SPLINE_CURVE_WITH_KNOTS('',3,(#1464,#1465,#1466,#1467),
  .UNSPECIFIED.,.F.,.F.,(4,4),(0.,1.),.PIECEWISE_BEZIER_KNOTS.);
#1464 = CARTESIAN_POINT('',(-10.17931042737,-7.760260254855,0.));
#1465 = CARTESIAN_POINT('',(-9.647998543569,-7.674926250915,0.));
#1466 = CARTESIAN_POINT('',(-9.268226997104,-7.543062047614,0.));
#1467 = CARTESIAN_POINT('',(-9.020588015441,-7.431754160878,0.));
#1468 = ORIENTED_EDGE('',*,*,#1469,.T.);
#1469 = EDGE_CURVE('',#1461,#1470,#1472,.T.);
#1470 = VERTEX_POINT('',#1471);
#1471 = CARTESIAN_POINT('',(-8.669356779666,-7.236119606036,0.));
#1472 = B_SPLINE_CURVE_WITH_KNOTS('',3,(#1473,#1474,#1475,#1476),
  .UNSPECIFIED.,.F.,.F.,(4,4),(0.,1.),.PIECEWISE_BEZIER_KNOTS.);
#1473 = CARTESIAN_POINT('',(-9.020588015441,-7.431754160878,0.));
#1474 = CARTESIAN_POINT('',(-8.813719627021,-7.338217911196,0.));
#1475 = CARTESIAN_POINT('',(-8.704269305099,-7.26223876425,0.));
#1476 = CARTESIAN_POINT('',(-8.669356779666,-7.236119606036,0.));
#1477 = ORIENTED_EDGE('',*,*,#1478,.T.);
#1478 = EDGE_CURVE('',#1470,#1479,#1481,.T.);
#1479 = VERTEX_POINT('',#1480);
#1480 = CARTESIAN_POINT('',(-8.25222759593,-7.273289469351,0.));
#1481 = CIRCLE('',#1482,0.304);
#1482 = AXIS2_PLACEMENT_3D('',#1483,#1484,#1485);
#1483 = CARTESIAN_POINT('',(-8.480353290345,-7.474223955061,0.));
#1484 = DIRECTION('',(0.,0.,-1.));
#1485 = DIRECTION('',(-0.621722004346,0.783237990213,0.));
#1486 = ORIENTED_EDGE('',*,*,#1487,.T.);
#1487 = EDGE_CURVE('',#1479,#1488,#1490,.T.);
#1488 = VERTEX_POINT('',#1489);
#1489 = CARTESIAN_POINT('',(-8.096038297759,-7.446755258582,0.));
#1490 = CIRCLE('',#1491,11.000000000009);
#1491 = AXIS2_PLACEMENT_3D('',#1492,#1493,#1494);
#1492 = CARTESIAN_POINT('',(6.74749E-12,5.97522E-12,0.));
#1493 = DIRECTION('',(0.,0.,1.));
#1494 = DIRECTION('',(-0.750202508721,-0.661208133577,0.));
#1495 = ORIENTED_EDGE('',*,*,#1496,.T.);
#1496 = EDGE_CURVE('',#1488,#1497,#1499,.T.);
#1497 = VERTEX_POINT('',#1498);
#1498 = CARTESIAN_POINT('',(-8.102401546879,-7.86518021964,0.));
#1499 = CIRCLE('',#1500,0.304);
#1500 = AXIS2_PLACEMENT_3D('',#1501,#1502,#1503);
#1501 = CARTESIAN_POINT('',(-8.319730170874,-7.652614302353,0.));
#1502 = DIRECTION('',(0.,0.,-1.));
#1503 = DIRECTION('',(0.735828529985,0.67716790714,0.));
#1504 = ORIENTED_EDGE('',*,*,#1505,.T.);
#1505 = EDGE_CURVE('',#1497,#1506,#1508,.T.);
#1506 = VERTEX_POINT('',#1507);
#1507 = CARTESIAN_POINT('',(-8.333950437012,-8.194342448633,0.));
#1508 = B_SPLINE_CURVE_WITH_KNOTS('',3,(#1509,#1510,#1511,#1512),
  .UNSPECIFIED.,.F.,.F.,(4,4),(0.,1.),.PIECEWISE_BEZIER_KNOTS.);
#1509 = CARTESIAN_POINT('',(-8.102401546879,-7.86518021964,0.));
#1510 = CARTESIAN_POINT('',(-8.132299354769,-7.897475749193,0.));
#1511 = CARTESIAN_POINT('',(-8.219302953953,-7.998384507329,0.));
#1512 = CARTESIAN_POINT('',(-8.333950437012,-8.194342448633,0.));
#1513 = ORIENTED_EDGE('',*,*,#1514,.T.);
#1514 = EDGE_CURVE('',#1506,#1515,#1517,.T.);
#1515 = VERTEX_POINT('',#1516);
#1516 = CARTESIAN_POINT('',(-8.782114246574,-9.313174028647,0.));
#1517 = B_SPLINE_CURVE_WITH_KNOTS('',3,(#1518,#1519,#1520,#1521),
  .UNSPECIFIED.,.F.,.F.,(4,4),(0.,1.),.PIECEWISE_BEZIER_KNOTS.);
#1518 = CARTESIAN_POINT('',(-8.333950437012,-8.194342448633,0.));
#1519 = CARTESIAN_POINT('',(-8.470533889697,-8.428989995694,0.));
#1520 = CARTESIAN_POINT('',(-8.641372663239,-8.79289755136,0.));
#1521 = CARTESIAN_POINT('',(-8.782114246574,-9.313174028647,0.));
#1522 = ORIENTED_EDGE('',*,*,#1523,.T.);
#1523 = EDGE_CURVE('',#1515,#1524,#1526,.T.);
#1524 = VERTEX_POINT('',#1525);
#1525 = CARTESIAN_POINT('',(-8.343419240892,-9.707077591671,0.));
#1526 = CIRCLE('',#1527,12.800000000025);
#1527 = AXIS2_PLACEMENT_3D('',#1528,#1529,#1530);
#1528 = CARTESIAN_POINT('',(-1.335049891185E-02,1.145906538441E-02,0.));
#1529 = DIRECTION('',(0.,0.,1.));
#1530 = DIRECTION('',(-0.685059667785,-0.72848696047,0.));
#1531 = ORIENTED_EDGE('',*,*,#1532,.T.);
#1532 = EDGE_CURVE('',#1524,#1533,#1535,.T.);
#1533 = VERTEX_POINT('',#1534);
#1534 = CARTESIAN_POINT('',(-7.278317951181,-9.144838208167,0.));
#1535 = B_SPLINE_CURVE_WITH_KNOTS('',3,(#1536,#1537,#1538,#1539),
  .UNSPECIFIED.,.F.,.F.,(4,4),(0.,1.),.PIECEWISE_BEZIER_KNOTS.);
#1536 = CARTESIAN_POINT('',(-8.343419240892,-9.707077591671,0.));
#1537 = CARTESIAN_POINT('',(-7.841459733546,-9.513142388342,0.));
#1538 = CARTESIAN_POINT('',(-7.497403216011,-9.305200789911,0.));
#1539 = CARTESIAN_POINT('',(-7.278317951181,-9.144838208167,0.));
#1540 = ORIENTED_EDGE('',*,*,#1541,.T.);
#1541 = EDGE_CURVE('',#1533,#1542,#1544,.T.);
#1542 = VERTEX_POINT('',#1543);
#1543 = CARTESIAN_POINT('',(-6.975436671685,-8.88045365763,0.));
#1544 = B_SPLINE_CURVE_WITH_KNOTS('',3,(#1545,#1546,#1547,#1548),
  .UNSPECIFIED.,.F.,.F.,(4,4),(0.,1.),.PIECEWISE_BEZIER_KNOTS.);
#1545 = CARTESIAN_POINT('',(-7.278317951181,-9.144838208167,0.));
#1546 = CARTESIAN_POINT('',(-7.095417413205,-9.010335593546,0.));
#1547 = CARTESIAN_POINT('',(-7.004155796326,-8.913260771764,0.));
#1548 = CARTESIAN_POINT('',(-6.975436671685,-8.88045365763,0.));
#1549 = ORIENTED_EDGE('',*,*,#1550,.T.);
#1550 = EDGE_CURVE('',#1542,#1551,#1553,.T.);
#1551 = VERTEX_POINT('',#1552);
#1552 = CARTESIAN_POINT('',(-6.559694712288,-8.830085236371,0.));
#1553 = CIRCLE('',#1554,0.304);
#1554 = AXIS2_PLACEMENT_3D('',#1555,#1556,#1557);
#1555 = CARTESIAN_POINT('',(-6.741058684279,-9.074058820318,0.));
#1556 = DIRECTION('',(0.,0.,-1.));
#1557 = DIRECTION('',(-0.770980221732,0.636859087788,0.));
#1558 = ORIENTED_EDGE('',*,*,#1559,.T.);
#1559 = EDGE_CURVE('',#1551,#1560,#1562,.T.);
#1560 = VERTEX_POINT('',#1561);
#1561 = CARTESIAN_POINT('',(-6.370852959484,-8.967286800846,0.));
#1562 = CIRCLE('',#1563,10.999999999991);
#1563 = AXIS2_PLACEMENT_3D('',#1564,#1565,#1566);
#1564 = CARTESIAN_POINT('',(-5.3646E-12,-7.28395E-12,0.));
#1565 = DIRECTION('',(0.,0.,1.));
#1566 = DIRECTION('',(-0.596335882935,-0.802735021488,0.));
#1567 = ORIENTED_EDGE('',*,*,#1568,.T.);
#1568 = EDGE_CURVE('',#1560,#1569,#1571,.T.);
#1569 = VERTEX_POINT('',#1570);
#1570 = CARTESIAN_POINT('',(-6.29008171521,-9.377891166476,0.));
#1571 = CIRCLE('',#1572,0.304);
#1572 = AXIS2_PLACEMENT_3D('',#1573,#1574,#1575);
#1573 = CARTESIAN_POINT('',(-6.546856126615,-9.215155486162,0.));
#1574 = DIRECTION('',(0.,0.,-1.));
#1575 = DIRECTION('',(0.578957786615,0.815357517484,0.));
#1576 = ORIENTED_EDGE('',*,*,#1577,.T.);
#1577 = EDGE_CURVE('',#1569,#1578,#1580,.T.);
#1578 = VERTEX_POINT('',#1579);
#1579 = CARTESIAN_POINT('',(-6.448134030963,-9.748002132272,0.));
#1580 = B_SPLINE_CURVE_WITH_KNOTS('',3,(#1581,#1582,#1583,#1584),
  .UNSPECIFIED.,.F.,.F.,(4,4),(0.,1.),.PIECEWISE_BEZIER_KNOTS.);
#1581 = CARTESIAN_POINT('',(-6.29008171521,-9.377891166476,0.));
#1582 = CARTESIAN_POINT('',(-6.312611566109,-9.415697065013,0.));
#1583 = CARTESIAN_POINT('',(-6.376733817384,-9.53248979009,0.));
#1584 = CARTESIAN_POINT('',(-6.448134030963,-9.748002132272,0.));
#1585 = ORIENTED_EDGE('',*,*,#1586,.T.);
#1586 = EDGE_CURVE('',#1578,#1587,#1589,.T.);
#1587 = VERTEX_POINT('',#1588);
#1588 = CARTESIAN_POINT('',(-6.653886220481,-10.93556305329,0.));
#1589 = B_SPLINE_CURVE_WITH_KNOTS('',3,(#1590,#1591,#1592,#1593),
  .UNSPECIFIED.,.F.,.F.,(4,4),(0.,1.),.PIECEWISE_BEZIER_KNOTS.);
#1590 = CARTESIAN_POINT('',(-6.448134030963,-9.748002132272,0.));
#1591 = CARTESIAN_POINT('',(-6.532946839251,-10.00591936403,0.));
#1592 = CARTESIAN_POINT('',(-6.624391740504,-10.39739404476,0.));
#1593 = CARTESIAN_POINT('',(-6.653886220481,-10.93556305329,0.));
#1594 = ORIENTED_EDGE('',*,*,#1595,.T.);
#1595 = EDGE_CURVE('',#1587,#1596,#1598,.T.);
#1596 = VERTEX_POINT('',#1597);
#1597 = CARTESIAN_POINT('',(-6.142880597411,-11.229649058,0.));
#1598 = CIRCLE('',#1599,12.800000000003);
#1599 = AXIS2_PLACEMENT_3D('',#1600,#1601,#1602);
#1600 = CARTESIAN_POINT('',(-1.544123214911E-02,8.432932491838E-03,0.));
#1601 = DIRECTION('',(0.,0.,1.));
#1602 = DIRECTION('',(-0.518628514713,-0.85499968639,0.));
#1603 = ORIENTED_EDGE('',*,*,#1604,.T.);
#1604 = EDGE_CURVE('',#1596,#1605,#1607,.T.);
#1605 = VERTEX_POINT('',#1606);
#1606 = CARTESIAN_POINT('',(-5.217950467211,-10.45824894395,0.));
#1607 = B_SPLINE_CURVE_WITH_KNOTS('',3,(#1608,#1609,#1610,#1611),
  .UNSPECIFIED.,.F.,.F.,(4,4),(0.,1.),.PIECEWISE_BEZIER_KNOTS.);
#1608 = CARTESIAN_POINT('',(-6.142880597411,-11.229649058,0.));
#1609 = CARTESIAN_POINT('',(-5.692211505668,-10.93558855427,0.));
#1610 = CARTESIAN_POINT('',(-5.398906937846,-10.66065760638,0.));
#1611 = CARTESIAN_POINT('',(-5.217950467211,-10.45824894395,0.));
#1612 = ORIENTED_EDGE('',*,*,#1613,.T.);
#1613 = EDGE_CURVE('',#1605,#1614,#1616,.T.);
#1614 = VERTEX_POINT('',#1615);
#1615 = CARTESIAN_POINT('',(-4.976656509293,-10.13666927124,0.));
#1616 = B_SPLINE_CURVE_WITH_KNOTS('',3,(#1617,#1618,#1619,#1620),
  .UNSPECIFIED.,.F.,.F.,(4,4),(0.,1.),.PIECEWISE_BEZIER_KNOTS.);
#1617 = CARTESIAN_POINT('',(-5.217950467211,-10.45824894395,0.));
#1618 = CARTESIAN_POINT('',(-5.067011410842,-10.28865837407,0.));
#1619 = CARTESIAN_POINT('',(-4.997927069585,-10.17473051298,0.));
#1620 = CARTESIAN_POINT('',(-4.976656509293,-10.13666927124,0.));
#1621 = ORIENTED_EDGE('',*,*,#1622,.T.);
#1622 = EDGE_CURVE('',#1614,#1623,#1625,.T.);
#1623 = VERTEX_POINT('',#1624);
#1624 = CARTESIAN_POINT('',(-4.580471692812,-10.00096390711,0.));
#1625 = CIRCLE('',#1626,0.304);
#1626 = AXIS2_PLACEMENT_3D('',#1627,#1628,#1629);
#1627 = CARTESIAN_POINT('',(-4.707147466521,-10.27731377296,0.));
#1628 = DIRECTION('',(0.,0.,-1.));
#1629 = DIRECTION('',(-0.886542903855,0.462646387238,0.));
#1630 = ORIENTED_EDGE('',*,*,#1631,.T.);
#1631 = EDGE_CURVE('',#1623,#1632,#1634,.T.);
#1632 = VERTEX_POINT('',#1633);
#1633 = CARTESIAN_POINT('',(-4.367230776135,-10.09590488009,0.));
#1634 = CIRCLE('',#1635,10.999999999984);
#1635 = AXIS2_PLACEMENT_3D('',#1636,#1637,#1638);
#1636 = CARTESIAN_POINT('',(-6.27542E-12,-1.426148E-11,0.));
#1637 = DIRECTION('',(0.,0.,1.));
#1638 = DIRECTION('',(-0.416406517528,-0.90917853701,0.));
#1639 = ORIENTED_EDGE('',*,*,#1640,.T.);
#1640 = EDGE_CURVE('',#1632,#1641,#1643,.T.);
#1641 = VERTEX_POINT('',#1642);
#1642 = CARTESIAN_POINT('',(-4.202855129425,-10.48074326922,0.));
#1643 = CIRCLE('',#1644,0.304);
#1644 = AXIS2_PLACEMENT_3D('',#1645,#1646,#1647);
#1645 = CARTESIAN_POINT('',(-4.487853054321,-10.374950156,0.));
#1646 = DIRECTION('',(0.,0.,-1.));
#1647 = DIRECTION('',(0.396783809823,0.917912091795,0.));
#1648 = ORIENTED_EDGE('',*,*,#1649,.T.);
#1649 = EDGE_CURVE('',#1641,#1650,#1652,.T.);
#1650 = VERTEX_POINT('',#1651);
#1651 = CARTESIAN_POINT('',(-4.28050322618,-10.87562734662,0.));
#1652 = B_SPLINE_CURVE_WITH_KNOTS('',3,(#1653,#1654,#1655,#1656),
  .UNSPECIFIED.,.F.,.F.,(4,4),(0.,1.),.PIECEWISE_BEZIER_KNOTS.);
#1653 = CARTESIAN_POINT('',(-4.202855129425,-10.48074326922,0.));
#1654 = CARTESIAN_POINT('',(-4.21703236074,-10.52240723756,0.));
#1655 = CARTESIAN_POINT('',(-4.255470814031,-10.64997952706,0.));
#1656 = CARTESIAN_POINT('',(-4.28050322618,-10.87562734662,0.));
#1657 = ORIENTED_EDGE('',*,*,#1658,.T.);
#1658 = EDGE_CURVE('',#1650,#1659,#1661,.T.);
#1659 = VERTEX_POINT('',#1660);
#1660 = CARTESIAN_POINT('',(-4.234851437664,-12.08001549786,0.));
#1661 = B_SPLINE_CURVE_WITH_KNOTS('',3,(#1662,#1663,#1664,#1665),
  .UNSPECIFIED.,.F.,.F.,(4,4),(0.,1.),.PIECEWISE_BEZIER_KNOTS.);
#1662 = CARTESIAN_POINT('',(-4.28050322618,-10.87562734662,0.));
#1663 = CARTESIAN_POINT('',(-4.309838663372,-11.14554204243,0.));
#1664 = CARTESIAN_POINT('',(-4.31789311135,-11.54747452617,0.));
#1665 = CARTESIAN_POINT('',(-4.234851437664,-12.08001549786,0.));
#1666 = ORIENTED_EDGE('',*,*,#1667,.T.);
#1667 = EDGE_CURVE('',#1659,#1668,#1670,.T.);
#1668 = VERTEX_POINT('',#1669);
#1669 = CARTESIAN_POINT('',(-3.673868595012,-12.26143097467,0.));
#1670 = CIRCLE('',#1671,12.799999999981);
#1671 = AXIS2_PLACEMENT_3D('',#1672,#1673,#1674);
#1672 = CARTESIAN_POINT('',(-1.685710943896E-02,5.038239977901E-03,0.));
#1673 = DIRECTION('',(0.,0.,1.));
#1674 = DIRECTION('',(-0.329530806893,-0.94414482327,0.));
#1675 = ORIENTED_EDGE('',*,*,#1676,.T.);
#1676 = EDGE_CURVE('',#1668,#1677,#1679,.T.);
#1677 = VERTEX_POINT('',#1678);
#1678 = CARTESIAN_POINT('',(-2.929533509319,-11.31458401664,0.));
#1679 = B_SPLINE_CURVE_WITH_KNOTS('',3,(#1680,#1681,#1682,#1683),
  .UNSPECIFIED.,.F.,.F.,(4,4),(0.,1.),.PIECEWISE_BEZIER_KNOTS.);
#1680 = CARTESIAN_POINT('',(-3.673868595012,-12.26143097467,0.));
#1681 = CARTESIAN_POINT('',(-3.294186320732,-11.88009702561,0.));
#1682 = CARTESIAN_POINT('',(-3.064452519667,-11.55019252994,0.));
#1683 = CARTESIAN_POINT('',(-2.929533509319,-11.31458401664,0.));
#1684 = ORIENTED_EDGE('',*,*,#1685,.T.);
#1685 = EDGE_CURVE('',#1677,#1686,#1688,.T.);
#1686 = VERTEX_POINT('',#1687);
#1687 = CARTESIAN_POINT('',(-2.760372576797,-10.94986379656,0.));
#1688 = B_SPLINE_CURVE_WITH_KNOTS('',3,(#1689,#1690,#1691,#1692),
  .UNSPECIFIED.,.F.,.F.,(4,4),(0.,1.),.PIECEWISE_BEZIER_KNOTS.);
#1689 = CARTESIAN_POINT('',(-2.929533509319,-11.31458401664,0.));
#1690 = CARTESIAN_POINT('',(-2.817152695606,-11.11731741318,0.));
#1691 = CARTESIAN_POINT('',(-2.773264947188,-10.991515707,0.));
#1692 = CARTESIAN_POINT('',(-2.760372576797,-10.94986379656,0.));
#1693 = ORIENTED_EDGE('',*,*,#1694,.T.);
#1694 = EDGE_CURVE('',#1686,#1695,#1697,.T.);
#1695 = VERTEX_POINT('',#1696);
#1696 = CARTESIAN_POINT('',(-2.401060080818,-10.73475246516,0.));
#1697 = CIRCLE('',#1698,0.304);
#1698 = AXIS2_PLACEMENT_3D('',#1699,#1700,#1701);
#1699 = CARTESIAN_POINT('',(-2.467511317077,-11.0314007977,0.));
#1700 = DIRECTION('',(0.,0.,-1.));
#1701 = DIRECTION('',(-0.963359406975,0.268213819542,0.));
#1702 = ORIENTED_EDGE('',*,*,#1703,.T.);
#1703 = EDGE_CURVE('',#1695,#1704,#1706,.T.);
#1704 = VERTEX_POINT('',#1705);
#1705 = CARTESIAN_POINT('',(-2.172739651571,-10.78328347056,0.));
#1706 = CIRCLE('',#1707,10.999999999973);
#1707 = AXIS2_PLACEMENT_3D('',#1708,#1709,#1710);
#1708 = CARTESIAN_POINT('',(-5.65681E-12,-2.648015E-11,0.));
#1709 = DIRECTION('',(0.,0.,1.));
#1710 = DIRECTION('',(-0.218278189165,-0.975886587742,0.));
#1711 = ORIENTED_EDGE('',*,*,#1712,.T.);
#1712 = EDGE_CURVE('',#1704,#1713,#1715,.T.);
#1713 = VERTEX_POINT('',#1714);
#1714 = CARTESIAN_POINT('',(-1.931943606948,-11.12553659891,0.));
#1715 = CIRCLE('',#1716,0.304);
#1716 = AXIS2_PLACEMENT_3D('',#1717,#1718,#1719);
#1717 = CARTESIAN_POINT('',(-2.232709268446,-11.08130971949,0.));
#1718 = DIRECTION('',(0.,0.,-1.));
#1719 = DIRECTION('',(0.197268476561,0.980349503063,0.));
#1720 = ORIENTED_EDGE('',*,*,#1721,.T.);
#1721 = EDGE_CURVE('',#1713,#1722,#1724,.T.);
#1722 = VERTEX_POINT('',#1723);
#1723 = CARTESIAN_POINT('',(-1.92579389028,-11.52793545888,0.));
#1724 = B_SPLINE_CURVE_WITH_KNOTS('',3,(#1725,#1726,#1727,#1728),
  .UNSPECIFIED.,.F.,.F.,(4,4),(0.,1.),.PIECEWISE_BEZIER_KNOTS.);
#1725 = CARTESIAN_POINT('',(-1.931943606948,-11.12553659891,0.));
#1726 = CARTESIAN_POINT('',(-1.937148605639,-11.16923772172,0.));
#1727 = CARTESIAN_POINT('',(-1.948223316091,-11.30201405443,0.));
#1728 = CARTESIAN_POINT('',(-1.92579389028,-11.52793545888,0.));
#1729 = ORIENTED_EDGE('',*,*,#1730,.T.);
#1730 = EDGE_CURVE('',#1722,#1731,#1733,.T.);
#1731 = VERTEX_POINT('',#1732);
#1732 = CARTESIAN_POINT('',(-1.630733325949,-12.69651329883,0.));
#1733 = B_SPLINE_CURVE_WITH_KNOTS('',3,(#1734,#1735,#1736,#1737),
  .UNSPECIFIED.,.F.,.F.,(4,4),(0.,1.),.PIECEWISE_BEZIER_KNOTS.);
#1734 = CARTESIAN_POINT('',(-1.92579389028,-11.52793545888,0.));
#1735 = CARTESIAN_POINT('',(-1.898369857004,-11.79805105134,0.));
#1736 = CARTESIAN_POINT('',(-1.82268183368,-12.19287495986,0.));
#1737 = CARTESIAN_POINT('',(-1.630733325949,-12.69651329883,0.));
#1738 = ORIENTED_EDGE('',*,*,#1739,.T.);
#1739 = EDGE_CURVE('',#1731,#1740,#1742,.T.);
#1740 = VERTEX_POINT('',#1741);
#1741 = CARTESIAN_POINT('',(-1.044290905833,-12.75732952086,0.));
#1742 = CIRCLE('',#1743,12.800000000006);
#1743 = AXIS2_PLACEMENT_3D('',#1744,#1745,#1746);
#1744 = CARTESIAN_POINT('',(-1.753625014298E-02,1.423352246102E-03,0.));
#1745 = DIRECTION('',(0.,0.,1.));
#1746 = DIRECTION('',(-0.126031021547,-0.992026300865,0.));
#1747 = ORIENTED_EDGE('',*,*,#1748,.T.);
#1748 = EDGE_CURVE('',#1740,#1749,#1751,.T.);
#1749 = VERTEX_POINT('',#1750);
#1750 = CARTESIAN_POINT('',(-0.513081879609,-11.67641747441,0.));
#1751 = B_SPLINE_CURVE_WITH_KNOTS('',3,(#1752,#1753,#1754,#1755),
  .UNSPECIFIED.,.F.,.F.,(4,4),(0.,1.),.PIECEWISE_BEZIER_KNOTS.);
#1752 = CARTESIAN_POINT('',(-1.044290905833,-12.75732952086,0.));
#1753 = CARTESIAN_POINT('',(-0.75218938632,-12.3053882499,0.));
#1754 = CARTESIAN_POINT('',(-0.596066821504,-11.93492861597,0.));
#1755 = CARTESIAN_POINT('',(-0.513081879609,-11.67641747441,0.));
#1756 = ORIENTED_EDGE('',*,*,#1757,.T.);
#1757 = EDGE_CURVE('',#1749,#1758,#1760,.T.);
#1758 = VERTEX_POINT('',#1759);
#1759 = CARTESIAN_POINT('',(-0.423447116958,-11.28449673069,0.));
#1760 = B_SPLINE_CURVE_WITH_KNOTS('',3,(#1761,#1762,#1763,#1764),
  .UNSPECIFIED.,.F.,.F.,(4,4),(0.,1.),.PIECEWISE_BEZIER_KNOTS.);
#1761 = CARTESIAN_POINT('',(-0.513081879609,-11.67641747441,0.));
#1762 = CARTESIAN_POINT('',(-0.444170889375,-11.46009633454,0.));
#1763 = CARTESIAN_POINT('',(-0.427397838998,-11.32791892149,0.));
#1764 = CARTESIAN_POINT('',(-0.423447116958,-11.28449673069,0.));
#1765 = ORIENTED_EDGE('',*,*,#1766,.T.);
#1766 = EDGE_CURVE('',#1758,#1767,#1769,.T.);
#1767 = VERTEX_POINT('',#1768);
#1768 = CARTESIAN_POINT('',(-0.116710621728,-10.99938082942,0.));
#1769 = CIRCLE('',#1770,0.304);
#1770 = AXIS2_PLACEMENT_3D('',#1771,#1772,#1773);
#1771 = CARTESIAN_POINT('',(-0.120033082643,-11.30336267305,0.));
#1772 = DIRECTION('',(0.,0.,-1.));
#1773 = DIRECTION('',(-0.998072481298,6.205902089949E-02,0.));
#1774 = ORIENTED_EDGE('',*,*,#1775,.T.);
#1775 = EDGE_CURVE('',#1767,#1776,#1778,.T.);
#1776 = VERTEX_POINT('',#1777);
#1777 = CARTESIAN_POINT('',(0.116710621728,-10.99938082942,0.));
#1778 = CIRCLE('',#1779,10.999999999999);
#1779 = AXIS2_PLACEMENT_3D('',#1780,#1781,#1782);
#1780 = CARTESIAN_POINT('',(-8.44E-15,-1.4726E-12,0.));
#1781 = DIRECTION('',(0.,0.,1.));
#1782 = DIRECTION('',(-1.061005652073E-02,-0.999943711766,0.));
#1783 = ORIENTED_EDGE('',*,*,#1784,.T.);
#1784 = EDGE_CURVE('',#1776,#1785,#1787,.T.);
#1785 = VERTEX_POINT('',#1786);
#1786 = CARTESIAN_POINT('',(0.423403121647,-11.28409059299,0.));
#1787 = CIRCLE('',#1788,0.304);
#1788 = AXIS2_PLACEMENT_3D('',#1789,#1790,#1791);
#1789 = CARTESIAN_POINT('',(0.120014626189,-11.30336287421,0.));
#1790 = DIRECTION('',(0.,0.,-1.));
#1791 = DIRECTION('',(-1.086843572561E-02,0.999940936808,0.));
#1792 = ORIENTED_EDGE('',*,*,#1793,.T.);
#1793 = EDGE_CURVE('',#1785,#1794,#1796,.T.);
#1794 = VERTEX_POINT('',#1795);
#1795 = CARTESIAN_POINT('',(0.513081879609,-11.67641747441,0.));
#1796 = B_SPLINE_CURVE_WITH_KNOTS('',3,(#1797,#1798,#1799,#1800),
  .UNSPECIFIED.,.F.,.F.,(4,4),(0.,1.),.PIECEWISE_BEZIER_KNOTS.);
#1797 = CARTESIAN_POINT('',(0.423403121647,-11.28409059299,0.));
#1798 = CARTESIAN_POINT('',(0.427397838998,-11.32791892149,0.));
#1799 = CARTESIAN_POINT('',(0.444170889375,-11.46009633454,0.));
#1800 = CARTESIAN_POINT('',(0.513081879609,-11.67641747441,0.));
#1801 = ORIENTED_EDGE('',*,*,#1802,.T.);
#1802 = EDGE_CURVE('',#1794,#1803,#1805,.T.);
#1803 = VERTEX_POINT('',#1804);
#1804 = CARTESIAN_POINT('',(1.044655657237,-12.758112544,0.));
#1805 = B_SPLINE_CURVE_WITH_KNOTS('',3,(#1806,#1807,#1808,#1809),
  .UNSPECIFIED.,.F.,.F.,(4,4),(0.,1.),.PIECEWISE_BEZIER_KNOTS.);
#1806 = CARTESIAN_POINT('',(0.513081879609,-11.67641747441,0.));
#1807 = CARTESIAN_POINT('',(0.596066821504,-11.93492861597,0.));
#1808 = CARTESIAN_POINT('',(0.75218938632,-12.3053882499,0.));
#1809 = CARTESIAN_POINT('',(1.044655657237,-12.758112544,0.));
#1810 = ORIENTED_EDGE('',*,*,#1811,.T.);
#1811 = EDGE_CURVE('',#1803,#1812,#1814,.T.);
#1812 = VERTEX_POINT('',#1813);
#1813 = CARTESIAN_POINT('',(1.630927306994,-12.69567155054,0.));
#1814 = CIRCLE('',#1815,12.800000000007);
#1815 = AXIS2_PLACEMENT_3D('',#1816,#1817,#1818);
#1816 = CARTESIAN_POINT('',(-1.744897257535E-02,-2.253742832732E-03,0.)
  );
#1817 = DIRECTION('',(-0.,0.,1.));
#1818 = DIRECTION('',(8.297692420402E-02,-0.996551468841,0.));
#1819 = ORIENTED_EDGE('',*,*,#1820,.T.);
#1820 = EDGE_CURVE('',#1812,#1821,#1823,.T.);
#1821 = VERTEX_POINT('',#1822);
#1822 = CARTESIAN_POINT('',(1.92579389028,-11.52793545888,0.));
#1823 = B_SPLINE_CURVE_WITH_KNOTS('',3,(#1824,#1825,#1826,#1827),
  .UNSPECIFIED.,.F.,.F.,(4,4),(0.,1.),.PIECEWISE_BEZIER_KNOTS.);
#1824 = CARTESIAN_POINT('',(1.630927306994,-12.69567155054,0.));
#1825 = CARTESIAN_POINT('',(1.82268183368,-12.19287495986,0.));
#1826 = CARTESIAN_POINT('',(1.898369857004,-11.79805105134,0.));
#1827 = CARTESIAN_POINT('',(1.92579389028,-11.52793545888,0.));
#1828 = ORIENTED_EDGE('',*,*,#1829,.T.);
#1829 = EDGE_CURVE('',#1821,#1830,#1832,.T.);
#1830 = VERTEX_POINT('',#1831);
#1831 = CARTESIAN_POINT('',(1.931985013817,-11.12594300868,0.));
#1832 = B_SPLINE_CURVE_WITH_KNOTS('',3,(#1833,#1834,#1835,#1836),
  .UNSPECIFIED.,.F.,.F.,(4,4),(0.,1.),.PIECEWISE_BEZIER_KNOTS.);
#1833 = CARTESIAN_POINT('',(1.92579389028,-11.52793545888,0.));
#1834 = CARTESIAN_POINT('',(1.948223316091,-11.30201405443,0.));
#1835 = CARTESIAN_POINT('',(1.937148605639,-11.16923772172,0.));
#1836 = CARTESIAN_POINT('',(1.931985013817,-11.12594300868,0.));
#1837 = ORIENTED_EDGE('',*,*,#1838,.T.);
#1838 = EDGE_CURVE('',#1830,#1839,#1841,.T.);
#1839 = VERTEX_POINT('',#1840);
#1840 = CARTESIAN_POINT('',(2.172739651571,-10.78328347056,0.));
#1841 = CIRCLE('',#1842,0.304);
#1842 = AXIS2_PLACEMENT_3D('',#1843,#1844,#1845);
#1843 = CARTESIAN_POINT('',(2.232691173484,-11.08131336003,0.));
#1844 = DIRECTION('',(0.,0.,-1.));
#1845 = DIRECTION('',(-0.989164998906,-0.146808054749,-0.));
#1846 = ORIENTED_EDGE('',*,*,#1847,.T.);
#1847 = EDGE_CURVE('',#1839,#1848,#1850,.T.);
#1848 = VERTEX_POINT('',#1849);
#1849 = CARTESIAN_POINT('',(2.401060080818,-10.73475246516,0.));
#1850 = CIRCLE('',#1851,10.999999999966);
#1851 = AXIS2_PLACEMENT_3D('',#1852,#1853,#1854);
#1852 = CARTESIAN_POINT('',(7.20801E-12,-3.339728E-11,0.));
#1853 = DIRECTION('',(-0.,0.,1.));
#1854 = DIRECTION('',(0.197521786506,-0.980298497324,0.));
#1855 = ORIENTED_EDGE('',*,*,#1856,.T.);
#1856 = EDGE_CURVE('',#1848,#1857,#1859,.T.);
#1857 = VERTEX_POINT('',#1858);
#1858 = CARTESIAN_POINT('',(2.760245102112,-10.94947568107,0.));
#1859 = CIRCLE('',#1860,0.304);
#1860 = AXIS2_PLACEMENT_3D('',#1861,#1862,#1863);
#1861 = CARTESIAN_POINT('',(2.467493305764,-11.03140483178,0.));
#1862 = DIRECTION('',(0.,0.,-1.));
#1863 = DIRECTION('',(-0.218530345218,0.975830153366,0.));
#1864 = ORIENTED_EDGE('',*,*,#1865,.T.);
#1865 = EDGE_CURVE('',#1857,#1866,#1868,.T.);
#1866 = VERTEX_POINT('',#1867);
#1867 = CARTESIAN_POINT('',(2.929533509319,-11.31458401664,0.));
#1868 = B_SPLINE_CURVE_WITH_KNOTS('',3,(#1869,#1870,#1871,#1872),
  .UNSPECIFIED.,.F.,.F.,(4,4),(0.,1.),.PIECEWISE_BEZIER_KNOTS.);
#1869 = CARTESIAN_POINT('',(2.760245102112,-10.94947568107,0.));
#1870 = CARTESIAN_POINT('',(2.773264947188,-10.991515707,0.));
#1871 = CARTESIAN_POINT('',(2.817152695606,-11.11731741318,0.));
#1872 = CARTESIAN_POINT('',(2.929533509319,-11.31458401664,0.));
#1873 = ORIENTED_EDGE('',*,*,#1874,.T.);
#1874 = EDGE_CURVE('',#1866,#1875,#1877,.T.);
#1875 = VERTEX_POINT('',#1876);
#1876 = CARTESIAN_POINT('',(3.674388175387,-12.26212105079,0.));
#1877 = B_SPLINE_CURVE_WITH_KNOTS('',3,(#1878,#1879,#1880,#1881),
  .UNSPECIFIED.,.F.,.F.,(4,4),(0.,1.),.PIECEWISE_BEZIER_KNOTS.);
#1878 = CARTESIAN_POINT('',(2.929533509319,-11.31458401664,0.));
#1879 = CARTESIAN_POINT('',(3.064452519667,-11.55019252994,0.));
#1880 = CARTESIAN_POINT('',(3.294186320732,-11.88009702561,0.));
#1881 = CARTESIAN_POINT('',(3.674388175387,-12.26212105079,0.));
#1882 = ORIENTED_EDGE('',*,*,#1883,.T.);
#1883 = EDGE_CURVE('',#1875,#1884,#1886,.T.);
#1884 = VERTEX_POINT('',#1885);
#1885 = CARTESIAN_POINT('',(4.234866170448,-12.07915181287,0.));
#1886 = CIRCLE('',#1887,12.799999999997);
#1887 = AXIS2_PLACEMENT_3D('',#1888,#1889,#1890);
#1888 = CARTESIAN_POINT('',(-1.659909117375E-02,-5.832338545115E-03,0.)
  );
#1889 = DIRECTION('',(-0.,0.,1.));
#1890 = DIRECTION('',(0.2883583802,-0.957522555645,0.));
#1891 = ORIENTED_EDGE('',*,*,#1892,.T.);
#1892 = EDGE_CURVE('',#1884,#1893,#1895,.T.);
#1893 = VERTEX_POINT('',#1894);
#1894 = CARTESIAN_POINT('',(4.28050322618,-10.87562734662,0.));
#1895 = B_SPLINE_CURVE_WITH_KNOTS('',3,(#1896,#1897,#1898,#1899),
  .UNSPECIFIED.,.F.,.F.,(4,4),(0.,1.),.PIECEWISE_BEZIER_KNOTS.);
#1896 = CARTESIAN_POINT('',(4.234866170448,-12.07915181287,0.));
#1897 = CARTESIAN_POINT('',(4.31789311135,-11.54747452617,0.));
#1898 = CARTESIAN_POINT('',(4.309838663372,-11.14554204243,0.));
#1899 = CARTESIAN_POINT('',(4.28050322618,-10.87562734662,0.));
#1900 = ORIENTED_EDGE('',*,*,#1901,.T.);
#1901 = EDGE_CURVE('',#1893,#1902,#1904,.T.);
#1902 = VERTEX_POINT('',#1903);
#1903 = CARTESIAN_POINT('',(4.202980128795,-10.48113218898,0.));
#1904 = B_SPLINE_CURVE_WITH_KNOTS('',3,(#1905,#1906,#1907,#1908),
  .UNSPECIFIED.,.F.,.F.,(4,4),(0.,1.),.PIECEWISE_BEZIER_KNOTS.);
#1905 = CARTESIAN_POINT('',(4.28050322618,-10.87562734662,0.));
#1906 = CARTESIAN_POINT('',(4.255470814031,-10.64997952706,0.));
#1907 = CARTESIAN_POINT('',(4.21703236074,-10.52240723756,0.));
#1908 = CARTESIAN_POINT('',(4.202980128795,-10.48113218898,0.));
#1909 = ORIENTED_EDGE('',*,*,#1910,.T.);
#1910 = EDGE_CURVE('',#1902,#1911,#1913,.T.);
#1911 = VERTEX_POINT('',#1912);
#1912 = CARTESIAN_POINT('',(4.367230776135,-10.09590488009,0.));
#1913 = CIRCLE('',#1914,0.304);
#1914 = AXIS2_PLACEMENT_3D('',#1915,#1916,#1917);
#1915 = CARTESIAN_POINT('',(4.48783611169,-10.37495747914,0.));
#1916 = DIRECTION('',(0.,0.,-1.));
#1917 = DIRECTION('',(-0.937026259521,-0.349258913941,-0.));
#1918 = ORIENTED_EDGE('',*,*,#1919,.T.);
#1919 = EDGE_CURVE('',#1911,#1920,#1922,.T.);
#1920 = VERTEX_POINT('',#1921);
#1921 = CARTESIAN_POINT('',(4.580471692812,-10.00096390711,0.));
#1922 = CIRCLE('',#1923,11.000000000036);
#1923 = AXIS2_PLACEMENT_3D('',#1924,#1925,#1926);
#1924 = CARTESIAN_POINT('',(-1.457723E-11,3.293543E-11,0.));
#1925 = DIRECTION('',(-0.,0.,1.));
#1926 = DIRECTION('',(0.397020979649,-0.917809534554,0.));
#1927 = ORIENTED_EDGE('',*,*,#1928,.T.);
#1928 = EDGE_CURVE('',#1920,#1929,#1931,.T.);
#1929 = VERTEX_POINT('',#1930);
#1930 = CARTESIAN_POINT('',(4.976451126489,-10.13631614049,0.));
#1931 = CIRCLE('',#1932,0.304);
#1932 = AXIS2_PLACEMENT_3D('',#1933,#1934,#1935);
#1933 = CARTESIAN_POINT('',(4.707130687532,-10.27732146365,0.));
#1934 = DIRECTION('',(0.,0.,-1.));
#1935 = DIRECTION('',(-0.41664143,0.90907090967,0.));
#1936 = ORIENTED_EDGE('',*,*,#1937,.T.);
#1937 = EDGE_CURVE('',#1929,#1938,#1940,.T.);
#1938 = VERTEX_POINT('',#1939);
#1939 = CARTESIAN_POINT('',(5.217950467211,-10.45824894395,0.));
#1940 = B_SPLINE_CURVE_WITH_KNOTS('',3,(#1941,#1942,#1943,#1944),
  .UNSPECIFIED.,.F.,.F.,(4,4),(0.,1.),.PIECEWISE_BEZIER_KNOTS.);
#1941 = CARTESIAN_POINT('',(4.976451126489,-10.13631614049,0.));
#1942 = CARTESIAN_POINT('',(4.997927069585,-10.17473051298,0.));
#1943 = CARTESIAN_POINT('',(5.067011410842,-10.28865837407,0.));
#1944 = CARTESIAN_POINT('',(5.217950467211,-10.45824894395,0.));
#1945 = ORIENTED_EDGE('',*,*,#1946,.T.);
#1946 = EDGE_CURVE('',#1938,#1947,#1949,.T.);
#1947 = VERTEX_POINT('',#1948);
#1948 = CARTESIAN_POINT('',(6.143532298602,-11.23021602747,0.));
#1949 = B_SPLINE_CURVE_WITH_KNOTS('',3,(#1950,#1951,#1952,#1953),
  .UNSPECIFIED.,.F.,.F.,(4,4),(0.,1.),.PIECEWISE_BEZIER_KNOTS.);
#1950 = CARTESIAN_POINT('',(5.217950467211,-10.45824894395,0.));
#1951 = CARTESIAN_POINT('',(5.398906937846,-10.66065760638,0.));
#1952 = CARTESIAN_POINT('',(5.692211505668,-10.93558855427,0.));
#1953 = CARTESIAN_POINT('',(6.143532298602,-11.23021602747,0.));
#1954 = ORIENTED_EDGE('',*,*,#1955,.T.);
#1955 = EDGE_CURVE('',#1947,#1956,#1958,.T.);
#1956 = VERTEX_POINT('',#1957);
#1957 = CARTESIAN_POINT('',(6.653721061111,-10.93471517877,0.));
#1958 = CIRCLE('',#1959,12.800000000002);
#1959 = AXIS2_PLACEMENT_3D('',#1960,#1961,#1962);
#1960 = CARTESIAN_POINT('',(-1.502374984025E-02,-9.156033062002E-03,0.)
  );
#1961 = DIRECTION('',(-0.,0.,1.));
#1962 = DIRECTION('',(0.481137191284,-0.876645312063,0.));
#1963 = ORIENTED_EDGE('',*,*,#1964,.T.);
#1964 = EDGE_CURVE('',#1956,#1965,#1967,.T.);
#1965 = VERTEX_POINT('',#1966);
#1966 = CARTESIAN_POINT('',(6.448134030963,-9.748002132272,0.));
#1967 = B_SPLINE_CURVE_WITH_KNOTS('',3,(#1968,#1969,#1970,#1971),
  .UNSPECIFIED.,.F.,.F.,(4,4),(0.,1.),.PIECEWISE_BEZIER_KNOTS.);
#1968 = CARTESIAN_POINT('',(6.653721061111,-10.93471517877,0.));
#1969 = CARTESIAN_POINT('',(6.624391740504,-10.39739404476,0.));
#1970 = CARTESIAN_POINT('',(6.532946839251,-10.00591936403,0.));
#1971 = CARTESIAN_POINT('',(6.448134030963,-9.748002132272,0.));
#1972 = ORIENTED_EDGE('',*,*,#1973,.T.);
#1973 = EDGE_CURVE('',#1965,#1974,#1976,.T.);
#1974 = VERTEX_POINT('',#1975);
#1975 = CARTESIAN_POINT('',(6.290284844009,-9.378245598577,0.));
#1976 = B_SPLINE_CURVE_WITH_KNOTS('',3,(#1977,#1978,#1979,#1980),
  .UNSPECIFIED.,.F.,.F.,(4,4),(0.,1.),.PIECEWISE_BEZIER_KNOTS.);
#1977 = CARTESIAN_POINT('',(6.448134030963,-9.748002132272,0.));
#1978 = CARTESIAN_POINT('',(6.376733817384,-9.53248979009,0.));
#1979 = CARTESIAN_POINT('',(6.312611566109,-9.415697065013,0.));
#1980 = CARTESIAN_POINT('',(6.290284844009,-9.378245598577,0.));
#1981 = ORIENTED_EDGE('',*,*,#1982,.T.);
#1982 = EDGE_CURVE('',#1974,#1983,#1985,.T.);
#1983 = VERTEX_POINT('',#1984);
#1984 = CARTESIAN_POINT('',(6.370852959484,-8.967286800846,0.));
#1985 = CIRCLE('',#1986,0.304);
#1986 = AXIS2_PLACEMENT_3D('',#1987,#1988,#1989);
#1987 = CARTESIAN_POINT('',(6.546841076788,-9.215166171848,0.));
#1988 = DIRECTION('',(0.,0.,-1.));
#1989 = DIRECTION('',(-0.843934976245,-0.536445482664,-0.));
#1990 = ORIENTED_EDGE('',*,*,#1991,.T.);
#1991 = EDGE_CURVE('',#1983,#1992,#1994,.T.);
#1992 = VERTEX_POINT('',#1993);
#1993 = CARTESIAN_POINT('',(6.559694712288,-8.830085236371,0.));
#1994 = CIRCLE('',#1995,10.999999999939);
#1995 = AXIS2_PLACEMENT_3D('',#1996,#1997,#1998);
#1996 = CARTESIAN_POINT('',(3.5973E-11,-4.943246E-11,0.));
#1997 = DIRECTION('',(-0.,0.,1.));
#1998 = DIRECTION('',(0.579168450862,-0.815207890986,0.));
#1999 = ORIENTED_EDGE('',*,*,#2000,.T.);
#2000 = EDGE_CURVE('',#1992,#2001,#2003,.T.);
#2001 = VERTEX_POINT('',#2002);
#2002 = CARTESIAN_POINT('',(6.975162356977,-8.880150945119,0.));
#2003 = CIRCLE('',#2004,0.304);
#2004 = AXIS2_PLACEMENT_3D('',#2005,#2006,#2007);
#2005 = CARTESIAN_POINT('',(6.741043870935,-9.074069831495,0.));
#2006 = DIRECTION('',(0.,0.,-1.));
#2007 = DIRECTION('',(-0.596543285024,0.802580905014,0.));
#2008 = ORIENTED_EDGE('',*,*,#2009,.T.);
#2009 = EDGE_CURVE('',#2001,#2010,#2012,.T.);
#2010 = VERTEX_POINT('',#2011);
#2011 = CARTESIAN_POINT('',(7.278317951181,-9.144838208167,0.));
#2012 = B_SPLINE_CURVE_WITH_KNOTS('',3,(#2013,#2014,#2015,#2016),
  .UNSPECIFIED.,.F.,.F.,(4,4),(0.,1.),.PIECEWISE_BEZIER_KNOTS.);
#2013 = CARTESIAN_POINT('',(6.975162356977,-8.880150945119,0.));
#2014 = CARTESIAN_POINT('',(7.004155796326,-8.913260771764,0.));
#2015 = CARTESIAN_POINT('',(7.095417413205,-9.010335593546,0.));
#2016 = CARTESIAN_POINT('',(7.278317951181,-9.144838208167,0.));
#2017 = ORIENTED_EDGE('',*,*,#2018,.T.);
#2018 = EDGE_CURVE('',#2010,#2019,#2021,.T.);
#2019 = VERTEX_POINT('',#2020);
#2020 = CARTESIAN_POINT('',(8.34417458043,-9.707496675203,0.));
#2021 = B_SPLINE_CURVE_WITH_KNOTS('',3,(#2022,#2023,#2024,#2025),
  .UNSPECIFIED.,.F.,.F.,(4,4),(0.,1.),.PIECEWISE_BEZIER_KNOTS.);
#2022 = CARTESIAN_POINT('',(7.278317951181,-9.144838208167,0.));
#2023 = CARTESIAN_POINT('',(7.497403216011,-9.305200789911,0.));
#2024 = CARTESIAN_POINT('',(7.841459733546,-9.513142388342,0.));
#2025 = CARTESIAN_POINT('',(8.34417458043,-9.707496675203,0.));
#2026 = ORIENTED_EDGE('',*,*,#2027,.T.);
#2027 = EDGE_CURVE('',#2019,#2028,#2030,.T.);
#2028 = VERTEX_POINT('',#2029);
#2029 = CARTESIAN_POINT('',(8.781776413307,-9.312379020781,0.));
#2030 = CIRCLE('',#2031,12.800000000004);
#2031 = AXIS2_PLACEMENT_3D('',#2032,#2033,#2034);
#2032 = CARTESIAN_POINT('',(-1.279179854629E-02,-1.207956500234E-02,0.)
  );
#2033 = DIRECTION('',(-0.,0.,1.));
#2034 = DIRECTION('',(0.652887998357,-0.757454461734,0.));
#2035 = ORIENTED_EDGE('',*,*,#2036,.T.);
#2036 = EDGE_CURVE('',#2028,#2037,#2039,.T.);
#2037 = VERTEX_POINT('',#2038);
#2038 = CARTESIAN_POINT('',(8.333950437012,-8.194342448633,0.));
#2039 = B_SPLINE_CURVE_WITH_KNOTS('',3,(#2040,#2041,#2042,#2043),
  .UNSPECIFIED.,.F.,.F.,(4,4),(0.,1.),.PIECEWISE_BEZIER_KNOTS.);
#2040 = CARTESIAN_POINT('',(8.781776413307,-9.312379020781,0.));
#2041 = CARTESIAN_POINT('',(8.641372663239,-8.79289755136,0.));
#2042 = CARTESIAN_POINT('',(8.470533889697,-8.428989995694,0.));
#2043 = CARTESIAN_POINT('',(8.333950437012,-8.194342448633,0.));
#2044 = ORIENTED_EDGE('',*,*,#2045,.T.);
#2045 = EDGE_CURVE('',#2037,#2046,#2048,.T.);
#2046 = VERTEX_POINT('',#2047);
#2047 = CARTESIAN_POINT('',(8.102673927404,-7.865484673698,0.));
#2048 = B_SPLINE_CURVE_WITH_KNOTS('',3,(#2049,#2050,#2051,#2052),
  .UNSPECIFIED.,.F.,.F.,(4,4),(0.,1.),.PIECEWISE_BEZIER_KNOTS.);
#2049 = CARTESIAN_POINT('',(8.333950437012,-8.194342448633,0.));
#2050 = CARTESIAN_POINT('',(8.219302953953,-7.998384507329,0.));
#2051 = CARTESIAN_POINT('',(8.132299354769,-7.897475749193,0.));
#2052 = CARTESIAN_POINT('',(8.102673927404,-7.865484673698,0.));
#2053 = ORIENTED_EDGE('',*,*,#2054,.T.);
#2054 = EDGE_CURVE('',#2046,#2055,#2057,.T.);
#2055 = VERTEX_POINT('',#2056);
#2056 = CARTESIAN_POINT('',(8.096038297759,-7.446755258582,0.));
#2057 = CIRCLE('',#2058,0.304);
#2058 = AXIS2_PLACEMENT_3D('',#2059,#2060,#2061);
#2059 = CARTESIAN_POINT('',(8.319717671601,-7.652627883566,0.));
#2060 = DIRECTION('',(0.,0.,-1.));
#2061 = DIRECTION('',(-0.713959684857,-0.700186809644,-0.));
#2062 = ORIENTED_EDGE('',*,*,#2063,.T.);
#2063 = EDGE_CURVE('',#2055,#2064,#2066,.T.);
#2064 = VERTEX_POINT('',#2065);
#2065 = CARTESIAN_POINT('',(8.25222759593,-7.273289469351,0.));
#2066 = CIRCLE('',#2067,10.999999999996);
#2067 = AXIS2_PLACEMENT_3D('',#2068,#2069,#2070);
#2068 = CARTESIAN_POINT('',(2.85816E-12,-2.51577E-12,0.));
#2069 = DIRECTION('',(-0.,0.,1.));
#2070 = DIRECTION('',(0.736003481614,-0.67697775078,0.));
#2071 = ORIENTED_EDGE('',*,*,#2072,.T.);
#2072 = EDGE_CURVE('',#2064,#2073,#2075,.T.);
#2073 = VERTEX_POINT('',#2074);
#2074 = CARTESIAN_POINT('',(8.669025521922,-7.235880541755,0.));
#2075 = CIRCLE('',#2076,0.304);
#2076 = AXIS2_PLACEMENT_3D('',#2077,#2078,#2079);
#2077 = CARTESIAN_POINT('',(8.480341090061,-7.474237805485,0.));
#2078 = DIRECTION('',(0.,0.,-1.));
#2079 = DIRECTION('',(-0.750373335959,0.661014263599,0.));
#2080 = ORIENTED_EDGE('',*,*,#2081,.T.);
#2081 = EDGE_CURVE('',#2073,#2082,#2084,.T.);
#2082 = VERTEX_POINT('',#2083);
#2083 = CARTESIAN_POINT('',(9.020588015441,-7.431754160878,0.));
#2084 = B_SPLINE_CURVE_WITH_KNOTS('',3,(#2085,#2086,#2087,#2088),
  .UNSPECIFIED.,.F.,.F.,(4,4),(0.,1.),.PIECEWISE_BEZIER_KNOTS.);
#2085 = CARTESIAN_POINT('',(8.669025521922,-7.235880541755,0.));
#2086 = CARTESIAN_POINT('',(8.704269305099,-7.26223876425,0.));
#2087 = CARTESIAN_POINT('',(8.813719627021,-7.338217911196,0.));
#2088 = CARTESIAN_POINT('',(9.020588015441,-7.431754160878,0.));
#2089 = ORIENTED_EDGE('',*,*,#2090,.T.);
#2090 = EDGE_CURVE('',#2082,#2091,#2093,.T.);
#2091 = VERTEX_POINT('',#2092);
#2092 = CARTESIAN_POINT('',(10.1801363933,-7.760513136485,0.));
#2093 = B_SPLINE_CURVE_WITH_KNOTS('',3,(#2094,#2095,#2096,#2097),
  .UNSPECIFIED.,.F.,.F.,(4,4),(0.,1.),.PIECEWISE_BEZIER_KNOTS.);
#2094 = CARTESIAN_POINT('',(9.020588015441,-7.431754160878,0.));
#2095 = CARTESIAN_POINT('',(9.268226997104,-7.543062047614,0.));
#2096 = CARTESIAN_POINT('',(9.647998543569,-7.674926250915,0.));
#2097 = CARTESIAN_POINT('',(10.1801363933,-7.760513136485,0.));
#2098 = ORIENTED_EDGE('',*,*,#2099,.T.);
#2099 = EDGE_CURVE('',#2091,#2100,#2102,.T.);
#2100 = VERTEX_POINT('',#2101);
#2101 = CARTESIAN_POINT('',(10.526025996604,-7.283047213826,0.));
#2102 = CIRCLE('',#2103,12.8);
#2103 = AXIS2_PLACEMENT_3D('',#2104,#2105,#2106);
#2104 = CARTESIAN_POINT('',(-1.000078427E-02,-1.447516199161E-02,0.));
#2105 = DIRECTION('',(-0.,0.,1.));
#2106 = DIRECTION('',(0.796104466998,-0.605159216757,0.));
#2107 = ORIENTED_EDGE('',*,*,#2108,.T.);
#2108 = EDGE_CURVE('',#2100,#2109,#2111,.T.);
#2109 = VERTEX_POINT('',#2110);
#2110 = CARTESIAN_POINT('',(9.855533218233,-6.282550679171,0.));
#2111 = B_SPLINE_CURVE_WITH_KNOTS('',3,(#2112,#2113,#2114,#2115),
  .UNSPECIFIED.,.F.,.F.,(4,4),(0.,1.),.PIECEWISE_BEZIER_KNOTS.);
#2112 = CARTESIAN_POINT('',(10.526025996604,-7.283047213826,0.));
#2113 = CARTESIAN_POINT('',(10.280684134685,-6.80410924196,0.));
#2114 = CARTESIAN_POINT('',(10.037917963032,-6.483673317761,0.));
#2115 = CARTESIAN_POINT('',(9.855533218233,-6.282550679171,0.));
#2116 = ORIENTED_EDGE('',*,*,#2117,.T.);
#2117 = EDGE_CURVE('',#2109,#2118,#2120,.T.);
#2118 = VERTEX_POINT('',#2119);
#2119 = CARTESIAN_POINT('',(9.560937279228,-6.008964325794,0.));
#2120 = B_SPLINE_CURVE_WITH_KNOTS('',3,(#2121,#2122,#2123,#2124),
  .UNSPECIFIED.,.F.,.F.,(4,4),(0.,1.),.PIECEWISE_BEZIER_KNOTS.);
#2121 = CARTESIAN_POINT('',(9.855533218233,-6.282550679171,0.));
#2122 = CARTESIAN_POINT('',(9.702649110842,-6.114711441091,0.));
#2123 = CARTESIAN_POINT('',(9.596566638524,-6.034096846841,0.));
#2124 = CARTESIAN_POINT('',(9.560937279228,-6.008964325794,0.));
#2125 = ORIENTED_EDGE('',*,*,#2126,.T.);
#2126 = EDGE_CURVE('',#2118,#2127,#2129,.T.);
#2127 = VERTEX_POINT('',#2128);
#2128 = CARTESIAN_POINT('',(9.46738791332,-5.600764778022,0.));
#2129 = CIRCLE('',#2130,0.304);
#2130 = AXIS2_PLACEMENT_3D('',#2131,#2132,#2133);
#2131 = CARTESIAN_POINT('',(9.72898268173,-5.75563303539,0.));
#2132 = DIRECTION('',(0.,0.,-1.));
#2133 = DIRECTION('',(-0.552780929282,-0.833326613173,-0.));
#2134 = ORIENTED_EDGE('',*,*,#2135,.T.);
#2135 = EDGE_CURVE('',#2127,#2136,#2138,.T.);
#2136 = VERTEX_POINT('',#2137);
#2137 = CARTESIAN_POINT('',(9.584098535048,-5.398616051406,0.));
#2138 = CIRCLE('',#2139,11.000000000041);
#2139 = AXIS2_PLACEMENT_3D('',#2140,#2141,#2142);
#2140 = CARTESIAN_POINT('',(-3.524914E-11,2.047118E-11,0.));
#2141 = DIRECTION('',(-0.,0.,1.));
#2142 = DIRECTION('',(0.860671628484,-0.509160434366,0.));
#2143 = ORIENTED_EDGE('',*,*,#2144,.T.);
#2144 = EDGE_CURVE('',#2136,#2145,#2147,.T.);
#2145 = VERTEX_POINT('',#2146);
#2146 = CARTESIAN_POINT('',(9.98401067296,-5.275367437109,0.));
#2147 = CIRCLE('',#2148,0.304);
#2148 = AXIS2_PLACEMENT_3D('',#2149,#2150,#2151);
#2149 = CARTESIAN_POINT('',(9.84900671036,-5.547745722004,0.));
#2150 = DIRECTION('',(0.,0.,-1.));
#2151 = DIRECTION('',(-0.871408471423,0.490558126966,0.));
#2152 = ORIENTED_EDGE('',*,*,#2153,.T.);
#2153 = EDGE_CURVE('',#2145,#2154,#2156,.T.);
#2154 = VERTEX_POINT('',#2155);
#2155 = CARTESIAN_POINT('',(10.368615097842,-5.393866795245,0.));
#2156 = B_SPLINE_CURVE_WITH_KNOTS('',3,(#2157,#2158,#2159,#2160),
  .UNSPECIFIED.,.F.,.F.,(4,4),(0.,1.),.PIECEWISE_BEZIER_KNOTS.);
#2157 = CARTESIAN_POINT('',(9.98401067296,-5.275367437109,0.));
#2158 = CARTESIAN_POINT('',(10.023964477521,-5.293822074651,0.));
#2159 = CARTESIAN_POINT('',(10.146820000217,-5.345384893451,0.));
#2160 = CARTESIAN_POINT('',(10.368615097842,-5.393866795245,0.));
#2161 = ORIENTED_EDGE('',*,*,#2162,.T.);
#2162 = EDGE_CURVE('',#2154,#2163,#2165,.T.);
#2163 = VERTEX_POINT('',#2164);
#2164 = CARTESIAN_POINT('',(11.57117739607,-5.47435793463,0.));
#2165 = B_SPLINE_CURVE_WITH_KNOTS('',3,(#2166,#2167,#2168,#2169),
  .UNSPECIFIED.,.F.,.F.,(4,4),(0.,1.),.PIECEWISE_BEZIER_KNOTS.);
#2166 = CARTESIAN_POINT('',(10.368615097842,-5.393866795245,0.));
#2167 = CARTESIAN_POINT('',(10.633984784536,-5.451255298209,0.));
#2168 = CARTESIAN_POINT('',(11.032873521004,-5.50127900794,0.));
#2169 = CARTESIAN_POINT('',(11.57117739607,-5.47435793463,0.));
#2170 = ORIENTED_EDGE('',*,*,#2171,.T.);
#2171 = EDGE_CURVE('',#2163,#2172,#2174,.T.);
#2172 = VERTEX_POINT('',#2173);
#2173 = CARTESIAN_POINT('',(11.810237734372,-4.93541129569,0.));
#2174 = CIRCLE('',#2175,12.800000000014);
#2175 = AXIS2_PLACEMENT_3D('',#2176,#2177,#2178);
#2176 = CARTESIAN_POINT('',(-6.772687747364E-03,-1.623812493371E-02,0.)
  );
#2177 = DIRECTION('',(-0.,0.,1.));
#2178 = DIRECTION('',(0.904527350297,-0.426415610132,0.));
#2179 = ORIENTED_EDGE('',*,*,#2180,.T.);
#2180 = EDGE_CURVE('',#2172,#2181,#2183,.T.);
#2181 = VERTEX_POINT('',#2182);
#2182 = CARTESIAN_POINT('',(10.946381905721,-4.096181298006,0.));
#2183 = B_SPLINE_CURVE_WITH_KNOTS('',3,(#2184,#2185,#2186,#2187),
  .UNSPECIFIED.,.F.,.F.,(4,4),(0.,1.),.PIECEWISE_BEZIER_KNOTS.);
#2184 = CARTESIAN_POINT('',(11.810237734372,-4.93541129569,0.));
#2185 = CARTESIAN_POINT('',(11.470680377248,-4.517948708948,0.));
#2186 = CARTESIAN_POINT('',(11.166596854108,-4.254989003726,0.));
#2187 = CARTESIAN_POINT('',(10.946381905721,-4.096181298006,0.));
#2188 = ORIENTED_EDGE('',*,*,#2189,.T.);
#2189 = EDGE_CURVE('',#2181,#2190,#2192,.T.);
#2190 = VERTEX_POINT('',#2191);
#2191 = CARTESIAN_POINT('',(10.601341793483,-3.889823402644,0.));
#2192 = B_SPLINE_CURVE_WITH_KNOTS('',3,(#2193,#2194,#2195,#2196),
  .UNSPECIFIED.,.F.,.F.,(4,4),(0.,1.),.PIECEWISE_BEZIER_KNOTS.);
#2193 = CARTESIAN_POINT('',(10.946381905721,-4.096181298006,0.));
#2194 = CARTESIAN_POINT('',(10.761942943112,-3.963796143236,0.));
#2195 = CARTESIAN_POINT('',(10.641417910739,-3.906998957472,0.));
#2196 = CARTESIAN_POINT('',(10.601341793483,-3.889823402644,0.));
#2197 = ORIENTED_EDGE('',*,*,#2198,.T.);
#2198 = EDGE_CURVE('',#2190,#2199,#2201,.T.);
#2199 = VERTEX_POINT('',#2200);
#2200 = CARTESIAN_POINT('',(10.424967247501,-3.50999400121,0.));
#2201 = CIRCLE('',#2202,0.304);
#2202 = AXIS2_PLACEMENT_3D('',#2203,#2204,#2205);
#2203 = CARTESIAN_POINT('',(10.71304446383,-3.607089404976,0.));
#2204 = DIRECTION('',(0.,0.,-1.));
#2205 = DIRECTION('',(-0.36744299456,-0.930046044961,-0.));
#2206 = ORIENTED_EDGE('',*,*,#2207,.T.);
#2207 = EDGE_CURVE('',#2199,#2208,#2210,.T.);
#2208 = VERTEX_POINT('',#2209);
#2209 = CARTESIAN_POINT('',(10.497098378577,-3.28799720658,0.));
#2210 = CIRCLE('',#2211,11.000000000012);
#2211 = AXIS2_PLACEMENT_3D('',#2212,#2213,#2214);
#2212 = CARTESIAN_POINT('',(-1.143174E-11,3.75944E-12,0.));
#2213 = DIRECTION('',(-0.,0.,1.));
#2214 = DIRECTION('',(0.947724295227,-0.319090363746,0.));
#2215 = ORIENTED_EDGE('',*,*,#2216,.T.);
#2216 = EDGE_CURVE('',#2208,#2217,#2219,.T.);
#2217 = VERTEX_POINT('',#2218);
#2218 = CARTESIAN_POINT('',(10.862646648991,-3.084295461439,0.));
#2219 = CIRCLE('',#2220,0.304);
#2220 = AXIS2_PLACEMENT_3D('',#2221,#2222,#2223);
#2221 = CARTESIAN_POINT('',(10.787223476639,-3.378790529433,0.));
#2222 = DIRECTION('',(0.,0.,-1.));
#2223 = DIRECTION('',(-0.954358875203,0.298662246226,0.));
#2224 = ORIENTED_EDGE('',*,*,#2225,.T.);
#2225 = EDGE_CURVE('',#2217,#2226,#2228,.T.);
#2226 = VERTEX_POINT('',#2227);
#2227 = CARTESIAN_POINT('',(11.263483946331,-3.120241568016,0.));
#2228 = B_SPLINE_CURVE_WITH_KNOTS('',3,(#2229,#2230,#2231,#2232),
  .UNSPECIFIED.,.F.,.F.,(4,4),(0.,1.),.PIECEWISE_BEZIER_KNOTS.);
#2229 = CARTESIAN_POINT('',(10.862646648991,-3.084295461439,0.));
#2230 = CARTESIAN_POINT('',(10.905564301958,-3.094039957813,0.));
#2231 = CARTESIAN_POINT('',(11.036455649559,-3.118932905859,0.));
#2232 = CARTESIAN_POINT('',(11.263483946331,-3.120241568016,0.));
#2233 = ORIENTED_EDGE('',*,*,#2234,.T.);
#2234 = EDGE_CURVE('',#2226,#2235,#2237,.T.);
#2235 = VERTEX_POINT('',#2236);
#2236 = CARTESIAN_POINT('',(12.456502421961,-2.948947022147,0.));
#2237 = B_SPLINE_CURVE_WITH_KNOTS('',3,(#2238,#2239,#2240,#2241),
  .UNSPECIFIED.,.F.,.F.,(4,4),(0.,1.),.PIECEWISE_BEZIER_KNOTS.);
#2238 = CARTESIAN_POINT('',(11.263483946331,-3.120241568016,0.));
#2239 = CARTESIAN_POINT('',(11.534986409364,-3.121202534248,0.));
#2240 = CARTESIAN_POINT('',(11.935558983971,-3.087199474254,0.));
#2241 = CARTESIAN_POINT('',(12.456502421961,-2.948947022147,0.));
#2242 = ORIENTED_EDGE('',*,*,#2243,.T.);
#2243 = EDGE_CURVE('',#2235,#2244,#2246,.T.);
#2244 = VERTEX_POINT('',#2245);
#2245 = CARTESIAN_POINT('',(12.578285411339,-2.372074221201,0.));
#2246 = CIRCLE('',#2247,12.800000000004);
#2247 = AXIS2_PLACEMENT_3D('',#2248,#2249,#2250);
#2248 = CARTESIAN_POINT('',(-3.248592250219E-03,-1.729140390735E-02,0.)
  );
#2249 = DIRECTION('',(-0.,0.,1.));
#2250 = DIRECTION('',(0.973418047985,-0.229035595175,0.));
#2251 = ORIENTED_EDGE('',*,*,#2252,.T.);
#2252 = EDGE_CURVE('',#2244,#2253,#2255,.T.);
#2253 = VERTEX_POINT('',#2254);
#2254 = CARTESIAN_POINT('',(11.558821177362,-1.73078913846,0.));
#2255 = B_SPLINE_CURVE_WITH_KNOTS('',3,(#2256,#2257,#2258,#2259),
  .UNSPECIFIED.,.F.,.F.,(4,4),(0.,1.),.PIECEWISE_BEZIER_KNOTS.);
#2256 = CARTESIAN_POINT('',(12.578285411339,-2.372074221201,0.));
#2257 = CARTESIAN_POINT('',(12.159352844895,-2.034332137832,0.));
#2258 = CARTESIAN_POINT('',(11.807241879383,-1.840341252525,0.));
#2259 = CARTESIAN_POINT('',(11.558821177362,-1.73078913846,0.));
#2260 = ORIENTED_EDGE('',*,*,#2261,.T.);
#2261 = EDGE_CURVE('',#2253,#2262,#2264,.T.);
#2262 = VERTEX_POINT('',#2263);
#2263 = CARTESIAN_POINT('',(11.178416800481,-1.600678531354,0.));
#2264 = B_SPLINE_CURVE_WITH_KNOTS('',3,(#2265,#2266,#2267,#2268),
  .UNSPECIFIED.,.F.,.F.,(4,4),(0.,1.),.PIECEWISE_BEZIER_KNOTS.);
#2265 = CARTESIAN_POINT('',(11.558821177362,-1.73078913846,0.));
#2266 = CARTESIAN_POINT('',(11.350888227236,-1.639643933517,0.));
#2267 = CARTESIAN_POINT('',(11.221188157066,-1.609146465801,0.));
#2268 = CARTESIAN_POINT('',(11.178416800481,-1.600678531354,0.));
#2269 = ORIENTED_EDGE('',*,*,#2270,.T.);
#2270 = EDGE_CURVE('',#2262,#2271,#2273,.T.);
#2271 = VERTEX_POINT('',#2272);
#2272 = CARTESIAN_POINT('',(10.926925488423,-1.265819643726,0.));
#2273 = CIRCLE('',#2274,0.304);
#2274 = AXIS2_PLACEMENT_3D('',#2275,#2276,#2277);
#2275 = CARTESIAN_POINT('',(11.228894795969,-1.300898658828,0.));
#2276 = DIRECTION('',(0.,0.,-1.));
#2277 = DIRECTION('',(-0.166046037789,-0.986118001729,-0.));
#2278 = ORIENTED_EDGE('',*,*,#2279,.T.);
#2279 = EDGE_CURVE('',#2271,#85,#2280,.T.);
#2280 = CIRCLE('',#2281,10.999999999973);
#2281 = AXIS2_PLACEMENT_3D('',#2282,#2283,#2284);
#2282 = CARTESIAN_POINT('',(2.659029E-11,-2.66442E-12,0.));
#2283 = DIRECTION('',(-0.,0.,1.));
#2284 = DIRECTION('',(0.993356862584,-0.115074513066,0.));
#2285 = ORIENTED_EDGE('',*,*,#102,.T.);
#2286 = FACE_BOUND('',#2287,.F.);
#2287 = EDGE_LOOP('',(#2288));
#2288 = ORIENTED_EDGE('',*,*,#2289,.F.);
#2289 = EDGE_CURVE('',#2290,#2290,#2292,.T.);
#2290 = VERTEX_POINT('',#2291);
#2291 = CARTESIAN_POINT('',(2.6,0.,0.));
#2292 = CIRCLE('',#2293,2.6);
#2293 = AXIS2_PLACEMENT_3D('',#2294,#2295,#2296);
#2294 = CARTESIAN_POINT('',(0.,0.,0.));
#2295 = DIRECTION('',(0.,0.,1.));
#2296 = DIRECTION('',(1.,0.,0.));
#2297 = PLANE('',#2298);
#2298 = AXIS2_PLACEMENT_3D('',#2299,#2300,#2301);
#2299 = CARTESIAN_POINT('',(-5.E-17,-5.62E-15,0.));
#2300 = DIRECTION('',(0.,0.,1.));
#2301 = DIRECTION('',(1.,0.,0.));
#2302 = ADVANCED_FACE('',(#2303,#4439),#4450,.T.);
#2303 = FACE_BOUND('',#2304,.T.);
#2304 = EDGE_LOOP('',(#2305,#2306,#2307,#2316,#2325,#2334,#2343,#2352,
    #2361,#2370,#2379,#2388,#2397,#2406,#2415,#2424,#2433,#2442,#2451,
    #2460,#2469,#2478,#2487,#2496,#2505,#2514,#2523,#2532,#2541,#2550,
    #2559,#2568,#2577,#2586,#2595,#2604,#2613,#2622,#2631,#2640,#2649,
    #2658,#2667,#2676,#2685,#2694,#2703,#2712,#2721,#2730,#2739,#2748,
    #2757,#2766,#2775,#2784,#2793,#2802,#2811,#2820,#2829,#2838,#2847,
    #2856,#2865,#2874,#2883,#2892,#2901,#2910,#2919,#2928,#2937,#2946,
    #2955,#2964,#2973,#2982,#2991,#3000,#3009,#3018,#3027,#3036,#3045,
    #3054,#3063,#3072,#3081,#3090,#3099,#3108,#3117,#3126,#3135,#3144,
    #3153,#3162,#3171,#3180,#3189,#3198,#3207,#3216,#3225,#3234,#3243,
    #3252,#3261,#3270,#3279,#3288,#3297,#3306,#3315,#3324,#3333,#3342,
    #3351,#3360,#3369,#3378,#3387,#3396,#3405,#3414,#3423,#3432,#3441,
    #3450,#3459,#3468,#3477,#3486,#3495,#3504,#3513,#3522,#3531,#3540,
    #3549,#3558,#3567,#3576,#3585,#3594,#3603,#3612,#3621,#3630,#3639,
    #3648,#3657,#3666,#3675,#3684,#3693,#3702,#3711,#3720,#3729,#3738,
    #3747,#3756,#3765,#3774,#3783,#3792,#3801,#3810,#3819,#3828,#3837,
    #3846,#3855,#3864,#3873,#3882,#3891,#3900,#3909,#3918,#3927,#3936,
    #3945,#3954,#3963,#3972,#3981,#3990,#3999,#4008,#4017,#4026,#4035,
    #4044,#4053,#4062,#4071,#4080,#4089,#4098,#4107,#4116,#4125,#4134,
    #4143,#4152,#4161,#4170,#4179,#4188,#4197,#4206,#4215,#4224,#4233,
    #4242,#4251,#4260,#4269,#4278,#4287,#4296,#4305,#4314,#4323,#4332,
    #4341,#4350,#4359,#4368,#4377,#4386,#4395,#4404,#4413,#4422,#4431,
    #4438));
#2305 = ORIENTED_EDGE('',*,*,#49,.T.);
#2306 = ORIENTED_EDGE('',*,*,#118,.T.);
#2307 = ORIENTED_EDGE('',*,*,#2308,.T.);
#2308 = EDGE_CURVE('',#119,#2309,#2311,.T.);
#2309 = VERTEX_POINT('',#2310);
#2310 = CARTESIAN_POINT('',(12.796601658522,0.29493387923,5.4));
#2311 = CIRCLE('',#2312,12.799999999997);
#2312 = AXIS2_PLACEMENT_3D('',#2313,#2314,#2315);
#2313 = CARTESIAN_POINT('',(4.174823149024E-04,-1.758896555278E-02,5.4)
  );
#2314 = DIRECTION('',(-0.,0.,1.));
#2315 = DIRECTION('',(0.999765705998,-2.164562567391E-02,0.));
#2316 = ORIENTED_EDGE('',*,*,#2317,.T.);
#2317 = EDGE_CURVE('',#2309,#2318,#2320,.T.);
#2318 = VERTEX_POINT('',#2319);
#2319 = CARTESIAN_POINT('',(11.666084498174,0.710246811685,5.4));
#2320 = B_SPLINE_CURVE_WITH_KNOTS('',3,(#2321,#2322,#2323,#2324),
  .UNSPECIFIED.,.F.,.F.,(4,4),(0.,1.),.PIECEWISE_BEZIER_KNOTS.);
#2321 = CARTESIAN_POINT('',(12.796601658522,0.29493387923,5.4));
#2322 = CARTESIAN_POINT('',(12.316603246172,0.538194509515,5.4));
#2323 = CARTESIAN_POINT('',(11.931853777097,0.654738242348,5.4));
#2324 = CARTESIAN_POINT('',(11.666084498174,0.710246811685,5.4));
#2325 = ORIENTED_EDGE('',*,*,#2326,.T.);
#2326 = EDGE_CURVE('',#2318,#2327,#2329,.T.);
#2327 = VERTEX_POINT('',#2328);
#2328 = CARTESIAN_POINT('',(11.266941353302,0.758423672663,5.4));
#2329 = B_SPLINE_CURVE_WITH_KNOTS('',3,(#2330,#2331,#2332,#2333),
  .UNSPECIFIED.,.F.,.F.,(4,4),(0.,1.),.PIECEWISE_BEZIER_KNOTS.);
#2330 = CARTESIAN_POINT('',(11.666084498174,0.710246811685,5.4));
#2331 = CARTESIAN_POINT('',(11.443745228226,0.756168583981,5.4));
#2332 = CARTESIAN_POINT('',(11.310538635695,0.759033447968,5.4));
#2333 = CARTESIAN_POINT('',(11.266941353302,0.758423672663,5.4));
#2334 = ORIENTED_EDGE('',*,*,#2335,.T.);
#2335 = EDGE_CURVE('',#2327,#2336,#2338,.T.);
#2336 = VERTEX_POINT('',#2337);
#2337 = CARTESIAN_POINT('',(10.951324652296,1.033677106265,5.4));
#2338 = CIRCLE('',#2339,0.304);
#2339 = AXIS2_PLACEMENT_3D('',#2340,#2341,#2342);
#2340 = CARTESIAN_POINT('',(11.253988543309,1.062147601114,5.4));
#2341 = DIRECTION('',(0.,0.,-1.));
#2342 = DIRECTION('',(4.26079276102E-02,-0.999091869902,0.));
#2343 = ORIENTED_EDGE('',*,*,#2344,.T.);
#2344 = EDGE_CURVE('',#2336,#2345,#2347,.T.);
#2345 = VERTEX_POINT('',#2346);
#2346 = CARTESIAN_POINT('',(10.926925488423,1.265819643726,5.4));
#2347 = CIRCLE('',#2348,11.000000000028);
#2348 = AXIS2_PLACEMENT_3D('',#2349,#2350,#2351);
#2349 = CARTESIAN_POINT('',(-2.814282E-11,-2.92688E-12,5.4));
#2350 = DIRECTION('',(0.,-0.,1.));
#2351 = DIRECTION('',(0.995574968391,9.397064602413E-02,0.));
#2352 = ORIENTED_EDGE('',*,*,#2353,.T.);
#2353 = EDGE_CURVE('',#2345,#2354,#2356,.T.);
#2354 = VERTEX_POINT('',#2355);
#2355 = CARTESIAN_POINT('',(11.178017486402,1.600592324104,5.4));
#2356 = CIRCLE('',#2357,0.304);
#2357 = AXIS2_PLACEMENT_3D('',#2358,#2359,#2360);
#2358 = CARTESIAN_POINT('',(11.228896925257,1.300880324508,5.4));
#2359 = DIRECTION('',(0.,0.,-1.));
#2360 = DIRECTION('',(-0.993327094846,-0.115331186781,-0.));
#2361 = ORIENTED_EDGE('',*,*,#2362,.T.);
#2362 = EDGE_CURVE('',#2354,#2363,#2365,.T.);
#2363 = VERTEX_POINT('',#2364);
#2364 = CARTESIAN_POINT('',(11.558821177362,1.73078913846,5.4));
#2365 = B_SPLINE_CURVE_WITH_KNOTS('',3,(#2366,#2367,#2368,#2369),
  .UNSPECIFIED.,.F.,.F.,(4,4),(0.,1.),.PIECEWISE_BEZIER_KNOTS.);
#2366 = CARTESIAN_POINT('',(11.178017486402,1.600592324104,5.4));
#2367 = CARTESIAN_POINT('',(11.221188157066,1.609146465801,5.4));
#2368 = CARTESIAN_POINT('',(11.350888227236,1.639643933517,5.4));
#2369 = CARTESIAN_POINT('',(11.558821177362,1.73078913846,5.4));
#2370 = ORIENTED_EDGE('',*,*,#2371,.T.);
#2371 = EDGE_CURVE('',#2363,#2372,#2374,.T.);
#2372 = VERTEX_POINT('',#2373);
#2373 = CARTESIAN_POINT('',(12.579026018093,2.372518822663,5.4));
#2374 = B_SPLINE_CURVE_WITH_KNOTS('',3,(#2375,#2376,#2377,#2378),
  .UNSPECIFIED.,.F.,.F.,(4,4),(0.,1.),.PIECEWISE_BEZIER_KNOTS.);
#2375 = CARTESIAN_POINT('',(11.558821177362,1.73078913846,5.4));
#2376 = CARTESIAN_POINT('',(11.807241879383,1.840341252525,5.4));
#2377 = CARTESIAN_POINT('',(12.159352844895,2.034332137832,5.4));
#2378 = CARTESIAN_POINT('',(12.579026018093,2.372518822663,5.4));
#2379 = ORIENTED_EDGE('',*,*,#2380,.T.);
#2380 = EDGE_CURVE('',#2372,#2381,#2383,.T.);
#2381 = VERTEX_POINT('',#2382);
#2382 = CARTESIAN_POINT('',(12.455645008319,2.949051953889,5.4));
#2383 = CIRCLE('',#2384,12.800000000004);
#2384 = AXIS2_PLACEMENT_3D('',#2385,#2386,#2387);
#2385 = CARTESIAN_POINT('',(4.065310885522E-03,-1.711780500236E-02,5.4)
  );
#2386 = DIRECTION('',(0.,-0.,1.));
#2387 = DIRECTION('',(0.98241880525,0.186690361536,0.));
#2388 = ORIENTED_EDGE('',*,*,#2389,.T.);
#2389 = EDGE_CURVE('',#2381,#2390,#2392,.T.);
#2390 = VERTEX_POINT('',#2391);
#2391 = CARTESIAN_POINT('',(11.263483946331,3.120241568016,5.4));
#2392 = B_SPLINE_CURVE_WITH_KNOTS('',3,(#2393,#2394,#2395,#2396),
  .UNSPECIFIED.,.F.,.F.,(4,4),(0.,1.),.PIECEWISE_BEZIER_KNOTS.);
#2393 = CARTESIAN_POINT('',(12.455645008319,2.949051953889,5.4));
#2394 = CARTESIAN_POINT('',(11.935558983971,3.087199474254,5.4));
#2395 = CARTESIAN_POINT('',(11.534986409364,3.121202534248,5.4));
#2396 = CARTESIAN_POINT('',(11.263483946331,3.120241568016,5.4));
#2397 = ORIENTED_EDGE('',*,*,#2398,.T.);
#2398 = EDGE_CURVE('',#2390,#2399,#2401,.T.);
#2399 = VERTEX_POINT('',#2400);
#2400 = CARTESIAN_POINT('',(10.863046504201,3.084379122865,5.4));
#2401 = B_SPLINE_CURVE_WITH_KNOTS('',3,(#2402,#2403,#2404,#2405),
  .UNSPECIFIED.,.F.,.F.,(4,4),(0.,1.),.PIECEWISE_BEZIER_KNOTS.);
#2402 = CARTESIAN_POINT('',(11.263483946331,3.120241568016,5.4));
#2403 = CARTESIAN_POINT('',(11.036455649559,3.118932905859,5.4));
#2404 = CARTESIAN_POINT('',(10.905564301958,3.094039957813,5.4));
#2405 = CARTESIAN_POINT('',(10.863046504201,3.084379122865,5.4));
#2406 = ORIENTED_EDGE('',*,*,#2407,.T.);
#2407 = EDGE_CURVE('',#2399,#2408,#2410,.T.);
#2408 = VERTEX_POINT('',#2409);
#2409 = CARTESIAN_POINT('',(10.497098378577,3.28799720658,5.4));
#2410 = CIRCLE('',#2411,0.304);
#2411 = AXIS2_PLACEMENT_3D('',#2412,#2413,#2414);
#2412 = CARTESIAN_POINT('',(10.787228988678,3.378772914138,5.4));
#2413 = DIRECTION('',(0.,0.,-1.));
#2414 = DIRECTION('',(0.249399722118,-0.968400629186,0.));
#2415 = ORIENTED_EDGE('',*,*,#2416,.T.);
#2416 = EDGE_CURVE('',#2408,#2417,#2419,.T.);
#2417 = VERTEX_POINT('',#2418);
#2418 = CARTESIAN_POINT('',(10.424967247501,3.50999400121,5.4));
#2419 = CIRCLE('',#2420,10.999999999984);
#2420 = AXIS2_PLACEMENT_3D('',#2421,#2422,#2423);
#2421 = CARTESIAN_POINT('',(1.550493E-11,5.09437E-12,5.4));
#2422 = DIRECTION('',(0.,-0.,1.));
#2423 = DIRECTION('',(0.95428167078,0.298908836962,0.));
#2424 = ORIENTED_EDGE('',*,*,#2425,.T.);
#2425 = EDGE_CURVE('',#2417,#2426,#2428,.T.);
#2426 = VERTEX_POINT('',#2427);
#2427 = CARTESIAN_POINT('',(10.60096912887,3.889656057163,5.4));
#2428 = CIRCLE('',#2429,0.304);
#2429 = AXIS2_PLACEMENT_3D('',#2430,#2431,#2432);
#2430 = CARTESIAN_POINT('',(10.713050358507,3.607071914007,5.4));
#2431 = DIRECTION('',(0.,0.,-1.));
#2432 = DIRECTION('',(-0.94764181252,-0.319335239464,-0.));
#2433 = ORIENTED_EDGE('',*,*,#2434,.T.);
#2434 = EDGE_CURVE('',#2426,#2435,#2437,.T.);
#2435 = VERTEX_POINT('',#2436);
#2436 = CARTESIAN_POINT('',(10.946381905721,4.096181298006,5.4));
#2437 = B_SPLINE_CURVE_WITH_KNOTS('',3,(#2438,#2439,#2440,#2441),
  .UNSPECIFIED.,.F.,.F.,(4,4),(0.,1.),.PIECEWISE_BEZIER_KNOTS.);
#2438 = CARTESIAN_POINT('',(10.60096912887,3.889656057163,5.4));
#2439 = CARTESIAN_POINT('',(10.641417910739,3.906998957472,5.4));
#2440 = CARTESIAN_POINT('',(10.761942943112,3.963796143236,5.4));
#2441 = CARTESIAN_POINT('',(10.946381905721,4.096181298006,5.4));
#2442 = ORIENTED_EDGE('',*,*,#2443,.T.);
#2443 = EDGE_CURVE('',#2435,#2444,#2446,.T.);
#2444 = VERTEX_POINT('',#2445);
#2445 = CARTESIAN_POINT('',(11.810869719249,4.936000162346,5.4));
#2446 = B_SPLINE_CURVE_WITH_KNOTS('',3,(#2447,#2448,#2449,#2450),
  .UNSPECIFIED.,.F.,.F.,(4,4),(0.,1.),.PIECEWISE_BEZIER_KNOTS.);
#2447 = CARTESIAN_POINT('',(10.946381905721,4.096181298006,5.4));
#2448 = CARTESIAN_POINT('',(11.166596854108,4.254989003726,5.4));
#2449 = CARTESIAN_POINT('',(11.470680377248,4.517948708948,5.4));
#2450 = CARTESIAN_POINT('',(11.810869719249,4.936000162346,5.4));
#2451 = ORIENTED_EDGE('',*,*,#2452,.T.);
#2452 = EDGE_CURVE('',#2444,#2453,#2455,.T.);
#2453 = VERTEX_POINT('',#2454);
#2454 = CARTESIAN_POINT('',(11.570316902437,5.474282307041,5.4));
#2455 = CIRCLE('',#2456,12.800000000003);
#2456 = AXIS2_PLACEMENT_3D('',#2457,#2458,#2459);
#2457 = CARTESIAN_POINT('',(7.53546587079E-03,-1.589851423267E-02,5.4));
#2458 = DIRECTION('',(0.,-0.,1.));
#2459 = DIRECTION('',(0.922135488545,0.386867084108,0.));
#2460 = ORIENTED_EDGE('',*,*,#2461,.T.);
#2461 = EDGE_CURVE('',#2453,#2462,#2464,.T.);
#2462 = VERTEX_POINT('',#2463);
#2463 = CARTESIAN_POINT('',(10.368615097842,5.393866795245,5.4));
#2464 = B_SPLINE_CURVE_WITH_KNOTS('',3,(#2465,#2466,#2467,#2468),
  .UNSPECIFIED.,.F.,.F.,(4,4),(0.,1.),.PIECEWISE_BEZIER_KNOTS.);
#2465 = CARTESIAN_POINT('',(11.570316902437,5.474282307041,5.4));
#2466 = CARTESIAN_POINT('',(11.032873521004,5.50127900794,5.4));
#2467 = CARTESIAN_POINT('',(10.633984784536,5.451255298209,5.4));
#2468 = CARTESIAN_POINT('',(10.368615097842,5.393866795245,5.4));
#2469 = ORIENTED_EDGE('',*,*,#2470,.T.);
#2470 = EDGE_CURVE('',#2462,#2471,#2473,.T.);
#2471 = VERTEX_POINT('',#2472);
#2472 = CARTESIAN_POINT('',(9.984384396187,5.275532404904,5.4));
#2473 = B_SPLINE_CURVE_WITH_KNOTS('',3,(#2474,#2475,#2476,#2477),
  .UNSPECIFIED.,.F.,.F.,(4,4),(0.,1.),.PIECEWISE_BEZIER_KNOTS.);
#2474 = CARTESIAN_POINT('',(10.368615097842,5.393866795245,5.4));
#2475 = CARTESIAN_POINT('',(10.146820000217,5.345384893451,5.4));
#2476 = CARTESIAN_POINT('',(10.023964477521,5.293822074651,5.4));
#2477 = CARTESIAN_POINT('',(9.984384396187,5.275532404904,5.4));
#2478 = ORIENTED_EDGE('',*,*,#2479,.T.);
#2479 = EDGE_CURVE('',#2471,#2480,#2482,.T.);
#2480 = VERTEX_POINT('',#2481);
#2481 = CARTESIAN_POINT('',(9.584098535048,5.398616051406,5.4));
#2482 = CIRCLE('',#2483,0.304);
#2483 = AXIS2_PLACEMENT_3D('',#2484,#2485,#2486);
#2484 = CARTESIAN_POINT('',(9.849015764374,5.547729637662,5.4));
#2485 = DIRECTION('',(0.,-0.,-1.));
#2486 = DIRECTION('',(0.445291552016,-0.895385634072,0.));
#2487 = ORIENTED_EDGE('',*,*,#2488,.T.);
#2488 = EDGE_CURVE('',#2480,#2489,#2491,.T.);
#2489 = VERTEX_POINT('',#2490);
#2490 = CARTESIAN_POINT('',(9.46738791332,5.600764778022,5.4));
#2491 = CIRCLE('',#2492,10.999999999991);
#2492 = AXIS2_PLACEMENT_3D('',#2493,#2494,#2495);
#2493 = CARTESIAN_POINT('',(7.68363E-12,4.41736E-12,5.4));
#2494 = DIRECTION('',(0.,-0.,1.));
#2495 = DIRECTION('',(0.871281685004,0.490783277401,0.));
#2496 = ORIENTED_EDGE('',*,*,#2497,.T.);
#2497 = EDGE_CURVE('',#2489,#2498,#2500,.T.);
#2498 = VERTEX_POINT('',#2499);
#2499 = CARTESIAN_POINT('',(9.560607551313,6.008723155884,5.4));
#2500 = CIRCLE('',#2501,0.304);
#2501 = AXIS2_PLACEMENT_3D('',#2502,#2503,#2504);
#2502 = CARTESIAN_POINT('',(9.728992084172,5.755617152214,5.4));
#2503 = DIRECTION('',(0.,0.,-1.));
#2504 = DIRECTION('',(-0.860540035697,-0.509382809842,-0.));
#2505 = ORIENTED_EDGE('',*,*,#2506,.T.);
#2506 = EDGE_CURVE('',#2498,#2507,#2509,.T.);
#2507 = VERTEX_POINT('',#2508);
#2508 = CARTESIAN_POINT('',(9.855533218233,6.282550679171,5.4));
#2509 = B_SPLINE_CURVE_WITH_KNOTS('',3,(#2510,#2511,#2512,#2513),
  .UNSPECIFIED.,.F.,.F.,(4,4),(0.,1.),.PIECEWISE_BEZIER_KNOTS.);
#2510 = CARTESIAN_POINT('',(9.560607551313,6.008723155884,5.4));
#2511 = CARTESIAN_POINT('',(9.596566638524,6.034096846841,5.4));
#2512 = CARTESIAN_POINT('',(9.702649110842,6.114711441091,5.4));
#2513 = CARTESIAN_POINT('',(9.855533218233,6.282550679171,5.4));
#2514 = ORIENTED_EDGE('',*,*,#2515,.T.);
#2515 = EDGE_CURVE('',#2507,#2516,#2518,.T.);
#2516 = VERTEX_POINT('',#2517);
#2517 = CARTESIAN_POINT('',(10.526521738833,7.283754609378,5.4));
#2518 = B_SPLINE_CURVE_WITH_KNOTS('',3,(#2519,#2520,#2521,#2522),
  .UNSPECIFIED.,.F.,.F.,(4,4),(0.,1.),.PIECEWISE_BEZIER_KNOTS.);
#2519 = CARTESIAN_POINT('',(9.855533218233,6.282550679171,5.4));
#2520 = CARTESIAN_POINT('',(10.037917963032,6.483673317761,5.4));
#2521 = CARTESIAN_POINT('',(10.280684134685,6.80410924196,5.4));
#2522 = CARTESIAN_POINT('',(10.526521738833,7.283754609378,5.4));
#2523 = ORIENTED_EDGE('',*,*,#2524,.T.);
#2524 = EDGE_CURVE('',#2516,#2525,#2527,.T.);
#2525 = VERTEX_POINT('',#2526);
#2526 = CARTESIAN_POINT('',(10.179310427378,7.760260254855,5.4));
#2527 = CIRCLE('',#2528,12.800000000009);
#2528 = AXIS2_PLACEMENT_3D('',#2529,#2530,#2531);
#2529 = CARTESIAN_POINT('',(1.06762848324E-02,-1.398438210531E-02,5.4));
#2530 = DIRECTION('',(0.,-0.,1.));
#2531 = DIRECTION('',(0.821550426093,0.570135858709,0.));
#2532 = ORIENTED_EDGE('',*,*,#2533,.T.);
#2533 = EDGE_CURVE('',#2525,#2534,#2536,.T.);
#2534 = VERTEX_POINT('',#2535);
#2535 = CARTESIAN_POINT('',(9.020588015441,7.431754160878,5.4));
#2536 = B_SPLINE_CURVE_WITH_KNOTS('',3,(#2537,#2538,#2539,#2540),
  .UNSPECIFIED.,.F.,.F.,(4,4),(0.,1.),.PIECEWISE_BEZIER_KNOTS.);
#2537 = CARTESIAN_POINT('',(10.179310427378,7.760260254855,5.4));
#2538 = CARTESIAN_POINT('',(9.647998543569,7.674926250915,5.4));
#2539 = CARTESIAN_POINT('',(9.268226997104,7.543062047614,5.4));
#2540 = CARTESIAN_POINT('',(9.020588015441,7.431754160878,5.4));
#2541 = ORIENTED_EDGE('',*,*,#2542,.T.);
#2542 = EDGE_CURVE('',#2534,#2543,#2545,.T.);
#2543 = VERTEX_POINT('',#2544);
#2544 = CARTESIAN_POINT('',(8.669356779666,7.236119606036,5.4));
#2545 = B_SPLINE_CURVE_WITH_KNOTS('',3,(#2546,#2547,#2548,#2549),
  .UNSPECIFIED.,.F.,.F.,(4,4),(0.,1.),.PIECEWISE_BEZIER_KNOTS.);
#2546 = CARTESIAN_POINT('',(9.020588015441,7.431754160878,5.4));
#2547 = CARTESIAN_POINT('',(8.813719627021,7.338217911196,5.4));
#2548 = CARTESIAN_POINT('',(8.704269305099,7.26223876425,5.4));
#2549 = CARTESIAN_POINT('',(8.669356779666,7.236119606036,5.4));
#2550 = ORIENTED_EDGE('',*,*,#2551,.T.);
#2551 = EDGE_CURVE('',#2543,#2552,#2554,.T.);
#2552 = VERTEX_POINT('',#2553);
#2553 = CARTESIAN_POINT('',(8.25222759593,7.273289469351,5.4));
#2554 = CIRCLE('',#2555,0.304);
#2555 = AXIS2_PLACEMENT_3D('',#2556,#2557,#2558);
#2556 = CARTESIAN_POINT('',(8.480353290345,7.474223955061,5.4));
#2557 = DIRECTION('',(0.,-0.,-1.));
#2558 = DIRECTION('',(0.621722004346,-0.783237990213,0.));
#2559 = ORIENTED_EDGE('',*,*,#2560,.T.);
#2560 = EDGE_CURVE('',#2552,#2561,#2563,.T.);
#2561 = VERTEX_POINT('',#2562);
#2562 = CARTESIAN_POINT('',(8.096038297759,7.446755258582,5.4));
#2563 = CIRCLE('',#2564,11.000000000009);
#2564 = AXIS2_PLACEMENT_3D('',#2565,#2566,#2567);
#2565 = CARTESIAN_POINT('',(-6.74749E-12,-5.97344E-12,5.4));
#2566 = DIRECTION('',(0.,-0.,1.));
#2567 = DIRECTION('',(0.750202508721,0.661208133577,0.));
#2568 = ORIENTED_EDGE('',*,*,#2569,.T.);
#2569 = EDGE_CURVE('',#2561,#2570,#2572,.T.);
#2570 = VERTEX_POINT('',#2571);
#2571 = CARTESIAN_POINT('',(8.102401546879,7.86518021964,5.4));
#2572 = CIRCLE('',#2573,0.304);
#2573 = AXIS2_PLACEMENT_3D('',#2574,#2575,#2576);
#2574 = CARTESIAN_POINT('',(8.319730170874,7.652614302353,5.4));
#2575 = DIRECTION('',(0.,0.,-1.));
#2576 = DIRECTION('',(-0.735828529985,-0.67716790714,-0.));
#2577 = ORIENTED_EDGE('',*,*,#2578,.T.);
#2578 = EDGE_CURVE('',#2570,#2579,#2581,.T.);
#2579 = VERTEX_POINT('',#2580);
#2580 = CARTESIAN_POINT('',(8.333950437012,8.194342448633,5.4));
#2581 = B_SPLINE_CURVE_WITH_KNOTS('',3,(#2582,#2583,#2584,#2585),
  .UNSPECIFIED.,.F.,.F.,(4,4),(0.,1.),.PIECEWISE_BEZIER_KNOTS.);
#2582 = CARTESIAN_POINT('',(8.102401546879,7.86518021964,5.4));
#2583 = CARTESIAN_POINT('',(8.132299354769,7.897475749193,5.4));
#2584 = CARTESIAN_POINT('',(8.219302953953,7.998384507329,5.4));
#2585 = CARTESIAN_POINT('',(8.333950437012,8.194342448633,5.4));
#2586 = ORIENTED_EDGE('',*,*,#2587,.T.);
#2587 = EDGE_CURVE('',#2579,#2588,#2590,.T.);
#2588 = VERTEX_POINT('',#2589);
#2589 = CARTESIAN_POINT('',(8.782114246574,9.313174028647,5.4));
#2590 = B_SPLINE_CURVE_WITH_KNOTS('',3,(#2591,#2592,#2593,#2594),
  .UNSPECIFIED.,.F.,.F.,(4,4),(0.,1.),.PIECEWISE_BEZIER_KNOTS.);
#2591 = CARTESIAN_POINT('',(8.333950437012,8.194342448633,5.4));
#2592 = CARTESIAN_POINT('',(8.470533889697,8.428989995694,5.4));
#2593 = CARTESIAN_POINT('',(8.641372663239,8.79289755136,5.4));
#2594 = CARTESIAN_POINT('',(8.782114246574,9.313174028647,5.4));
#2595 = ORIENTED_EDGE('',*,*,#2596,.T.);
#2596 = EDGE_CURVE('',#2588,#2597,#2599,.T.);
#2597 = VERTEX_POINT('',#2598);
#2598 = CARTESIAN_POINT('',(8.343419240892,9.707077591671,5.4));
#2599 = CIRCLE('',#2600,12.800000000025);
#2600 = AXIS2_PLACEMENT_3D('',#2601,#2602,#2603);
#2601 = CARTESIAN_POINT('',(1.335049891174E-02,-1.145906538452E-02,5.4)
  );
#2602 = DIRECTION('',(0.,-0.,1.));
#2603 = DIRECTION('',(0.685059667785,0.72848696047,0.));
#2604 = ORIENTED_EDGE('',*,*,#2605,.T.);
#2605 = EDGE_CURVE('',#2597,#2606,#2608,.T.);
#2606 = VERTEX_POINT('',#2607);
#2607 = CARTESIAN_POINT('',(7.278317951181,9.144838208167,5.4));
#2608 = B_SPLINE_CURVE_WITH_KNOTS('',3,(#2609,#2610,#2611,#2612),
  .UNSPECIFIED.,.F.,.F.,(4,4),(0.,1.),.PIECEWISE_BEZIER_KNOTS.);
#2609 = CARTESIAN_POINT('',(8.343419240892,9.707077591671,5.4));
#2610 = CARTESIAN_POINT('',(7.841459733546,9.513142388342,5.4));
#2611 = CARTESIAN_POINT('',(7.497403216011,9.305200789911,5.4));
#2612 = CARTESIAN_POINT('',(7.278317951181,9.144838208167,5.4));
#2613 = ORIENTED_EDGE('',*,*,#2614,.T.);
#2614 = EDGE_CURVE('',#2606,#2615,#2617,.T.);
#2615 = VERTEX_POINT('',#2616);
#2616 = CARTESIAN_POINT('',(6.975436671685,8.88045365763,5.4));
#2617 = B_SPLINE_CURVE_WITH_KNOTS('',3,(#2618,#2619,#2620,#2621),
  .UNSPECIFIED.,.F.,.F.,(4,4),(0.,1.),.PIECEWISE_BEZIER_KNOTS.);
#2618 = CARTESIAN_POINT('',(7.278317951181,9.144838208167,5.4));
#2619 = CARTESIAN_POINT('',(7.095417413205,9.010335593546,5.4));
#2620 = CARTESIAN_POINT('',(7.004155796326,8.913260771764,5.4));
#2621 = CARTESIAN_POINT('',(6.975436671685,8.88045365763,5.4));
#2622 = ORIENTED_EDGE('',*,*,#2623,.T.);
#2623 = EDGE_CURVE('',#2615,#2624,#2626,.T.);
#2624 = VERTEX_POINT('',#2625);
#2625 = CARTESIAN_POINT('',(6.559694712288,8.830085236371,5.4));
#2626 = CIRCLE('',#2627,0.304);
#2627 = AXIS2_PLACEMENT_3D('',#2628,#2629,#2630);
#2628 = CARTESIAN_POINT('',(6.741058684279,9.074058820318,5.4));
#2629 = DIRECTION('',(0.,-0.,-1.));
#2630 = DIRECTION('',(0.770980221732,-0.636859087788,0.));
#2631 = ORIENTED_EDGE('',*,*,#2632,.T.);
#2632 = EDGE_CURVE('',#2624,#2633,#2635,.T.);
#2633 = VERTEX_POINT('',#2634);
#2634 = CARTESIAN_POINT('',(6.370852959484,8.967286800846,5.4));
#2635 = CIRCLE('',#2636,11.000000000026);
#2636 = AXIS2_PLACEMENT_3D('',#2637,#2638,#2639);
#2637 = CARTESIAN_POINT('',(-1.55076E-11,-2.128342E-11,5.4));
#2638 = DIRECTION('',(0.,-0.,1.));
#2639 = DIRECTION('',(0.596335882935,0.802735021488,0.));
#2640 = ORIENTED_EDGE('',*,*,#2641,.T.);
#2641 = EDGE_CURVE('',#2633,#2642,#2644,.T.);
#2642 = VERTEX_POINT('',#2643);
#2643 = CARTESIAN_POINT('',(6.29008171521,9.377891166476,5.4));
#2644 = CIRCLE('',#2645,0.304);
#2645 = AXIS2_PLACEMENT_3D('',#2646,#2647,#2648);
#2646 = CARTESIAN_POINT('',(6.546856126615,9.215155486162,5.4));
#2647 = DIRECTION('',(0.,0.,-1.));
#2648 = DIRECTION('',(-0.578957786615,-0.815357517484,-0.));
#2649 = ORIENTED_EDGE('',*,*,#2650,.T.);
#2650 = EDGE_CURVE('',#2642,#2651,#2653,.T.);
#2651 = VERTEX_POINT('',#2652);
#2652 = CARTESIAN_POINT('',(6.448134030963,9.748002132272,5.4));
#2653 = B_SPLINE_CURVE_WITH_KNOTS('',3,(#2654,#2655,#2656,#2657),
  .UNSPECIFIED.,.F.,.F.,(4,4),(0.,1.),.PIECEWISE_BEZIER_KNOTS.);
#2654 = CARTESIAN_POINT('',(6.29008171521,9.377891166476,5.4));
#2655 = CARTESIAN_POINT('',(6.312611566109,9.415697065013,5.4));
#2656 = CARTESIAN_POINT('',(6.376733817384,9.53248979009,5.4));
#2657 = CARTESIAN_POINT('',(6.448134030963,9.748002132272,5.4));
#2658 = ORIENTED_EDGE('',*,*,#2659,.T.);
#2659 = EDGE_CURVE('',#2651,#2660,#2662,.T.);
#2660 = VERTEX_POINT('',#2661);
#2661 = CARTESIAN_POINT('',(6.653886220481,10.935563053298,5.4));
#2662 = B_SPLINE_CURVE_WITH_KNOTS('',3,(#2663,#2664,#2665,#2666),
  .UNSPECIFIED.,.F.,.F.,(4,4),(0.,1.),.PIECEWISE_BEZIER_KNOTS.);
#2663 = CARTESIAN_POINT('',(6.448134030963,9.748002132272,5.4));
#2664 = CARTESIAN_POINT('',(6.532946839251,10.005919364033,5.4));
#2665 = CARTESIAN_POINT('',(6.624391740504,10.397394044761,5.4));
#2666 = CARTESIAN_POINT('',(6.653886220481,10.935563053298,5.4));
#2667 = ORIENTED_EDGE('',*,*,#2668,.T.);
#2668 = EDGE_CURVE('',#2660,#2669,#2671,.T.);
#2669 = VERTEX_POINT('',#2670);
#2670 = CARTESIAN_POINT('',(6.142880597411,11.229649058005,5.4));
#2671 = CIRCLE('',#2672,12.799999999987);
#2672 = AXIS2_PLACEMENT_3D('',#2673,#2674,#2675);
#2673 = CARTESIAN_POINT('',(1.544123215753E-02,-8.432932477264E-03,5.4)
  );
#2674 = DIRECTION('',(0.,-0.,1.));
#2675 = DIRECTION('',(0.518628514713,0.85499968639,0.));
#2676 = ORIENTED_EDGE('',*,*,#2677,.T.);
#2677 = EDGE_CURVE('',#2669,#2678,#2680,.T.);
#2678 = VERTEX_POINT('',#2679);
#2679 = CARTESIAN_POINT('',(5.217950467211,10.458248943957,5.4));
#2680 = B_SPLINE_CURVE_WITH_KNOTS('',3,(#2681,#2682,#2683,#2684),
  .UNSPECIFIED.,.F.,.F.,(4,4),(0.,1.),.PIECEWISE_BEZIER_KNOTS.);
#2681 = CARTESIAN_POINT('',(6.142880597411,11.229649058005,5.4));
#2682 = CARTESIAN_POINT('',(5.692211505668,10.935588554276,5.4));
#2683 = CARTESIAN_POINT('',(5.398906937846,10.660657606381,5.4));
#2684 = CARTESIAN_POINT('',(5.217950467211,10.458248943957,5.4));
#2685 = ORIENTED_EDGE('',*,*,#2686,.T.);
#2686 = EDGE_CURVE('',#2678,#2687,#2689,.T.);
#2687 = VERTEX_POINT('',#2688);
#2688 = CARTESIAN_POINT('',(4.976656509293,10.136669271241,5.4));
#2689 = B_SPLINE_CURVE_WITH_KNOTS('',3,(#2690,#2691,#2692,#2693),
  .UNSPECIFIED.,.F.,.F.,(4,4),(0.,1.),.PIECEWISE_BEZIER_KNOTS.);
#2690 = CARTESIAN_POINT('',(5.217950467211,10.458248943957,5.4));
#2691 = CARTESIAN_POINT('',(5.067011410842,10.288658374071,5.4));
#2692 = CARTESIAN_POINT('',(4.997927069585,10.174730512981,5.4));
#2693 = CARTESIAN_POINT('',(4.976656509293,10.136669271241,5.4));
#2694 = ORIENTED_EDGE('',*,*,#2695,.T.);
#2695 = EDGE_CURVE('',#2687,#2696,#2698,.T.);
#2696 = VERTEX_POINT('',#2697);
#2697 = CARTESIAN_POINT('',(4.580471692812,10.000963907112,5.4));
#2698 = CIRCLE('',#2699,0.304);
#2699 = AXIS2_PLACEMENT_3D('',#2700,#2701,#2702);
#2700 = CARTESIAN_POINT('',(4.707147466521,10.277313772961,5.4));
#2701 = DIRECTION('',(0.,-0.,-1.));
#2702 = DIRECTION('',(0.886542903855,-0.462646387238,0.));
#2703 = ORIENTED_EDGE('',*,*,#2704,.T.);
#2704 = EDGE_CURVE('',#2696,#2705,#2707,.T.);
#2705 = VERTEX_POINT('',#2706);
#2706 = CARTESIAN_POINT('',(4.367230776135,10.095904880097,5.4));
#2707 = CIRCLE('',#2708,10.999999999993);
#2708 = AXIS2_PLACEMENT_3D('',#2709,#2710,#2711);
#2709 = CARTESIAN_POINT('',(3.03313E-12,6.79723E-12,5.4));
#2710 = DIRECTION('',(0.,-0.,1.));
#2711 = DIRECTION('',(0.416406517528,0.90917853701,0.));
#2712 = ORIENTED_EDGE('',*,*,#2713,.T.);
#2713 = EDGE_CURVE('',#2705,#2714,#2716,.T.);
#2714 = VERTEX_POINT('',#2715);
#2715 = CARTESIAN_POINT('',(4.202855129425,10.480743269222,5.4));
#2716 = CIRCLE('',#2717,0.304);
#2717 = AXIS2_PLACEMENT_3D('',#2718,#2719,#2720);
#2718 = CARTESIAN_POINT('',(4.487853054321,10.374950156003,5.4));
#2719 = DIRECTION('',(0.,0.,-1.));
#2720 = DIRECTION('',(-0.396783809823,-0.917912091795,-0.));
#2721 = ORIENTED_EDGE('',*,*,#2722,.T.);
#2722 = EDGE_CURVE('',#2714,#2723,#2725,.T.);
#2723 = VERTEX_POINT('',#2724);
#2724 = CARTESIAN_POINT('',(4.28050322618,10.875627346627,5.4));
#2725 = B_SPLINE_CURVE_WITH_KNOTS('',3,(#2726,#2727,#2728,#2729),
  .UNSPECIFIED.,.F.,.F.,(4,4),(0.,1.),.PIECEWISE_BEZIER_KNOTS.);
#2726 = CARTESIAN_POINT('',(4.202855129425,10.480743269222,5.4));
#2727 = CARTESIAN_POINT('',(4.21703236074,10.522407237564,5.4));
#2728 = CARTESIAN_POINT('',(4.255470814031,10.649979527063,5.4));
#2729 = CARTESIAN_POINT('',(4.28050322618,10.875627346627,5.4));
#2730 = ORIENTED_EDGE('',*,*,#2731,.T.);
#2731 = EDGE_CURVE('',#2723,#2732,#2734,.T.);
#2732 = VERTEX_POINT('',#2733);
#2733 = CARTESIAN_POINT('',(4.234851437664,12.080015497866,5.4));
#2734 = B_SPLINE_CURVE_WITH_KNOTS('',3,(#2735,#2736,#2737,#2738),
  .UNSPECIFIED.,.F.,.F.,(4,4),(0.,1.),.PIECEWISE_BEZIER_KNOTS.);
#2735 = CARTESIAN_POINT('',(4.28050322618,10.875627346627,5.4));
#2736 = CARTESIAN_POINT('',(4.309838663372,11.145542042436,5.4));
#2737 = CARTESIAN_POINT('',(4.31789311135,11.547474526174,5.4));
#2738 = CARTESIAN_POINT('',(4.234851437664,12.080015497866,5.4));
#2739 = ORIENTED_EDGE('',*,*,#2740,.T.);
#2740 = EDGE_CURVE('',#2732,#2741,#2743,.T.);
#2741 = VERTEX_POINT('',#2742);
#2742 = CARTESIAN_POINT('',(3.673868595012,12.26143097467,5.4));
#2743 = CIRCLE('',#2744,12.79999999999);
#2744 = AXIS2_PLACEMENT_3D('',#2745,#2746,#2747);
#2745 = CARTESIAN_POINT('',(1.685710943622E-02,-5.038239986379E-03,5.4)
  );
#2746 = DIRECTION('',(0.,-0.,1.));
#2747 = DIRECTION('',(0.329530806893,0.94414482327,0.));
#2748 = ORIENTED_EDGE('',*,*,#2749,.T.);
#2749 = EDGE_CURVE('',#2741,#2750,#2752,.T.);
#2750 = VERTEX_POINT('',#2751);
#2751 = CARTESIAN_POINT('',(2.929533509319,11.314584016649,5.4));
#2752 = B_SPLINE_CURVE_WITH_KNOTS('',3,(#2753,#2754,#2755,#2756),
  .UNSPECIFIED.,.F.,.F.,(4,4),(0.,1.),.PIECEWISE_BEZIER_KNOTS.);
#2753 = CARTESIAN_POINT('',(3.673868595012,12.26143097467,5.4));
#2754 = CARTESIAN_POINT('',(3.294186320732,11.880097025613,5.4));
#2755 = CARTESIAN_POINT('',(3.064452519667,11.550192529941,5.4));
#2756 = CARTESIAN_POINT('',(2.929533509319,11.314584016649,5.4));
#2757 = ORIENTED_EDGE('',*,*,#2758,.T.);
#2758 = EDGE_CURVE('',#2750,#2759,#2761,.T.);
#2759 = VERTEX_POINT('',#2760);
#2760 = CARTESIAN_POINT('',(2.760372576797,10.949863796563,5.4));
#2761 = B_SPLINE_CURVE_WITH_KNOTS('',3,(#2762,#2763,#2764,#2765),
  .UNSPECIFIED.,.F.,.F.,(4,4),(0.,1.),.PIECEWISE_BEZIER_KNOTS.);
#2762 = CARTESIAN_POINT('',(2.929533509319,11.314584016649,5.4));
#2763 = CARTESIAN_POINT('',(2.817152695606,11.117317413188,5.4));
#2764 = CARTESIAN_POINT('',(2.773264947188,10.991515707007,5.4));
#2765 = CARTESIAN_POINT('',(2.760372576797,10.949863796563,5.4));
#2766 = ORIENTED_EDGE('',*,*,#2767,.T.);
#2767 = EDGE_CURVE('',#2759,#2768,#2770,.T.);
#2768 = VERTEX_POINT('',#2769);
#2769 = CARTESIAN_POINT('',(2.401060080818,10.734752465162,5.4));
#2770 = CIRCLE('',#2771,0.304);
#2771 = AXIS2_PLACEMENT_3D('',#2772,#2773,#2774);
#2772 = CARTESIAN_POINT('',(2.467511317077,11.031400797704,5.4));
#2773 = DIRECTION('',(0.,0.,-1.));
#2774 = DIRECTION('',(0.963359406975,-0.268213819542,0.));
#2775 = ORIENTED_EDGE('',*,*,#2776,.T.);
#2776 = EDGE_CURVE('',#2768,#2777,#2779,.T.);
#2777 = VERTEX_POINT('',#2778);
#2778 = CARTESIAN_POINT('',(2.172739651571,10.783283470562,5.4));
#2779 = CIRCLE('',#2780,10.999999999971);
#2780 = AXIS2_PLACEMENT_3D('',#2781,#2782,#2783);
#2781 = CARTESIAN_POINT('',(5.98832E-12,2.804779E-11,5.4));
#2782 = DIRECTION('',(0.,-0.,1.));
#2783 = DIRECTION('',(0.218278189165,0.975886587742,0.));
#2784 = ORIENTED_EDGE('',*,*,#2785,.T.);
#2785 = EDGE_CURVE('',#2777,#2786,#2788,.T.);
#2786 = VERTEX_POINT('',#2787);
#2787 = CARTESIAN_POINT('',(1.931943606948,11.125536598918,5.4));
#2788 = CIRCLE('',#2789,0.304);
#2789 = AXIS2_PLACEMENT_3D('',#2790,#2791,#2792);
#2790 = CARTESIAN_POINT('',(2.232709268446,11.081309719493,5.4));
#2791 = DIRECTION('',(0.,0.,-1.));
#2792 = DIRECTION('',(-0.197268476561,-0.980349503063,-0.));
#2793 = ORIENTED_EDGE('',*,*,#2794,.T.);
#2794 = EDGE_CURVE('',#2786,#2795,#2797,.T.);
#2795 = VERTEX_POINT('',#2796);
#2796 = CARTESIAN_POINT('',(1.92579389028,11.527935458884,5.4));
#2797 = B_SPLINE_CURVE_WITH_KNOTS('',3,(#2798,#2799,#2800,#2801),
  .UNSPECIFIED.,.F.,.F.,(4,4),(0.,1.),.PIECEWISE_BEZIER_KNOTS.);
#2798 = CARTESIAN_POINT('',(1.931943606948,11.125536598918,5.4));
#2799 = CARTESIAN_POINT('',(1.937148605639,11.169237721722,5.4));
#2800 = CARTESIAN_POINT('',(1.948223316091,11.302014054432,5.4));
#2801 = CARTESIAN_POINT('',(1.92579389028,11.527935458884,5.4));
#2802 = ORIENTED_EDGE('',*,*,#2803,.T.);
#2803 = EDGE_CURVE('',#2795,#2804,#2806,.T.);
#2804 = VERTEX_POINT('',#2805);
#2805 = CARTESIAN_POINT('',(1.630733325949,12.696513298831,5.4));
#2806 = B_SPLINE_CURVE_WITH_KNOTS('',3,(#2807,#2808,#2809,#2810),
  .UNSPECIFIED.,.F.,.F.,(4,4),(0.,1.),.PIECEWISE_BEZIER_KNOTS.);
#2807 = CARTESIAN_POINT('',(1.92579389028,11.527935458884,5.4));
#2808 = CARTESIAN_POINT('',(1.898369857004,11.79805105134,5.4));
#2809 = CARTESIAN_POINT('',(1.82268183368,12.192874959863,5.4));
#2810 = CARTESIAN_POINT('',(1.630733325949,12.696513298831,5.4));
#2811 = ORIENTED_EDGE('',*,*,#2812,.T.);
#2812 = EDGE_CURVE('',#2804,#2813,#2815,.T.);
#2813 = VERTEX_POINT('',#2814);
#2814 = CARTESIAN_POINT('',(1.044290905833,12.757329520867,5.4));
#2815 = CIRCLE('',#2816,12.800000000006);
#2816 = AXIS2_PLACEMENT_3D('',#2817,#2818,#2819);
#2817 = CARTESIAN_POINT('',(1.753625014297E-02,-1.423352246102E-03,5.4)
  );
#2818 = DIRECTION('',(0.,-0.,1.));
#2819 = DIRECTION('',(0.126031021547,0.992026300865,0.));
#2820 = ORIENTED_EDGE('',*,*,#2821,.T.);
#2821 = EDGE_CURVE('',#2813,#2822,#2824,.T.);
#2822 = VERTEX_POINT('',#2823);
#2823 = CARTESIAN_POINT('',(0.513081879609,11.676417474416,5.4));
#2824 = B_SPLINE_CURVE_WITH_KNOTS('',3,(#2825,#2826,#2827,#2828),
  .UNSPECIFIED.,.F.,.F.,(4,4),(0.,1.),.PIECEWISE_BEZIER_KNOTS.);
#2825 = CARTESIAN_POINT('',(1.044290905833,12.757329520867,5.4));
#2826 = CARTESIAN_POINT('',(0.75218938632,12.305388249901,5.4));
#2827 = CARTESIAN_POINT('',(0.596066821504,11.93492861597,5.4));
#2828 = CARTESIAN_POINT('',(0.513081879609,11.676417474416,5.4));
#2829 = ORIENTED_EDGE('',*,*,#2830,.T.);
#2830 = EDGE_CURVE('',#2822,#2831,#2833,.T.);
#2831 = VERTEX_POINT('',#2832);
#2832 = CARTESIAN_POINT('',(0.423447116958,11.284496730699,5.4));
#2833 = B_SPLINE_CURVE_WITH_KNOTS('',3,(#2834,#2835,#2836,#2837),
  .UNSPECIFIED.,.F.,.F.,(4,4),(0.,1.),.PIECEWISE_BEZIER_KNOTS.);
#2834 = CARTESIAN_POINT('',(0.513081879609,11.676417474416,5.4));
#2835 = CARTESIAN_POINT('',(0.444170889375,11.460096334541,5.4));
#2836 = CARTESIAN_POINT('',(0.427397838998,11.327918921492,5.4));
#2837 = CARTESIAN_POINT('',(0.423447116958,11.284496730699,5.4));
#2838 = ORIENTED_EDGE('',*,*,#2839,.T.);
#2839 = EDGE_CURVE('',#2831,#2840,#2842,.T.);
#2840 = VERTEX_POINT('',#2841);
#2841 = CARTESIAN_POINT('',(0.116710621728,10.999380829427,5.4));
#2842 = CIRCLE('',#2843,0.304);
#2843 = AXIS2_PLACEMENT_3D('',#2844,#2845,#2846);
#2844 = CARTESIAN_POINT('',(0.120033082643,11.303362673052,5.4));
#2845 = DIRECTION('',(0.,0.,-1.));
#2846 = DIRECTION('',(0.998072481298,-6.205902089949E-02,0.));
#2847 = ORIENTED_EDGE('',*,*,#2848,.T.);
#2848 = EDGE_CURVE('',#2840,#2849,#2851,.T.);
#2849 = VERTEX_POINT('',#2850);
#2850 = CARTESIAN_POINT('',(-0.116710621728,10.999380829427,5.4));
#2851 = CIRCLE('',#2852,10.999999999999);
#2852 = AXIS2_PLACEMENT_3D('',#2853,#2854,#2855);
#2853 = CARTESIAN_POINT('',(2.44E-15,1.4726E-12,5.4));
#2854 = DIRECTION('',(0.,-0.,1.));
#2855 = DIRECTION('',(1.061005652073E-02,0.999943711766,0.));
#2856 = ORIENTED_EDGE('',*,*,#2857,.T.);
#2857 = EDGE_CURVE('',#2849,#2858,#2860,.T.);
#2858 = VERTEX_POINT('',#2859);
#2859 = CARTESIAN_POINT('',(-0.423403121647,11.284090592993,5.4));
#2860 = CIRCLE('',#2861,0.304);
#2861 = AXIS2_PLACEMENT_3D('',#2862,#2863,#2864);
#2862 = CARTESIAN_POINT('',(-0.120014626189,11.303362874217,5.4));
#2863 = DIRECTION('',(0.,0.,-1.));
#2864 = DIRECTION('',(1.086843572563E-02,-0.999940936808,0.));
#2865 = ORIENTED_EDGE('',*,*,#2866,.T.);
#2866 = EDGE_CURVE('',#2858,#2867,#2869,.T.);
#2867 = VERTEX_POINT('',#2868);
#2868 = CARTESIAN_POINT('',(-0.513081879609,11.676417474416,5.4));
#2869 = B_SPLINE_CURVE_WITH_KNOTS('',3,(#2870,#2871,#2872,#2873),
  .UNSPECIFIED.,.F.,.F.,(4,4),(0.,1.),.PIECEWISE_BEZIER_KNOTS.);
#2870 = CARTESIAN_POINT('',(-0.423403121647,11.284090592993,5.4));
#2871 = CARTESIAN_POINT('',(-0.427397838998,11.327918921492,5.4));
#2872 = CARTESIAN_POINT('',(-0.444170889375,11.460096334541,5.4));
#2873 = CARTESIAN_POINT('',(-0.513081879609,11.676417474416,5.4));
#2874 = ORIENTED_EDGE('',*,*,#2875,.T.);
#2875 = EDGE_CURVE('',#2867,#2876,#2878,.T.);
#2876 = VERTEX_POINT('',#2877);
#2877 = CARTESIAN_POINT('',(-1.044655657237,12.758112544008,5.4));
#2878 = B_SPLINE_CURVE_WITH_KNOTS('',3,(#2879,#2880,#2881,#2882),
  .UNSPECIFIED.,.F.,.F.,(4,4),(0.,1.),.PIECEWISE_BEZIER_KNOTS.);
#2879 = CARTESIAN_POINT('',(-0.513081879609,11.676417474416,5.4));
#2880 = CARTESIAN_POINT('',(-0.596066821504,11.93492861597,5.4));
#2881 = CARTESIAN_POINT('',(-0.75218938632,12.305388249901,5.4));
#2882 = CARTESIAN_POINT('',(-1.044655657237,12.758112544008,5.4));
#2883 = ORIENTED_EDGE('',*,*,#2884,.T.);
#2884 = EDGE_CURVE('',#2876,#2885,#2887,.T.);
#2885 = VERTEX_POINT('',#2886);
#2886 = CARTESIAN_POINT('',(-1.630927306994,12.695671550544,5.4));
#2887 = CIRCLE('',#2888,12.800000000007);
#2888 = AXIS2_PLACEMENT_3D('',#2889,#2890,#2891);
#2889 = CARTESIAN_POINT('',(1.744897257535E-02,2.253742832732E-03,5.4));
#2890 = DIRECTION('',(0.,0.,1.));
#2891 = DIRECTION('',(-8.297692420402E-02,0.996551468841,0.));
#2892 = ORIENTED_EDGE('',*,*,#2893,.T.);
#2893 = EDGE_CURVE('',#2885,#2894,#2896,.T.);
#2894 = VERTEX_POINT('',#2895);
#2895 = CARTESIAN_POINT('',(-1.92579389028,11.527935458884,5.4));
#2896 = B_SPLINE_CURVE_WITH_KNOTS('',3,(#2897,#2898,#2899,#2900),
  .UNSPECIFIED.,.F.,.F.,(4,4),(0.,1.),.PIECEWISE_BEZIER_KNOTS.);
#2897 = CARTESIAN_POINT('',(-1.630927306994,12.695671550544,5.4));
#2898 = CARTESIAN_POINT('',(-1.82268183368,12.192874959863,5.4));
#2899 = CARTESIAN_POINT('',(-1.898369857004,11.79805105134,5.4));
#2900 = CARTESIAN_POINT('',(-1.92579389028,11.527935458884,5.4));
#2901 = ORIENTED_EDGE('',*,*,#2902,.T.);
#2902 = EDGE_CURVE('',#2894,#2903,#2905,.T.);
#2903 = VERTEX_POINT('',#2904);
#2904 = CARTESIAN_POINT('',(-1.931985013817,11.12594300868,5.4));
#2905 = B_SPLINE_CURVE_WITH_KNOTS('',3,(#2906,#2907,#2908,#2909),
  .UNSPECIFIED.,.F.,.F.,(4,4),(0.,1.),.PIECEWISE_BEZIER_KNOTS.);
#2906 = CARTESIAN_POINT('',(-1.92579389028,11.527935458884,5.4));
#2907 = CARTESIAN_POINT('',(-1.948223316091,11.302014054432,5.4));
#2908 = CARTESIAN_POINT('',(-1.937148605639,11.169237721722,5.4));
#2909 = CARTESIAN_POINT('',(-1.931985013817,11.12594300868,5.4));
#2910 = ORIENTED_EDGE('',*,*,#2911,.T.);
#2911 = EDGE_CURVE('',#2903,#2912,#2914,.T.);
#2912 = VERTEX_POINT('',#2913);
#2913 = CARTESIAN_POINT('',(-2.172739651571,10.783283470562,5.4));
#2914 = CIRCLE('',#2915,0.304);
#2915 = AXIS2_PLACEMENT_3D('',#2916,#2917,#2918);
#2916 = CARTESIAN_POINT('',(-2.232691173484,11.081313360036,5.4));
#2917 = DIRECTION('',(0.,0.,-1.));
#2918 = DIRECTION('',(0.989164998906,0.146808054749,0.));
#2919 = ORIENTED_EDGE('',*,*,#2920,.T.);
#2920 = EDGE_CURVE('',#2912,#2921,#2923,.T.);
#2921 = VERTEX_POINT('',#2922);
#2922 = CARTESIAN_POINT('',(-2.401060080818,10.734752465162,5.4));
#2923 = CIRCLE('',#2924,11.00000000003);
#2924 = AXIS2_PLACEMENT_3D('',#2925,#2926,#2927);
#2925 = CARTESIAN_POINT('',(6.16662E-12,-2.952305E-11,5.4));
#2926 = DIRECTION('',(0.,0.,1.));
#2927 = DIRECTION('',(-0.197521786507,0.980298497324,0.));
#2928 = ORIENTED_EDGE('',*,*,#2929,.T.);
#2929 = EDGE_CURVE('',#2921,#2930,#2932,.T.);
#2930 = VERTEX_POINT('',#2931);
#2931 = CARTESIAN_POINT('',(-2.760245102112,10.949475681079,5.4));
#2932 = CIRCLE('',#2933,0.304);
#2933 = AXIS2_PLACEMENT_3D('',#2934,#2935,#2936);
#2934 = CARTESIAN_POINT('',(-2.467493305764,11.031404831785,5.4));
#2935 = DIRECTION('',(0.,0.,-1.));
#2936 = DIRECTION('',(0.218530345218,-0.975830153366,0.));
#2937 = ORIENTED_EDGE('',*,*,#2938,.T.);
#2938 = EDGE_CURVE('',#2930,#2939,#2941,.T.);
#2939 = VERTEX_POINT('',#2940);
#2940 = CARTESIAN_POINT('',(-2.929533509319,11.314584016649,5.4));
#2941 = B_SPLINE_CURVE_WITH_KNOTS('',3,(#2942,#2943,#2944,#2945),
  .UNSPECIFIED.,.F.,.F.,(4,4),(0.,1.),.PIECEWISE_BEZIER_KNOTS.);
#2942 = CARTESIAN_POINT('',(-2.760245102112,10.949475681079,5.4));
#2943 = CARTESIAN_POINT('',(-2.773264947188,10.991515707007,5.4));
#2944 = CARTESIAN_POINT('',(-2.817152695606,11.117317413188,5.4));
#2945 = CARTESIAN_POINT('',(-2.929533509319,11.314584016649,5.4));
#2946 = ORIENTED_EDGE('',*,*,#2947,.T.);
#2947 = EDGE_CURVE('',#2939,#2948,#2950,.T.);
#2948 = VERTEX_POINT('',#2949);
#2949 = CARTESIAN_POINT('',(-3.674388175387,12.262121050794,5.4));
#2950 = B_SPLINE_CURVE_WITH_KNOTS('',3,(#2951,#2952,#2953,#2954),
  .UNSPECIFIED.,.F.,.F.,(4,4),(0.,1.),.PIECEWISE_BEZIER_KNOTS.);
#2951 = CARTESIAN_POINT('',(-2.929533509319,11.314584016649,5.4));
#2952 = CARTESIAN_POINT('',(-3.064452519667,11.550192529941,5.4));
#2953 = CARTESIAN_POINT('',(-3.294186320732,11.880097025613,5.4));
#2954 = CARTESIAN_POINT('',(-3.674388175387,12.262121050794,5.4));
#2955 = ORIENTED_EDGE('',*,*,#2956,.T.);
#2956 = EDGE_CURVE('',#2948,#2957,#2959,.T.);
#2957 = VERTEX_POINT('',#2958);
#2958 = CARTESIAN_POINT('',(-4.234866170448,12.079151812871,5.4));
#2959 = CIRCLE('',#2960,12.799999999997);
#2960 = AXIS2_PLACEMENT_3D('',#2961,#2962,#2963);
#2961 = CARTESIAN_POINT('',(1.659909117375E-02,5.832338545115E-03,5.4));
#2962 = DIRECTION('',(0.,0.,1.));
#2963 = DIRECTION('',(-0.2883583802,0.957522555645,0.));
#2964 = ORIENTED_EDGE('',*,*,#2965,.T.);
#2965 = EDGE_CURVE('',#2957,#2966,#2968,.T.);
#2966 = VERTEX_POINT('',#2967);
#2967 = CARTESIAN_POINT('',(-4.28050322618,10.875627346627,5.4));
#2968 = B_SPLINE_CURVE_WITH_KNOTS('',3,(#2969,#2970,#2971,#2972),
  .UNSPECIFIED.,.F.,.F.,(4,4),(0.,1.),.PIECEWISE_BEZIER_KNOTS.);
#2969 = CARTESIAN_POINT('',(-4.234866170448,12.079151812871,5.4));
#2970 = CARTESIAN_POINT('',(-4.31789311135,11.547474526174,5.4));
#2971 = CARTESIAN_POINT('',(-4.309838663372,11.145542042436,5.4));
#2972 = CARTESIAN_POINT('',(-4.28050322618,10.875627346627,5.4));
#2973 = ORIENTED_EDGE('',*,*,#2974,.T.);
#2974 = EDGE_CURVE('',#2966,#2975,#2977,.T.);
#2975 = VERTEX_POINT('',#2976);
#2976 = CARTESIAN_POINT('',(-4.202980128795,10.481132188984,5.4));
#2977 = B_SPLINE_CURVE_WITH_KNOTS('',3,(#2978,#2979,#2980,#2981),
  .UNSPECIFIED.,.F.,.F.,(4,4),(0.,1.),.PIECEWISE_BEZIER_KNOTS.);
#2978 = CARTESIAN_POINT('',(-4.28050322618,10.875627346627,5.4));
#2979 = CARTESIAN_POINT('',(-4.255470814031,10.649979527063,5.4));
#2980 = CARTESIAN_POINT('',(-4.21703236074,10.522407237564,5.4));
#2981 = CARTESIAN_POINT('',(-4.202980128795,10.481132188984,5.4));
#2982 = ORIENTED_EDGE('',*,*,#2983,.T.);
#2983 = EDGE_CURVE('',#2975,#2984,#2986,.T.);
#2984 = VERTEX_POINT('',#2985);
#2985 = CARTESIAN_POINT('',(-4.367230776135,10.095904880097,5.4));
#2986 = CIRCLE('',#2987,0.304);
#2987 = AXIS2_PLACEMENT_3D('',#2988,#2989,#2990);
#2988 = CARTESIAN_POINT('',(-4.48783611169,10.374957479146,5.4));
#2989 = DIRECTION('',(0.,0.,-1.));
#2990 = DIRECTION('',(0.937026259521,0.349258913941,0.));
#2991 = ORIENTED_EDGE('',*,*,#2992,.T.);
#2992 = EDGE_CURVE('',#2984,#2993,#2995,.T.);
#2993 = VERTEX_POINT('',#2994);
#2994 = CARTESIAN_POINT('',(-4.580471692812,10.000963907112,5.4));
#2995 = CIRCLE('',#2996,10.999999999981);
#2996 = AXIS2_PLACEMENT_3D('',#2997,#2998,#2999);
#2997 = CARTESIAN_POINT('',(-7.72982E-12,1.712142E-11,5.4));
#2998 = DIRECTION('',(0.,0.,1.));
#2999 = DIRECTION('',(-0.397020979649,0.917809534554,0.));
#3000 = ORIENTED_EDGE('',*,*,#3001,.T.);
#3001 = EDGE_CURVE('',#2993,#3002,#3004,.T.);
#3002 = VERTEX_POINT('',#3003);
#3003 = CARTESIAN_POINT('',(-4.976451126489,10.13631614049,5.4));
#3004 = CIRCLE('',#3005,0.304);
#3005 = AXIS2_PLACEMENT_3D('',#3006,#3007,#3008);
#3006 = CARTESIAN_POINT('',(-4.707130687532,10.277321463651,5.4));
#3007 = DIRECTION('',(0.,-0.,-1.));
#3008 = DIRECTION('',(0.41664143,-0.90907090967,0.));
#3009 = ORIENTED_EDGE('',*,*,#3010,.T.);
#3010 = EDGE_CURVE('',#3002,#3011,#3013,.T.);
#3011 = VERTEX_POINT('',#3012);
#3012 = CARTESIAN_POINT('',(-5.217950467211,10.458248943957,5.4));
#3013 = B_SPLINE_CURVE_WITH_KNOTS('',3,(#3014,#3015,#3016,#3017),
  .UNSPECIFIED.,.F.,.F.,(4,4),(0.,1.),.PIECEWISE_BEZIER_KNOTS.);
#3014 = CARTESIAN_POINT('',(-4.976451126489,10.13631614049,5.4));
#3015 = CARTESIAN_POINT('',(-4.997927069585,10.174730512981,5.4));
#3016 = CARTESIAN_POINT('',(-5.067011410842,10.288658374071,5.4));
#3017 = CARTESIAN_POINT('',(-5.217950467211,10.458248943957,5.4));
#3018 = ORIENTED_EDGE('',*,*,#3019,.T.);
#3019 = EDGE_CURVE('',#3011,#3020,#3022,.T.);
#3020 = VERTEX_POINT('',#3021);
#3021 = CARTESIAN_POINT('',(-6.143532298602,11.230216027477,5.4));
#3022 = B_SPLINE_CURVE_WITH_KNOTS('',3,(#3023,#3024,#3025,#3026),
  .UNSPECIFIED.,.F.,.F.,(4,4),(0.,1.),.PIECEWISE_BEZIER_KNOTS.);
#3023 = CARTESIAN_POINT('',(-5.217950467211,10.458248943957,5.4));
#3024 = CARTESIAN_POINT('',(-5.398906937846,10.660657606381,5.4));
#3025 = CARTESIAN_POINT('',(-5.692211505668,10.935588554276,5.4));
#3026 = CARTESIAN_POINT('',(-6.143532298602,11.230216027477,5.4));
#3027 = ORIENTED_EDGE('',*,*,#3028,.T.);
#3028 = EDGE_CURVE('',#3020,#3029,#3031,.T.);
#3029 = VERTEX_POINT('',#3030);
#3030 = CARTESIAN_POINT('',(-6.653721061111,10.934715178775,5.4));
#3031 = CIRCLE('',#3032,12.800000000012);
#3032 = AXIS2_PLACEMENT_3D('',#3033,#3034,#3035);
#3033 = CARTESIAN_POINT('',(1.502374984524E-02,9.156033053438E-03,5.4));
#3034 = DIRECTION('',(0.,0.,1.));
#3035 = DIRECTION('',(-0.481137191284,0.876645312063,0.));
#3036 = ORIENTED_EDGE('',*,*,#3037,.T.);
#3037 = EDGE_CURVE('',#3029,#3038,#3040,.T.);
#3038 = VERTEX_POINT('',#3039);
#3039 = CARTESIAN_POINT('',(-6.448134030963,9.748002132272,5.4));
#3040 = B_SPLINE_CURVE_WITH_KNOTS('',3,(#3041,#3042,#3043,#3044),
  .UNSPECIFIED.,.F.,.F.,(4,4),(0.,1.),.PIECEWISE_BEZIER_KNOTS.);
#3041 = CARTESIAN_POINT('',(-6.653721061111,10.934715178775,5.4));
#3042 = CARTESIAN_POINT('',(-6.624391740504,10.397394044761,5.4));
#3043 = CARTESIAN_POINT('',(-6.532946839251,10.005919364033,5.4));
#3044 = CARTESIAN_POINT('',(-6.448134030963,9.748002132272,5.4));
#3045 = ORIENTED_EDGE('',*,*,#3046,.T.);
#3046 = EDGE_CURVE('',#3038,#3047,#3049,.T.);
#3047 = VERTEX_POINT('',#3048);
#3048 = CARTESIAN_POINT('',(-6.290284844009,9.378245598577,5.4));
#3049 = B_SPLINE_CURVE_WITH_KNOTS('',3,(#3050,#3051,#3052,#3053),
  .UNSPECIFIED.,.F.,.F.,(4,4),(0.,1.),.PIECEWISE_BEZIER_KNOTS.);
#3050 = CARTESIAN_POINT('',(-6.448134030963,9.748002132272,5.4));
#3051 = CARTESIAN_POINT('',(-6.376733817384,9.53248979009,5.4));
#3052 = CARTESIAN_POINT('',(-6.312611566109,9.415697065013,5.4));
#3053 = CARTESIAN_POINT('',(-6.290284844009,9.378245598577,5.4));
#3054 = ORIENTED_EDGE('',*,*,#3055,.T.);
#3055 = EDGE_CURVE('',#3047,#3056,#3058,.T.);
#3056 = VERTEX_POINT('',#3057);
#3057 = CARTESIAN_POINT('',(-6.370852959484,8.967286800846,5.4));
#3058 = CIRCLE('',#3059,0.304);
#3059 = AXIS2_PLACEMENT_3D('',#3060,#3061,#3062);
#3060 = CARTESIAN_POINT('',(-6.546841076788,9.215166171848,5.4));
#3061 = DIRECTION('',(0.,0.,-1.));
#3062 = DIRECTION('',(0.843934976245,0.536445482664,0.));
#3063 = ORIENTED_EDGE('',*,*,#3064,.T.);
#3064 = EDGE_CURVE('',#3056,#3065,#3067,.T.);
#3065 = VERTEX_POINT('',#3066);
#3066 = CARTESIAN_POINT('',(-6.559694712288,8.830085236371,5.4));
#3067 = CIRCLE('',#3068,10.999999999944);
#3068 = AXIS2_PLACEMENT_3D('',#3069,#3070,#3071);
#3069 = CARTESIAN_POINT('',(-3.294964E-11,4.537704E-11,5.4));
#3070 = DIRECTION('',(0.,0.,1.));
#3071 = DIRECTION('',(-0.579168450862,0.815207890986,0.));
#3072 = ORIENTED_EDGE('',*,*,#3073,.T.);
#3073 = EDGE_CURVE('',#3065,#3074,#3076,.T.);
#3074 = VERTEX_POINT('',#3075);
#3075 = CARTESIAN_POINT('',(-6.975162356977,8.880150945119,5.4));
#3076 = CIRCLE('',#3077,0.304);
#3077 = AXIS2_PLACEMENT_3D('',#3078,#3079,#3080);
#3078 = CARTESIAN_POINT('',(-6.741043870935,9.074069831495,5.4));
#3079 = DIRECTION('',(0.,-0.,-1.));
#3080 = DIRECTION('',(0.596543285024,-0.802580905014,0.));
#3081 = ORIENTED_EDGE('',*,*,#3082,.T.);
#3082 = EDGE_CURVE('',#3074,#3083,#3085,.T.);
#3083 = VERTEX_POINT('',#3084);
#3084 = CARTESIAN_POINT('',(-7.278317951181,9.144838208167,5.4));
#3085 = B_SPLINE_CURVE_WITH_KNOTS('',3,(#3086,#3087,#3088,#3089),
  .UNSPECIFIED.,.F.,.F.,(4,4),(0.,1.),.PIECEWISE_BEZIER_KNOTS.);
#3086 = CARTESIAN_POINT('',(-6.975162356977,8.880150945119,5.4));
#3087 = CARTESIAN_POINT('',(-7.004155796326,8.913260771764,5.4));
#3088 = CARTESIAN_POINT('',(-7.095417413205,9.010335593546,5.4));
#3089 = CARTESIAN_POINT('',(-7.278317951181,9.144838208167,5.4));
#3090 = ORIENTED_EDGE('',*,*,#3091,.T.);
#3091 = EDGE_CURVE('',#3083,#3092,#3094,.T.);
#3092 = VERTEX_POINT('',#3093);
#3093 = CARTESIAN_POINT('',(-8.34417458043,9.707496675203,5.4));
#3094 = B_SPLINE_CURVE_WITH_KNOTS('',3,(#3095,#3096,#3097,#3098),
  .UNSPECIFIED.,.F.,.F.,(4,4),(0.,1.),.PIECEWISE_BEZIER_KNOTS.);
#3095 = CARTESIAN_POINT('',(-7.278317951181,9.144838208167,5.4));
#3096 = CARTESIAN_POINT('',(-7.497403216011,9.305200789911,5.4));
#3097 = CARTESIAN_POINT('',(-7.841459733546,9.513142388342,5.4));
#3098 = CARTESIAN_POINT('',(-8.34417458043,9.707496675203,5.4));
#3099 = ORIENTED_EDGE('',*,*,#3100,.T.);
#3100 = EDGE_CURVE('',#3092,#3101,#3103,.T.);
#3101 = VERTEX_POINT('',#3102);
#3102 = CARTESIAN_POINT('',(-8.781776413307,9.312379020781,5.4));
#3103 = CIRCLE('',#3104,12.800000000004);
#3104 = AXIS2_PLACEMENT_3D('',#3105,#3106,#3107);
#3105 = CARTESIAN_POINT('',(1.279179854608E-02,1.207956500257E-02,5.4));
#3106 = DIRECTION('',(0.,0.,1.));
#3107 = DIRECTION('',(-0.652887998357,0.757454461734,0.));
#3108 = ORIENTED_EDGE('',*,*,#3109,.T.);
#3109 = EDGE_CURVE('',#3101,#3110,#3112,.T.);
#3110 = VERTEX_POINT('',#3111);
#3111 = CARTESIAN_POINT('',(-8.333950437012,8.194342448633,5.4));
#3112 = B_SPLINE_CURVE_WITH_KNOTS('',3,(#3113,#3114,#3115,#3116),
  .UNSPECIFIED.,.F.,.F.,(4,4),(0.,1.),.PIECEWISE_BEZIER_KNOTS.);
#3113 = CARTESIAN_POINT('',(-8.781776413307,9.312379020781,5.4));
#3114 = CARTESIAN_POINT('',(-8.641372663239,8.79289755136,5.4));
#3115 = CARTESIAN_POINT('',(-8.470533889697,8.428989995694,5.4));
#3116 = CARTESIAN_POINT('',(-8.333950437012,8.194342448633,5.4));
#3117 = ORIENTED_EDGE('',*,*,#3118,.T.);
#3118 = EDGE_CURVE('',#3110,#3119,#3121,.T.);
#3119 = VERTEX_POINT('',#3120);
#3120 = CARTESIAN_POINT('',(-8.102673927404,7.865484673698,5.4));
#3121 = B_SPLINE_CURVE_WITH_KNOTS('',3,(#3122,#3123,#3124,#3125),
  .UNSPECIFIED.,.F.,.F.,(4,4),(0.,1.),.PIECEWISE_BEZIER_KNOTS.);
#3122 = CARTESIAN_POINT('',(-8.333950437012,8.194342448633,5.4));
#3123 = CARTESIAN_POINT('',(-8.219302953953,7.998384507329,5.4));
#3124 = CARTESIAN_POINT('',(-8.132299354769,7.897475749193,5.4));
#3125 = CARTESIAN_POINT('',(-8.102673927404,7.865484673698,5.4));
#3126 = ORIENTED_EDGE('',*,*,#3127,.T.);
#3127 = EDGE_CURVE('',#3119,#3128,#3130,.T.);
#3128 = VERTEX_POINT('',#3129);
#3129 = CARTESIAN_POINT('',(-8.096038297759,7.446755258582,5.4));
#3130 = CIRCLE('',#3131,0.304);
#3131 = AXIS2_PLACEMENT_3D('',#3132,#3133,#3134);
#3132 = CARTESIAN_POINT('',(-8.319717671601,7.652627883566,5.4));
#3133 = DIRECTION('',(0.,0.,-1.));
#3134 = DIRECTION('',(0.713959684857,0.700186809644,0.));
#3135 = ORIENTED_EDGE('',*,*,#3136,.T.);
#3136 = EDGE_CURVE('',#3128,#3137,#3139,.T.);
#3137 = VERTEX_POINT('',#3138);
#3138 = CARTESIAN_POINT('',(-8.25222759593,7.273289469351,5.4));
#3139 = CIRCLE('',#3140,10.999999999926);
#3140 = AXIS2_PLACEMENT_3D('',#3141,#3142,#3143);
#3141 = CARTESIAN_POINT('',(-5.477396E-11,4.923173E-11,5.4));
#3142 = DIRECTION('',(0.,0.,1.));
#3143 = DIRECTION('',(-0.736003481614,0.67697775078,0.));
#3144 = ORIENTED_EDGE('',*,*,#3145,.T.);
#3145 = EDGE_CURVE('',#3137,#3146,#3148,.T.);
#3146 = VERTEX_POINT('',#3147);
#3147 = CARTESIAN_POINT('',(-8.669025521922,7.235880541755,5.4));
#3148 = CIRCLE('',#3149,0.304);
#3149 = AXIS2_PLACEMENT_3D('',#3150,#3151,#3152);
#3150 = CARTESIAN_POINT('',(-8.480341090061,7.474237805485,5.4));
#3151 = DIRECTION('',(0.,-0.,-1.));
#3152 = DIRECTION('',(0.750373335959,-0.661014263599,0.));
#3153 = ORIENTED_EDGE('',*,*,#3154,.T.);
#3154 = EDGE_CURVE('',#3146,#3155,#3157,.T.);
#3155 = VERTEX_POINT('',#3156);
#3156 = CARTESIAN_POINT('',(-9.020588015441,7.431754160878,5.4));
#3157 = B_SPLINE_CURVE_WITH_KNOTS('',3,(#3158,#3159,#3160,#3161),
  .UNSPECIFIED.,.F.,.F.,(4,4),(0.,1.),.PIECEWISE_BEZIER_KNOTS.);
#3158 = CARTESIAN_POINT('',(-8.669025521922,7.235880541755,5.4));
#3159 = CARTESIAN_POINT('',(-8.704269305099,7.26223876425,5.4));
#3160 = CARTESIAN_POINT('',(-8.813719627021,7.338217911196,5.4));
#3161 = CARTESIAN_POINT('',(-9.020588015441,7.431754160878,5.4));
#3162 = ORIENTED_EDGE('',*,*,#3163,.T.);
#3163 = EDGE_CURVE('',#3155,#3164,#3166,.T.);
#3164 = VERTEX_POINT('',#3165);
#3165 = CARTESIAN_POINT('',(-10.1801363933,7.760513136485,5.4));
#3166 = B_SPLINE_CURVE_WITH_KNOTS('',3,(#3167,#3168,#3169,#3170),
  .UNSPECIFIED.,.F.,.F.,(4,4),(0.,1.),.PIECEWISE_BEZIER_KNOTS.);
#3167 = CARTESIAN_POINT('',(-9.020588015441,7.431754160878,5.4));
#3168 = CARTESIAN_POINT('',(-9.268226997104,7.543062047614,5.4));
#3169 = CARTESIAN_POINT('',(-9.647998543569,7.674926250915,5.4));
#3170 = CARTESIAN_POINT('',(-10.1801363933,7.760513136485,5.4));
#3171 = ORIENTED_EDGE('',*,*,#3172,.T.);
#3172 = EDGE_CURVE('',#3164,#3173,#3175,.T.);
#3173 = VERTEX_POINT('',#3174);
#3174 = CARTESIAN_POINT('',(-10.5260259966,7.283047213826,5.4));
#3175 = CIRCLE('',#3176,12.8);
#3176 = AXIS2_PLACEMENT_3D('',#3177,#3178,#3179);
#3177 = CARTESIAN_POINT('',(1.000078426996E-02,1.447516199164E-02,5.4));
#3178 = DIRECTION('',(0.,0.,1.));
#3179 = DIRECTION('',(-0.796104466998,0.605159216757,0.));
#3180 = ORIENTED_EDGE('',*,*,#3181,.T.);
#3181 = EDGE_CURVE('',#3173,#3182,#3184,.T.);
#3182 = VERTEX_POINT('',#3183);
#3183 = CARTESIAN_POINT('',(-9.855533218233,6.282550679171,5.4));
#3184 = B_SPLINE_CURVE_WITH_KNOTS('',3,(#3185,#3186,#3187,#3188),
  .UNSPECIFIED.,.F.,.F.,(4,4),(0.,1.),.PIECEWISE_BEZIER_KNOTS.);
#3185 = CARTESIAN_POINT('',(-10.5260259966,7.283047213826,5.4));
#3186 = CARTESIAN_POINT('',(-10.28068413468,6.80410924196,5.4));
#3187 = CARTESIAN_POINT('',(-10.03791796303,6.483673317761,5.4));
#3188 = CARTESIAN_POINT('',(-9.855533218233,6.282550679171,5.4));
#3189 = ORIENTED_EDGE('',*,*,#3190,.T.);
#3190 = EDGE_CURVE('',#3182,#3191,#3193,.T.);
#3191 = VERTEX_POINT('',#3192);
#3192 = CARTESIAN_POINT('',(-9.560937279228,6.008964325794,5.4));
#3193 = B_SPLINE_CURVE_WITH_KNOTS('',3,(#3194,#3195,#3196,#3197),
  .UNSPECIFIED.,.F.,.F.,(4,4),(0.,1.),.PIECEWISE_BEZIER_KNOTS.);
#3194 = CARTESIAN_POINT('',(-9.855533218233,6.282550679171,5.4));
#3195 = CARTESIAN_POINT('',(-9.702649110842,6.114711441091,5.4));
#3196 = CARTESIAN_POINT('',(-9.596566638524,6.034096846841,5.4));
#3197 = CARTESIAN_POINT('',(-9.560937279228,6.008964325794,5.4));
#3198 = ORIENTED_EDGE('',*,*,#3199,.T.);
#3199 = EDGE_CURVE('',#3191,#3200,#3202,.T.);
#3200 = VERTEX_POINT('',#3201);
#3201 = CARTESIAN_POINT('',(-9.46738791332,5.600764778022,5.4));
#3202 = CIRCLE('',#3203,0.304);
#3203 = AXIS2_PLACEMENT_3D('',#3204,#3205,#3206);
#3204 = CARTESIAN_POINT('',(-9.72898268173,5.75563303539,5.4));
#3205 = DIRECTION('',(0.,0.,-1.));
#3206 = DIRECTION('',(0.552780929282,0.833326613173,0.));
#3207 = ORIENTED_EDGE('',*,*,#3208,.T.);
#3208 = EDGE_CURVE('',#3200,#3209,#3211,.T.);
#3209 = VERTEX_POINT('',#3210);
#3210 = CARTESIAN_POINT('',(-9.584098535048,5.398616051406,5.4));
#3211 = CIRCLE('',#3212,10.999999999995);
#3212 = AXIS2_PLACEMENT_3D('',#3213,#3214,#3215);
#3213 = CARTESIAN_POINT('',(-4.27303E-12,2.42961E-12,5.4));
#3214 = DIRECTION('',(0.,0.,1.));
#3215 = DIRECTION('',(-0.860671628484,0.509160434366,0.));
#3216 = ORIENTED_EDGE('',*,*,#3217,.T.);
#3217 = EDGE_CURVE('',#3209,#3218,#3220,.T.);
#3218 = VERTEX_POINT('',#3219);
#3219 = CARTESIAN_POINT('',(-9.98401067296,5.275367437109,5.4));
#3220 = CIRCLE('',#3221,0.304);
#3221 = AXIS2_PLACEMENT_3D('',#3222,#3223,#3224);
#3222 = CARTESIAN_POINT('',(-9.84900671036,5.547745722004,5.4));
#3223 = DIRECTION('',(0.,-0.,-1.));
#3224 = DIRECTION('',(0.871408471423,-0.490558126966,0.));
#3225 = ORIENTED_EDGE('',*,*,#3226,.T.);
#3226 = EDGE_CURVE('',#3218,#3227,#3229,.T.);
#3227 = VERTEX_POINT('',#3228);
#3228 = CARTESIAN_POINT('',(-10.36861509784,5.393866795245,5.4));
#3229 = B_SPLINE_CURVE_WITH_KNOTS('',3,(#3230,#3231,#3232,#3233),
  .UNSPECIFIED.,.F.,.F.,(4,4),(0.,1.),.PIECEWISE_BEZIER_KNOTS.);
#3230 = CARTESIAN_POINT('',(-9.98401067296,5.275367437109,5.4));
#3231 = CARTESIAN_POINT('',(-10.02396447752,5.293822074651,5.4));
#3232 = CARTESIAN_POINT('',(-10.14682000021,5.345384893451,5.4));
#3233 = CARTESIAN_POINT('',(-10.36861509784,5.393866795245,5.4));
#3234 = ORIENTED_EDGE('',*,*,#3235,.T.);
#3235 = EDGE_CURVE('',#3227,#3236,#3238,.T.);
#3236 = VERTEX_POINT('',#3237);
#3237 = CARTESIAN_POINT('',(-11.57117739607,5.47435793463,5.4));
#3238 = B_SPLINE_CURVE_WITH_KNOTS('',3,(#3239,#3240,#3241,#3242),
  .UNSPECIFIED.,.F.,.F.,(4,4),(0.,1.),.PIECEWISE_BEZIER_KNOTS.);
#3239 = CARTESIAN_POINT('',(-10.36861509784,5.393866795245,5.4));
#3240 = CARTESIAN_POINT('',(-10.63398478453,5.451255298209,5.4));
#3241 = CARTESIAN_POINT('',(-11.032873521,5.50127900794,5.4));
#3242 = CARTESIAN_POINT('',(-11.57117739607,5.47435793463,5.4));
#3243 = ORIENTED_EDGE('',*,*,#3244,.T.);
#3244 = EDGE_CURVE('',#3236,#3245,#3247,.T.);
#3245 = VERTEX_POINT('',#3246);
#3246 = CARTESIAN_POINT('',(-11.81023773437,4.93541129569,5.4));
#3247 = CIRCLE('',#3248,12.800000000008);
#3248 = AXIS2_PLACEMENT_3D('',#3249,#3250,#3251);
#3249 = CARTESIAN_POINT('',(6.772687741666E-03,1.623812493627E-02,5.4));
#3250 = DIRECTION('',(0.,0.,1.));
#3251 = DIRECTION('',(-0.904527350297,0.426415610132,0.));
#3252 = ORIENTED_EDGE('',*,*,#3253,.T.);
#3253 = EDGE_CURVE('',#3245,#3254,#3256,.T.);
#3254 = VERTEX_POINT('',#3255);
#3255 = CARTESIAN_POINT('',(-10.94638190572,4.096181298006,5.4));
#3256 = B_SPLINE_CURVE_WITH_KNOTS('',3,(#3257,#3258,#3259,#3260),
  .UNSPECIFIED.,.F.,.F.,(4,4),(0.,1.),.PIECEWISE_BEZIER_KNOTS.);
#3257 = CARTESIAN_POINT('',(-11.81023773437,4.93541129569,5.4));
#3258 = CARTESIAN_POINT('',(-11.47068037724,4.517948708948,5.4));
#3259 = CARTESIAN_POINT('',(-11.1665968541,4.254989003726,5.4));
#3260 = CARTESIAN_POINT('',(-10.94638190572,4.096181298006,5.4));
#3261 = ORIENTED_EDGE('',*,*,#3262,.T.);
#3262 = EDGE_CURVE('',#3254,#3263,#3265,.T.);
#3263 = VERTEX_POINT('',#3264);
#3264 = CARTESIAN_POINT('',(-10.60134179348,3.889823402644,5.4));
#3265 = B_SPLINE_CURVE_WITH_KNOTS('',3,(#3266,#3267,#3268,#3269),
  .UNSPECIFIED.,.F.,.F.,(4,4),(0.,1.),.PIECEWISE_BEZIER_KNOTS.);
#3266 = CARTESIAN_POINT('',(-10.94638190572,4.096181298006,5.4));
#3267 = CARTESIAN_POINT('',(-10.76194294311,3.963796143236,5.4));
#3268 = CARTESIAN_POINT('',(-10.64141791073,3.906998957472,5.4));
#3269 = CARTESIAN_POINT('',(-10.60134179348,3.889823402644,5.4));
#3270 = ORIENTED_EDGE('',*,*,#3271,.T.);
#3271 = EDGE_CURVE('',#3263,#3272,#3274,.T.);
#3272 = VERTEX_POINT('',#3273);
#3273 = CARTESIAN_POINT('',(-10.4249672475,3.50999400121,5.4));
#3274 = CIRCLE('',#3275,0.304);
#3275 = AXIS2_PLACEMENT_3D('',#3276,#3277,#3278);
#3276 = CARTESIAN_POINT('',(-10.71304446383,3.607089404976,5.4));
#3277 = DIRECTION('',(0.,0.,-1.));
#3278 = DIRECTION('',(0.36744299456,0.930046044961,0.));
#3279 = ORIENTED_EDGE('',*,*,#3280,.T.);
#3280 = EDGE_CURVE('',#3272,#3281,#3283,.T.);
#3281 = VERTEX_POINT('',#3282);
#3282 = CARTESIAN_POINT('',(-10.49709837857,3.28799720658,5.4));
#3283 = CIRCLE('',#3284,11.00000000002);
#3284 = AXIS2_PLACEMENT_3D('',#3285,#3286,#3287);
#3285 = CARTESIAN_POINT('',(1.896705E-11,-6.10978E-12,5.4));
#3286 = DIRECTION('',(0.,0.,1.));
#3287 = DIRECTION('',(-0.947724295227,0.319090363746,0.));
#3288 = ORIENTED_EDGE('',*,*,#3289,.T.);
#3289 = EDGE_CURVE('',#3281,#3290,#3292,.T.);
#3290 = VERTEX_POINT('',#3291);
#3291 = CARTESIAN_POINT('',(-10.86264664899,3.084295461439,5.4));
#3292 = CIRCLE('',#3293,0.304);
#3293 = AXIS2_PLACEMENT_3D('',#3294,#3295,#3296);
#3294 = CARTESIAN_POINT('',(-10.78722347663,3.378790529433,5.4));
#3295 = DIRECTION('',(0.,0.,-1.));
#3296 = DIRECTION('',(0.954358875203,-0.298662246226,0.));
#3297 = ORIENTED_EDGE('',*,*,#3298,.T.);
#3298 = EDGE_CURVE('',#3290,#3299,#3301,.T.);
#3299 = VERTEX_POINT('',#3300);
#3300 = CARTESIAN_POINT('',(-11.26348394633,3.120241568016,5.4));
#3301 = B_SPLINE_CURVE_WITH_KNOTS('',3,(#3302,#3303,#3304,#3305),
  .UNSPECIFIED.,.F.,.F.,(4,4),(0.,1.),.PIECEWISE_BEZIER_KNOTS.);
#3302 = CARTESIAN_POINT('',(-10.86264664899,3.084295461439,5.4));
#3303 = CARTESIAN_POINT('',(-10.90556430195,3.094039957813,5.4));
#3304 = CARTESIAN_POINT('',(-11.03645564955,3.118932905859,5.4));
#3305 = CARTESIAN_POINT('',(-11.26348394633,3.120241568016,5.4));
#3306 = ORIENTED_EDGE('',*,*,#3307,.T.);
#3307 = EDGE_CURVE('',#3299,#3308,#3310,.T.);
#3308 = VERTEX_POINT('',#3309);
#3309 = CARTESIAN_POINT('',(-12.45650242196,2.948947022147,5.4));
#3310 = B_SPLINE_CURVE_WITH_KNOTS('',3,(#3311,#3312,#3313,#3314),
  .UNSPECIFIED.,.F.,.F.,(4,4),(0.,1.),.PIECEWISE_BEZIER_KNOTS.);
#3311 = CARTESIAN_POINT('',(-11.26348394633,3.120241568016,5.4));
#3312 = CARTESIAN_POINT('',(-11.53498640936,3.121202534248,5.4));
#3313 = CARTESIAN_POINT('',(-11.93555898397,3.087199474254,5.4));
#3314 = CARTESIAN_POINT('',(-12.45650242196,2.948947022147,5.4));
#3315 = ORIENTED_EDGE('',*,*,#3316,.T.);
#3316 = EDGE_CURVE('',#3308,#3317,#3319,.T.);
#3317 = VERTEX_POINT('',#3318);
#3318 = CARTESIAN_POINT('',(-12.57828541133,2.372074221201,5.4));
#3319 = CIRCLE('',#3320,12.800000000004);
#3320 = AXIS2_PLACEMENT_3D('',#3321,#3322,#3323);
#3321 = CARTESIAN_POINT('',(3.248592250219E-03,1.729140390735E-02,5.4));
#3322 = DIRECTION('',(0.,0.,1.));
#3323 = DIRECTION('',(-0.973418047985,0.229035595175,0.));
#3324 = ORIENTED_EDGE('',*,*,#3325,.T.);
#3325 = EDGE_CURVE('',#3317,#3326,#3328,.T.);
#3326 = VERTEX_POINT('',#3327);
#3327 = CARTESIAN_POINT('',(-11.55882117736,1.73078913846,5.4));
#3328 = B_SPLINE_CURVE_WITH_KNOTS('',3,(#3329,#3330,#3331,#3332),
  .UNSPECIFIED.,.F.,.F.,(4,4),(0.,1.),.PIECEWISE_BEZIER_KNOTS.);
#3329 = CARTESIAN_POINT('',(-12.57828541133,2.372074221201,5.4));
#3330 = CARTESIAN_POINT('',(-12.15935284489,2.034332137832,5.4));
#3331 = CARTESIAN_POINT('',(-11.80724187938,1.840341252525,5.4));
#3332 = CARTESIAN_POINT('',(-11.55882117736,1.73078913846,5.4));
#3333 = ORIENTED_EDGE('',*,*,#3334,.T.);
#3334 = EDGE_CURVE('',#3326,#3335,#3337,.T.);
#3335 = VERTEX_POINT('',#3336);
#3336 = CARTESIAN_POINT('',(-11.17841680048,1.600678531354,5.4));
#3337 = B_SPLINE_CURVE_WITH_KNOTS('',3,(#3338,#3339,#3340,#3341),
  .UNSPECIFIED.,.F.,.F.,(4,4),(0.,1.),.PIECEWISE_BEZIER_KNOTS.);
#3338 = CARTESIAN_POINT('',(-11.55882117736,1.73078913846,5.4));
#3339 = CARTESIAN_POINT('',(-11.35088822723,1.639643933517,5.4));
#3340 = CARTESIAN_POINT('',(-11.22118815706,1.609146465801,5.4));
#3341 = CARTESIAN_POINT('',(-11.17841680048,1.600678531354,5.4));
#3342 = ORIENTED_EDGE('',*,*,#3343,.T.);
#3343 = EDGE_CURVE('',#3335,#3344,#3346,.T.);
#3344 = VERTEX_POINT('',#3345);
#3345 = CARTESIAN_POINT('',(-10.92692548842,1.265819643726,5.4));
#3346 = CIRCLE('',#3347,0.304);
#3347 = AXIS2_PLACEMENT_3D('',#3348,#3349,#3350);
#3348 = CARTESIAN_POINT('',(-11.22889479596,1.300898658828,5.4));
#3349 = DIRECTION('',(0.,0.,-1.));
#3350 = DIRECTION('',(0.166046037789,0.986118001729,0.));
#3351 = ORIENTED_EDGE('',*,*,#3352,.T.);
#3352 = EDGE_CURVE('',#3344,#3353,#3355,.T.);
#3353 = VERTEX_POINT('',#3354);
#3354 = CARTESIAN_POINT('',(-10.95132465229,1.033677106265,5.4));
#3355 = CIRCLE('',#3356,10.999999999973);
#3356 = AXIS2_PLACEMENT_3D('',#3357,#3358,#3359);
#3357 = CARTESIAN_POINT('',(-2.659029E-11,2.66309E-12,5.4));
#3358 = DIRECTION('',(0.,0.,1.));
#3359 = DIRECTION('',(-0.993356862584,0.115074513066,0.));
#3360 = ORIENTED_EDGE('',*,*,#3361,.T.);
#3361 = EDGE_CURVE('',#3353,#3362,#3364,.T.);
#3362 = VERTEX_POINT('',#3363);
#3363 = CARTESIAN_POINT('',(-11.26653284169,0.758424974013,5.4));
#3364 = CIRCLE('',#3365,0.304);
#3365 = AXIS2_PLACEMENT_3D('',#3366,#3367,#3368);
#3366 = CARTESIAN_POINT('',(-11.25398681414,1.06216597749,5.4));
#3367 = DIRECTION('',(0.,0.,-1.));
#3368 = DIRECTION('',(0.995599216615,-9.371339218545E-02,0.));
#3369 = ORIENTED_EDGE('',*,*,#3370,.T.);
#3370 = EDGE_CURVE('',#3362,#3371,#3373,.T.);
#3371 = VERTEX_POINT('',#3372);
#3372 = CARTESIAN_POINT('',(-11.66608449817,0.710246811685,5.4));
#3373 = B_SPLINE_CURVE_WITH_KNOTS('',3,(#3374,#3375,#3376,#3377),
  .UNSPECIFIED.,.F.,.F.,(4,4),(0.,1.),.PIECEWISE_BEZIER_KNOTS.);
#3374 = CARTESIAN_POINT('',(-11.26653284169,0.758424974013,5.4));
#3375 = CARTESIAN_POINT('',(-11.31053863569,0.759033447968,5.4));
#3376 = CARTESIAN_POINT('',(-11.44374522822,0.756168583981,5.4));
#3377 = CARTESIAN_POINT('',(-11.66608449817,0.710246811685,5.4));
#3378 = ORIENTED_EDGE('',*,*,#3379,.T.);
#3379 = EDGE_CURVE('',#3371,#3380,#3382,.T.);
#3380 = VERTEX_POINT('',#3381);
#3381 = CARTESIAN_POINT('',(-12.79741851908,0.294652974179,5.4));
#3382 = B_SPLINE_CURVE_WITH_KNOTS('',3,(#3383,#3384,#3385,#3386),
  .UNSPECIFIED.,.F.,.F.,(4,4),(0.,1.),.PIECEWISE_BEZIER_KNOTS.);
#3383 = CARTESIAN_POINT('',(-11.66608449817,0.710246811685,5.4));
#3384 = CARTESIAN_POINT('',(-11.93185377709,0.654738242348,5.4));
#3385 = CARTESIAN_POINT('',(-12.31660324617,0.538194509515,5.4));
#3386 = CARTESIAN_POINT('',(-12.79741851908,0.294652974179,5.4));
#3387 = ORIENTED_EDGE('',*,*,#3388,.T.);
#3388 = EDGE_CURVE('',#3380,#3389,#3391,.T.);
#3389 = VERTEX_POINT('',#3390);
#3390 = CARTESIAN_POINT('',(-12.79660165852,-0.29493387923,5.4));
#3391 = CIRCLE('',#3392,12.799999999997);
#3392 = AXIS2_PLACEMENT_3D('',#3393,#3394,#3395);
#3393 = CARTESIAN_POINT('',(-4.174823149024E-04,1.758896555279E-02,5.4)
  );
#3394 = DIRECTION('',(0.,0.,1.));
#3395 = DIRECTION('',(-0.999765705998,2.164562567391E-02,0.));
#3396 = ORIENTED_EDGE('',*,*,#3397,.T.);
#3397 = EDGE_CURVE('',#3389,#3398,#3400,.T.);
#3398 = VERTEX_POINT('',#3399);
#3399 = CARTESIAN_POINT('',(-11.66608449817,-0.710246811685,5.4));
#3400 = B_SPLINE_CURVE_WITH_KNOTS('',3,(#3401,#3402,#3403,#3404),
  .UNSPECIFIED.,.F.,.F.,(4,4),(0.,1.),.PIECEWISE_BEZIER_KNOTS.);
#3401 = CARTESIAN_POINT('',(-12.79660165852,-0.29493387923,5.4));
#3402 = CARTESIAN_POINT('',(-12.31660324617,-0.538194509515,5.4));
#3403 = CARTESIAN_POINT('',(-11.93185377709,-0.654738242348,5.4));
#3404 = CARTESIAN_POINT('',(-11.66608449817,-0.710246811685,5.4));
#3405 = ORIENTED_EDGE('',*,*,#3406,.T.);
#3406 = EDGE_CURVE('',#3398,#3407,#3409,.T.);
#3407 = VERTEX_POINT('',#3408);
#3408 = CARTESIAN_POINT('',(-11.2669413533,-0.758423672663,5.4));
#3409 = B_SPLINE_CURVE_WITH_KNOTS('',3,(#3410,#3411,#3412,#3413),
  .UNSPECIFIED.,.F.,.F.,(4,4),(0.,1.),.PIECEWISE_BEZIER_KNOTS.);
#3410 = CARTESIAN_POINT('',(-11.66608449817,-0.710246811685,5.4));
#3411 = CARTESIAN_POINT('',(-11.44374522822,-0.756168583981,5.4));
#3412 = CARTESIAN_POINT('',(-11.31053863569,-0.759033447968,5.4));
#3413 = CARTESIAN_POINT('',(-11.2669413533,-0.758423672663,5.4));
#3414 = ORIENTED_EDGE('',*,*,#3415,.T.);
#3415 = EDGE_CURVE('',#3407,#3416,#3418,.T.);
#3416 = VERTEX_POINT('',#3417);
#3417 = CARTESIAN_POINT('',(-10.95132465229,-1.033677106265,5.4));
#3418 = CIRCLE('',#3419,0.304);
#3419 = AXIS2_PLACEMENT_3D('',#3420,#3421,#3422);
#3420 = CARTESIAN_POINT('',(-11.2539885433,-1.062147601114,5.4));
#3421 = DIRECTION('',(0.,0.,-1.));
#3422 = DIRECTION('',(-4.26079276102E-02,0.999091869902,0.));
#3423 = ORIENTED_EDGE('',*,*,#3424,.T.);
#3424 = EDGE_CURVE('',#3416,#3425,#3427,.T.);
#3425 = VERTEX_POINT('',#3426);
#3426 = CARTESIAN_POINT('',(-10.92692548842,-1.265819643726,5.4));
#3427 = CIRCLE('',#3428,11.000000000028);
#3428 = AXIS2_PLACEMENT_3D('',#3429,#3430,#3431);
#3429 = CARTESIAN_POINT('',(2.814282E-11,2.92821E-12,5.4));
#3430 = DIRECTION('',(0.,0.,1.));
#3431 = DIRECTION('',(-0.995574968391,-9.397064602413E-02,0.));
#3432 = ORIENTED_EDGE('',*,*,#3433,.T.);
#3433 = EDGE_CURVE('',#3425,#3434,#3436,.T.);
#3434 = VERTEX_POINT('',#3435);
#3435 = CARTESIAN_POINT('',(-11.1780174864,-1.600592324104,5.4));
#3436 = CIRCLE('',#3437,0.304);
#3437 = AXIS2_PLACEMENT_3D('',#3438,#3439,#3440);
#3438 = CARTESIAN_POINT('',(-11.22889692525,-1.300880324508,5.4));
#3439 = DIRECTION('',(0.,0.,-1.));
#3440 = DIRECTION('',(0.993327094846,0.115331186781,0.));
#3441 = ORIENTED_EDGE('',*,*,#3442,.T.);
#3442 = EDGE_CURVE('',#3434,#3443,#3445,.T.);
#3443 = VERTEX_POINT('',#3444);
#3444 = CARTESIAN_POINT('',(-11.55882117736,-1.73078913846,5.4));
#3445 = B_SPLINE_CURVE_WITH_KNOTS('',3,(#3446,#3447,#3448,#3449),
  .UNSPECIFIED.,.F.,.F.,(4,4),(0.,1.),.PIECEWISE_BEZIER_KNOTS.);
#3446 = CARTESIAN_POINT('',(-11.1780174864,-1.600592324104,5.4));
#3447 = CARTESIAN_POINT('',(-11.22118815706,-1.609146465801,5.4));
#3448 = CARTESIAN_POINT('',(-11.35088822723,-1.639643933517,5.4));
#3449 = CARTESIAN_POINT('',(-11.55882117736,-1.73078913846,5.4));
#3450 = ORIENTED_EDGE('',*,*,#3451,.T.);
#3451 = EDGE_CURVE('',#3443,#3452,#3454,.T.);
#3452 = VERTEX_POINT('',#3453);
#3453 = CARTESIAN_POINT('',(-12.57902601809,-2.372518822663,5.4));
#3454 = B_SPLINE_CURVE_WITH_KNOTS('',3,(#3455,#3456,#3457,#3458),
  .UNSPECIFIED.,.F.,.F.,(4,4),(0.,1.),.PIECEWISE_BEZIER_KNOTS.);
#3455 = CARTESIAN_POINT('',(-11.55882117736,-1.73078913846,5.4));
#3456 = CARTESIAN_POINT('',(-11.80724187938,-1.840341252525,5.4));
#3457 = CARTESIAN_POINT('',(-12.15935284489,-2.034332137832,5.4));
#3458 = CARTESIAN_POINT('',(-12.57902601809,-2.372518822663,5.4));
#3459 = ORIENTED_EDGE('',*,*,#3460,.T.);
#3460 = EDGE_CURVE('',#3452,#3461,#3463,.T.);
#3461 = VERTEX_POINT('',#3462);
#3462 = CARTESIAN_POINT('',(-12.45564500831,-2.949051953889,5.4));
#3463 = CIRCLE('',#3464,12.80000000001);
#3464 = AXIS2_PLACEMENT_3D('',#3465,#3466,#3467);
#3465 = CARTESIAN_POINT('',(-4.065310879988E-03,1.711780500355E-02,5.4)
  );
#3466 = DIRECTION('',(0.,0.,1.));
#3467 = DIRECTION('',(-0.98241880525,-0.186690361536,0.));
#3468 = ORIENTED_EDGE('',*,*,#3469,.T.);
#3469 = EDGE_CURVE('',#3461,#3470,#3472,.T.);
#3470 = VERTEX_POINT('',#3471);
#3471 = CARTESIAN_POINT('',(-11.26348394633,-3.120241568016,5.4));
#3472 = B_SPLINE_CURVE_WITH_KNOTS('',3,(#3473,#3474,#3475,#3476),
  .UNSPECIFIED.,.F.,.F.,(4,4),(0.,1.),.PIECEWISE_BEZIER_KNOTS.);
#3473 = CARTESIAN_POINT('',(-12.45564500831,-2.949051953889,5.4));
#3474 = CARTESIAN_POINT('',(-11.93555898397,-3.087199474254,5.4));
#3475 = CARTESIAN_POINT('',(-11.53498640936,-3.121202534248,5.4));
#3476 = CARTESIAN_POINT('',(-11.26348394633,-3.120241568016,5.4));
#3477 = ORIENTED_EDGE('',*,*,#3478,.T.);
#3478 = EDGE_CURVE('',#3470,#3479,#3481,.T.);
#3479 = VERTEX_POINT('',#3480);
#3480 = CARTESIAN_POINT('',(-10.8630465042,-3.084379122865,5.4));
#3481 = B_SPLINE_CURVE_WITH_KNOTS('',3,(#3482,#3483,#3484,#3485),
  .UNSPECIFIED.,.F.,.F.,(4,4),(0.,1.),.PIECEWISE_BEZIER_KNOTS.);
#3482 = CARTESIAN_POINT('',(-11.26348394633,-3.120241568016,5.4));
#3483 = CARTESIAN_POINT('',(-11.03645564955,-3.118932905859,5.4));
#3484 = CARTESIAN_POINT('',(-10.90556430195,-3.094039957813,5.4));
#3485 = CARTESIAN_POINT('',(-10.8630465042,-3.084379122865,5.4));
#3486 = ORIENTED_EDGE('',*,*,#3487,.T.);
#3487 = EDGE_CURVE('',#3479,#3488,#3490,.T.);
#3488 = VERTEX_POINT('',#3489);
#3489 = CARTESIAN_POINT('',(-10.49709837857,-3.28799720658,5.4));
#3490 = CIRCLE('',#3491,0.304);
#3491 = AXIS2_PLACEMENT_3D('',#3492,#3493,#3494);
#3492 = CARTESIAN_POINT('',(-10.78722898867,-3.378772914138,5.4));
#3493 = DIRECTION('',(0.,0.,-1.));
#3494 = DIRECTION('',(-0.249399722118,0.968400629186,0.));
#3495 = ORIENTED_EDGE('',*,*,#3496,.T.);
#3496 = EDGE_CURVE('',#3488,#3497,#3499,.T.);
#3497 = VERTEX_POINT('',#3498);
#3498 = CARTESIAN_POINT('',(-10.4249672475,-3.50999400121,5.4));
#3499 = CIRCLE('',#3500,10.999999999984);
#3500 = AXIS2_PLACEMENT_3D('',#3501,#3502,#3503);
#3501 = CARTESIAN_POINT('',(-1.550493E-11,-5.0917E-12,5.4));
#3502 = DIRECTION('',(0.,0.,1.));
#3503 = DIRECTION('',(-0.95428167078,-0.298908836962,0.));
#3504 = ORIENTED_EDGE('',*,*,#3505,.T.);
#3505 = EDGE_CURVE('',#3497,#3506,#3508,.T.);
#3506 = VERTEX_POINT('',#3507);
#3507 = CARTESIAN_POINT('',(-10.60096912887,-3.889656057163,5.4));
#3508 = CIRCLE('',#3509,0.304);
#3509 = AXIS2_PLACEMENT_3D('',#3510,#3511,#3512);
#3510 = CARTESIAN_POINT('',(-10.7130503585,-3.607071914007,5.4));
#3511 = DIRECTION('',(0.,0.,-1.));
#3512 = DIRECTION('',(0.94764181252,0.319335239464,0.));
#3513 = ORIENTED_EDGE('',*,*,#3514,.T.);
#3514 = EDGE_CURVE('',#3506,#3515,#3517,.T.);
#3515 = VERTEX_POINT('',#3516);
#3516 = CARTESIAN_POINT('',(-10.94638190572,-4.096181298006,5.4));
#3517 = B_SPLINE_CURVE_WITH_KNOTS('',3,(#3518,#3519,#3520,#3521),
  .UNSPECIFIED.,.F.,.F.,(4,4),(0.,1.),.PIECEWISE_BEZIER_KNOTS.);
#3518 = CARTESIAN_POINT('',(-10.60096912887,-3.889656057163,5.4));
#3519 = CARTESIAN_POINT('',(-10.64141791073,-3.906998957472,5.4));
#3520 = CARTESIAN_POINT('',(-10.76194294311,-3.963796143236,5.4));
#3521 = CARTESIAN_POINT('',(-10.94638190572,-4.096181298006,5.4));
#3522 = ORIENTED_EDGE('',*,*,#3523,.T.);
#3523 = EDGE_CURVE('',#3515,#3524,#3526,.T.);
#3524 = VERTEX_POINT('',#3525);
#3525 = CARTESIAN_POINT('',(-11.81086971924,-4.936000162346,5.4));
#3526 = B_SPLINE_CURVE_WITH_KNOTS('',3,(#3527,#3528,#3529,#3530),
  .UNSPECIFIED.,.F.,.F.,(4,4),(0.,1.),.PIECEWISE_BEZIER_KNOTS.);
#3527 = CARTESIAN_POINT('',(-10.94638190572,-4.096181298006,5.4));
#3528 = CARTESIAN_POINT('',(-11.1665968541,-4.254989003726,5.4));
#3529 = CARTESIAN_POINT('',(-11.47068037724,-4.517948708948,5.4));
#3530 = CARTESIAN_POINT('',(-11.81086971924,-4.936000162346,5.4));
#3531 = ORIENTED_EDGE('',*,*,#3532,.T.);
#3532 = EDGE_CURVE('',#3524,#3533,#3535,.T.);
#3533 = VERTEX_POINT('',#3534);
#3534 = CARTESIAN_POINT('',(-11.57031690243,-5.474282307041,5.4));
#3535 = CIRCLE('',#3536,12.800000000015);
#3536 = AXIS2_PLACEMENT_3D('',#3537,#3538,#3539);
#3537 = CARTESIAN_POINT('',(-7.535465859566E-03,1.589851423765E-02,5.4)
  );
#3538 = DIRECTION('',(0.,0.,1.));
#3539 = DIRECTION('',(-0.922135488545,-0.386867084108,0.));
#3540 = ORIENTED_EDGE('',*,*,#3541,.T.);
#3541 = EDGE_CURVE('',#3533,#3542,#3544,.T.);
#3542 = VERTEX_POINT('',#3543);
#3543 = CARTESIAN_POINT('',(-10.36861509784,-5.393866795245,5.4));
#3544 = B_SPLINE_CURVE_WITH_KNOTS('',3,(#3545,#3546,#3547,#3548),
  .UNSPECIFIED.,.F.,.F.,(4,4),(0.,1.),.PIECEWISE_BEZIER_KNOTS.);
#3545 = CARTESIAN_POINT('',(-11.57031690243,-5.474282307041,5.4));
#3546 = CARTESIAN_POINT('',(-11.032873521,-5.50127900794,5.4));
#3547 = CARTESIAN_POINT('',(-10.63398478453,-5.451255298209,5.4));
#3548 = CARTESIAN_POINT('',(-10.36861509784,-5.393866795245,5.4));
#3549 = ORIENTED_EDGE('',*,*,#3550,.T.);
#3550 = EDGE_CURVE('',#3542,#3551,#3553,.T.);
#3551 = VERTEX_POINT('',#3552);
#3552 = CARTESIAN_POINT('',(-9.984384396187,-5.275532404904,5.4));
#3553 = B_SPLINE_CURVE_WITH_KNOTS('',3,(#3554,#3555,#3556,#3557),
  .UNSPECIFIED.,.F.,.F.,(4,4),(0.,1.),.PIECEWISE_BEZIER_KNOTS.);
#3554 = CARTESIAN_POINT('',(-10.36861509784,-5.393866795245,5.4));
#3555 = CARTESIAN_POINT('',(-10.14682000021,-5.345384893451,5.4));
#3556 = CARTESIAN_POINT('',(-10.02396447752,-5.293822074651,5.4));
#3557 = CARTESIAN_POINT('',(-9.984384396187,-5.275532404904,5.4));
#3558 = ORIENTED_EDGE('',*,*,#3559,.T.);
#3559 = EDGE_CURVE('',#3551,#3560,#3562,.T.);
#3560 = VERTEX_POINT('',#3561);
#3561 = CARTESIAN_POINT('',(-9.584098535048,-5.398616051406,5.4));
#3562 = CIRCLE('',#3563,0.304);
#3563 = AXIS2_PLACEMENT_3D('',#3564,#3565,#3566);
#3564 = CARTESIAN_POINT('',(-9.849015764374,-5.547729637662,5.4));
#3565 = DIRECTION('',(0.,0.,-1.));
#3566 = DIRECTION('',(-0.445291552016,0.895385634072,0.));
#3567 = ORIENTED_EDGE('',*,*,#3568,.T.);
#3568 = EDGE_CURVE('',#3560,#3569,#3571,.T.);
#3569 = VERTEX_POINT('',#3570);
#3570 = CARTESIAN_POINT('',(-9.46738791332,-5.600764778022,5.4));
#3571 = CIRCLE('',#3572,10.999999999991);
#3572 = AXIS2_PLACEMENT_3D('',#3573,#3574,#3575);
#3573 = CARTESIAN_POINT('',(-7.68363E-12,-4.4138E-12,5.4));
#3574 = DIRECTION('',(0.,0.,1.));
#3575 = DIRECTION('',(-0.871281685004,-0.490783277401,0.));
#3576 = ORIENTED_EDGE('',*,*,#3577,.T.);
#3577 = EDGE_CURVE('',#3569,#3578,#3580,.T.);
#3578 = VERTEX_POINT('',#3579);
#3579 = CARTESIAN_POINT('',(-9.560607551313,-6.008723155884,5.4));
#3580 = CIRCLE('',#3581,0.304);
#3581 = AXIS2_PLACEMENT_3D('',#3582,#3583,#3584);
#3582 = CARTESIAN_POINT('',(-9.728992084172,-5.755617152214,5.4));
#3583 = DIRECTION('',(0.,0.,-1.));
#3584 = DIRECTION('',(0.860540035697,0.509382809842,0.));
#3585 = ORIENTED_EDGE('',*,*,#3586,.T.);
#3586 = EDGE_CURVE('',#3578,#3587,#3589,.T.);
#3587 = VERTEX_POINT('',#3588);
#3588 = CARTESIAN_POINT('',(-9.855533218233,-6.282550679171,5.4));
#3589 = B_SPLINE_CURVE_WITH_KNOTS('',3,(#3590,#3591,#3592,#3593),
  .UNSPECIFIED.,.F.,.F.,(4,4),(0.,1.),.PIECEWISE_BEZIER_KNOTS.);
#3590 = CARTESIAN_POINT('',(-9.560607551313,-6.008723155884,5.4));
#3591 = CARTESIAN_POINT('',(-9.596566638524,-6.034096846841,5.4));
#3592 = CARTESIAN_POINT('',(-9.702649110842,-6.114711441091,5.4));
#3593 = CARTESIAN_POINT('',(-9.855533218233,-6.282550679171,5.4));
#3594 = ORIENTED_EDGE('',*,*,#3595,.T.);
#3595 = EDGE_CURVE('',#3587,#3596,#3598,.T.);
#3596 = VERTEX_POINT('',#3597);
#3597 = CARTESIAN_POINT('',(-10.52652173883,-7.283754609378,5.4));
#3598 = B_SPLINE_CURVE_WITH_KNOTS('',3,(#3599,#3600,#3601,#3602),
  .UNSPECIFIED.,.F.,.F.,(4,4),(0.,1.),.PIECEWISE_BEZIER_KNOTS.);
#3599 = CARTESIAN_POINT('',(-9.855533218233,-6.282550679171,5.4));
#3600 = CARTESIAN_POINT('',(-10.03791796303,-6.483673317761,5.4));
#3601 = CARTESIAN_POINT('',(-10.28068413468,-6.80410924196,5.4));
#3602 = CARTESIAN_POINT('',(-10.52652173883,-7.283754609378,5.4));
#3603 = ORIENTED_EDGE('',*,*,#3604,.T.);
#3604 = EDGE_CURVE('',#3596,#3605,#3607,.T.);
#3605 = VERTEX_POINT('',#3606);
#3606 = CARTESIAN_POINT('',(-10.17931042737,-7.760260254855,5.4));
#3607 = CIRCLE('',#3608,12.800000000009);
#3608 = AXIS2_PLACEMENT_3D('',#3609,#3610,#3611);
#3609 = CARTESIAN_POINT('',(-1.06762848324E-02,1.398438210531E-02,5.4));
#3610 = DIRECTION('',(0.,0.,1.));
#3611 = DIRECTION('',(-0.821550426093,-0.570135858709,0.));
#3612 = ORIENTED_EDGE('',*,*,#3613,.T.);
#3613 = EDGE_CURVE('',#3605,#3614,#3616,.T.);
#3614 = VERTEX_POINT('',#3615);
#3615 = CARTESIAN_POINT('',(-9.020588015441,-7.431754160878,5.4));
#3616 = B_SPLINE_CURVE_WITH_KNOTS('',3,(#3617,#3618,#3619,#3620),
  .UNSPECIFIED.,.F.,.F.,(4,4),(0.,1.),.PIECEWISE_BEZIER_KNOTS.);
#3617 = CARTESIAN_POINT('',(-10.17931042737,-7.760260254855,5.4));
#3618 = CARTESIAN_POINT('',(-9.647998543569,-7.674926250915,5.4));
#3619 = CARTESIAN_POINT('',(-9.268226997104,-7.543062047614,5.4));
#3620 = CARTESIAN_POINT('',(-9.020588015441,-7.431754160878,5.4));
#3621 = ORIENTED_EDGE('',*,*,#3622,.T.);
#3622 = EDGE_CURVE('',#3614,#3623,#3625,.T.);
#3623 = VERTEX_POINT('',#3624);
#3624 = CARTESIAN_POINT('',(-8.669356779666,-7.236119606036,5.4));
#3625 = B_SPLINE_CURVE_WITH_KNOTS('',3,(#3626,#3627,#3628,#3629),
  .UNSPECIFIED.,.F.,.F.,(4,4),(0.,1.),.PIECEWISE_BEZIER_KNOTS.);
#3626 = CARTESIAN_POINT('',(-9.020588015441,-7.431754160878,5.4));
#3627 = CARTESIAN_POINT('',(-8.813719627021,-7.338217911196,5.4));
#3628 = CARTESIAN_POINT('',(-8.704269305099,-7.26223876425,5.4));
#3629 = CARTESIAN_POINT('',(-8.669356779666,-7.236119606036,5.4));
#3630 = ORIENTED_EDGE('',*,*,#3631,.T.);
#3631 = EDGE_CURVE('',#3623,#3632,#3634,.T.);
#3632 = VERTEX_POINT('',#3633);
#3633 = CARTESIAN_POINT('',(-8.25222759593,-7.273289469351,5.4));
#3634 = CIRCLE('',#3635,0.304);
#3635 = AXIS2_PLACEMENT_3D('',#3636,#3637,#3638);
#3636 = CARTESIAN_POINT('',(-8.480353290345,-7.474223955061,5.4));
#3637 = DIRECTION('',(0.,0.,-1.));
#3638 = DIRECTION('',(-0.621722004346,0.783237990213,0.));
#3639 = ORIENTED_EDGE('',*,*,#3640,.T.);
#3640 = EDGE_CURVE('',#3632,#3641,#3643,.T.);
#3641 = VERTEX_POINT('',#3642);
#3642 = CARTESIAN_POINT('',(-8.096038297759,-7.446755258582,5.4));
#3643 = CIRCLE('',#3644,11.000000000009);
#3644 = AXIS2_PLACEMENT_3D('',#3645,#3646,#3647);
#3645 = CARTESIAN_POINT('',(6.74749E-12,5.97522E-12,5.4));
#3646 = DIRECTION('',(0.,0.,1.));
#3647 = DIRECTION('',(-0.750202508721,-0.661208133577,0.));
#3648 = ORIENTED_EDGE('',*,*,#3649,.T.);
#3649 = EDGE_CURVE('',#3641,#3650,#3652,.T.);
#3650 = VERTEX_POINT('',#3651);
#3651 = CARTESIAN_POINT('',(-8.102401546879,-7.86518021964,5.4));
#3652 = CIRCLE('',#3653,0.304);
#3653 = AXIS2_PLACEMENT_3D('',#3654,#3655,#3656);
#3654 = CARTESIAN_POINT('',(-8.319730170874,-7.652614302353,5.4));
#3655 = DIRECTION('',(0.,0.,-1.));
#3656 = DIRECTION('',(0.735828529985,0.67716790714,0.));
#3657 = ORIENTED_EDGE('',*,*,#3658,.T.);
#3658 = EDGE_CURVE('',#3650,#3659,#3661,.T.);
#3659 = VERTEX_POINT('',#3660);
#3660 = CARTESIAN_POINT('',(-8.333950437012,-8.194342448633,5.4));
#3661 = B_SPLINE_CURVE_WITH_KNOTS('',3,(#3662,#3663,#3664,#3665),
  .UNSPECIFIED.,.F.,.F.,(4,4),(0.,1.),.PIECEWISE_BEZIER_KNOTS.);
#3662 = CARTESIAN_POINT('',(-8.102401546879,-7.86518021964,5.4));
#3663 = CARTESIAN_POINT('',(-8.132299354769,-7.897475749193,5.4));
#3664 = CARTESIAN_POINT('',(-8.219302953953,-7.998384507329,5.4));
#3665 = CARTESIAN_POINT('',(-8.333950437012,-8.194342448633,5.4));
#3666 = ORIENTED_EDGE('',*,*,#3667,.T.);
#3667 = EDGE_CURVE('',#3659,#3668,#3670,.T.);
#3668 = VERTEX_POINT('',#3669);
#3669 = CARTESIAN_POINT('',(-8.782114246574,-9.313174028647,5.4));
#3670 = B_SPLINE_CURVE_WITH_KNOTS('',3,(#3671,#3672,#3673,#3674),
  .UNSPECIFIED.,.F.,.F.,(4,4),(0.,1.),.PIECEWISE_BEZIER_KNOTS.);
#3671 = CARTESIAN_POINT('',(-8.333950437012,-8.194342448633,5.4));
#3672 = CARTESIAN_POINT('',(-8.470533889697,-8.428989995694,5.4));
#3673 = CARTESIAN_POINT('',(-8.641372663239,-8.79289755136,5.4));
#3674 = CARTESIAN_POINT('',(-8.782114246574,-9.313174028647,5.4));
#3675 = ORIENTED_EDGE('',*,*,#3676,.T.);
#3676 = EDGE_CURVE('',#3668,#3677,#3679,.T.);
#3677 = VERTEX_POINT('',#3678);
#3678 = CARTESIAN_POINT('',(-8.343419240892,-9.707077591671,5.4));
#3679 = CIRCLE('',#3680,12.800000000025);
#3680 = AXIS2_PLACEMENT_3D('',#3681,#3682,#3683);
#3681 = CARTESIAN_POINT('',(-1.335049891185E-02,1.145906538441E-02,5.4)
  );
#3682 = DIRECTION('',(0.,0.,1.));
#3683 = DIRECTION('',(-0.685059667785,-0.72848696047,0.));
#3684 = ORIENTED_EDGE('',*,*,#3685,.T.);
#3685 = EDGE_CURVE('',#3677,#3686,#3688,.T.);
#3686 = VERTEX_POINT('',#3687);
#3687 = CARTESIAN_POINT('',(-7.278317951181,-9.144838208167,5.4));
#3688 = B_SPLINE_CURVE_WITH_KNOTS('',3,(#3689,#3690,#3691,#3692),
  .UNSPECIFIED.,.F.,.F.,(4,4),(0.,1.),.PIECEWISE_BEZIER_KNOTS.);
#3689 = CARTESIAN_POINT('',(-8.343419240892,-9.707077591671,5.4));
#3690 = CARTESIAN_POINT('',(-7.841459733546,-9.513142388342,5.4));
#3691 = CARTESIAN_POINT('',(-7.497403216011,-9.305200789911,5.4));
#3692 = CARTESIAN_POINT('',(-7.278317951181,-9.144838208167,5.4));
#3693 = ORIENTED_EDGE('',*,*,#3694,.T.);
#3694 = EDGE_CURVE('',#3686,#3695,#3697,.T.);
#3695 = VERTEX_POINT('',#3696);
#3696 = CARTESIAN_POINT('',(-6.975436671685,-8.88045365763,5.4));
#3697 = B_SPLINE_CURVE_WITH_KNOTS('',3,(#3698,#3699,#3700,#3701),
  .UNSPECIFIED.,.F.,.F.,(4,4),(0.,1.),.PIECEWISE_BEZIER_KNOTS.);
#3698 = CARTESIAN_POINT('',(-7.278317951181,-9.144838208167,5.4));
#3699 = CARTESIAN_POINT('',(-7.095417413205,-9.010335593546,5.4));
#3700 = CARTESIAN_POINT('',(-7.004155796326,-8.913260771764,5.4));
#3701 = CARTESIAN_POINT('',(-6.975436671685,-8.88045365763,5.4));
#3702 = ORIENTED_EDGE('',*,*,#3703,.T.);
#3703 = EDGE_CURVE('',#3695,#3704,#3706,.T.);
#3704 = VERTEX_POINT('',#3705);
#3705 = CARTESIAN_POINT('',(-6.559694712288,-8.830085236371,5.4));
#3706 = CIRCLE('',#3707,0.304);
#3707 = AXIS2_PLACEMENT_3D('',#3708,#3709,#3710);
#3708 = CARTESIAN_POINT('',(-6.741058684279,-9.074058820318,5.4));
#3709 = DIRECTION('',(0.,0.,-1.));
#3710 = DIRECTION('',(-0.770980221732,0.636859087788,0.));
#3711 = ORIENTED_EDGE('',*,*,#3712,.T.);
#3712 = EDGE_CURVE('',#3704,#3713,#3715,.T.);
#3713 = VERTEX_POINT('',#3714);
#3714 = CARTESIAN_POINT('',(-6.370852959484,-8.967286800846,5.4));
#3715 = CIRCLE('',#3716,10.999999999991);
#3716 = AXIS2_PLACEMENT_3D('',#3717,#3718,#3719);
#3717 = CARTESIAN_POINT('',(-5.3646E-12,-7.28395E-12,5.4));
#3718 = DIRECTION('',(0.,0.,1.));
#3719 = DIRECTION('',(-0.596335882935,-0.802735021488,0.));
#3720 = ORIENTED_EDGE('',*,*,#3721,.T.);
#3721 = EDGE_CURVE('',#3713,#3722,#3724,.T.);
#3722 = VERTEX_POINT('',#3723);
#3723 = CARTESIAN_POINT('',(-6.29008171521,-9.377891166476,5.4));
#3724 = CIRCLE('',#3725,0.304);
#3725 = AXIS2_PLACEMENT_3D('',#3726,#3727,#3728);
#3726 = CARTESIAN_POINT('',(-6.546856126615,-9.215155486162,5.4));
#3727 = DIRECTION('',(0.,0.,-1.));
#3728 = DIRECTION('',(0.578957786615,0.815357517484,0.));
#3729 = ORIENTED_EDGE('',*,*,#3730,.T.);
#3730 = EDGE_CURVE('',#3722,#3731,#3733,.T.);
#3731 = VERTEX_POINT('',#3732);
#3732 = CARTESIAN_POINT('',(-6.448134030963,-9.748002132272,5.4));
#3733 = B_SPLINE_CURVE_WITH_KNOTS('',3,(#3734,#3735,#3736,#3737),
  .UNSPECIFIED.,.F.,.F.,(4,4),(0.,1.),.PIECEWISE_BEZIER_KNOTS.);
#3734 = CARTESIAN_POINT('',(-6.29008171521,-9.377891166476,5.4));
#3735 = CARTESIAN_POINT('',(-6.312611566109,-9.415697065013,5.4));
#3736 = CARTESIAN_POINT('',(-6.376733817384,-9.53248979009,5.4));
#3737 = CARTESIAN_POINT('',(-6.448134030963,-9.748002132272,5.4));
#3738 = ORIENTED_EDGE('',*,*,#3739,.T.);
#3739 = EDGE_CURVE('',#3731,#3740,#3742,.T.);
#3740 = VERTEX_POINT('',#3741);
#3741 = CARTESIAN_POINT('',(-6.653886220481,-10.93556305329,5.4));
#3742 = B_SPLINE_CURVE_WITH_KNOTS('',3,(#3743,#3744,#3745,#3746),
  .UNSPECIFIED.,.F.,.F.,(4,4),(0.,1.),.PIECEWISE_BEZIER_KNOTS.);
#3743 = CARTESIAN_POINT('',(-6.448134030963,-9.748002132272,5.4));
#3744 = CARTESIAN_POINT('',(-6.532946839251,-10.00591936403,5.4));
#3745 = CARTESIAN_POINT('',(-6.624391740504,-10.39739404476,5.4));
#3746 = CARTESIAN_POINT('',(-6.653886220481,-10.93556305329,5.4));
#3747 = ORIENTED_EDGE('',*,*,#3748,.T.);
#3748 = EDGE_CURVE('',#3740,#3749,#3751,.T.);
#3749 = VERTEX_POINT('',#3750);
#3750 = CARTESIAN_POINT('',(-6.142880597411,-11.229649058,5.4));
#3751 = CIRCLE('',#3752,12.800000000003);
#3752 = AXIS2_PLACEMENT_3D('',#3753,#3754,#3755);
#3753 = CARTESIAN_POINT('',(-1.544123214911E-02,8.432932491838E-03,5.4)
  );
#3754 = DIRECTION('',(0.,0.,1.));
#3755 = DIRECTION('',(-0.518628514713,-0.85499968639,0.));
#3756 = ORIENTED_EDGE('',*,*,#3757,.T.);
#3757 = EDGE_CURVE('',#3749,#3758,#3760,.T.);
#3758 = VERTEX_POINT('',#3759);
#3759 = CARTESIAN_POINT('',(-5.217950467211,-10.45824894395,5.4));
#3760 = B_SPLINE_CURVE_WITH_KNOTS('',3,(#3761,#3762,#3763,#3764),
  .UNSPECIFIED.,.F.,.F.,(4,4),(0.,1.),.PIECEWISE_BEZIER_KNOTS.);
#3761 = CARTESIAN_POINT('',(-6.142880597411,-11.229649058,5.4));
#3762 = CARTESIAN_POINT('',(-5.692211505668,-10.93558855427,5.4));
#3763 = CARTESIAN_POINT('',(-5.398906937846,-10.66065760638,5.4));
#3764 = CARTESIAN_POINT('',(-5.217950467211,-10.45824894395,5.4));
#3765 = ORIENTED_EDGE('',*,*,#3766,.T.);
#3766 = EDGE_CURVE('',#3758,#3767,#3769,.T.);
#3767 = VERTEX_POINT('',#3768);
#3768 = CARTESIAN_POINT('',(-4.976656509293,-10.13666927124,5.4));
#3769 = B_SPLINE_CURVE_WITH_KNOTS('',3,(#3770,#3771,#3772,#3773),
  .UNSPECIFIED.,.F.,.F.,(4,4),(0.,1.),.PIECEWISE_BEZIER_KNOTS.);
#3770 = CARTESIAN_POINT('',(-5.217950467211,-10.45824894395,5.4));
#3771 = CARTESIAN_POINT('',(-5.067011410842,-10.28865837407,5.4));
#3772 = CARTESIAN_POINT('',(-4.997927069585,-10.17473051298,5.4));
#3773 = CARTESIAN_POINT('',(-4.976656509293,-10.13666927124,5.4));
#3774 = ORIENTED_EDGE('',*,*,#3775,.T.);
#3775 = EDGE_CURVE('',#3767,#3776,#3778,.T.);
#3776 = VERTEX_POINT('',#3777);
#3777 = CARTESIAN_POINT('',(-4.580471692812,-10.00096390711,5.4));
#3778 = CIRCLE('',#3779,0.304);
#3779 = AXIS2_PLACEMENT_3D('',#3780,#3781,#3782);
#3780 = CARTESIAN_POINT('',(-4.707147466521,-10.27731377296,5.4));
#3781 = DIRECTION('',(0.,0.,-1.));
#3782 = DIRECTION('',(-0.886542903855,0.462646387238,0.));
#3783 = ORIENTED_EDGE('',*,*,#3784,.T.);
#3784 = EDGE_CURVE('',#3776,#3785,#3787,.T.);
#3785 = VERTEX_POINT('',#3786);
#3786 = CARTESIAN_POINT('',(-4.367230776135,-10.09590488009,5.4));
#3787 = CIRCLE('',#3788,10.999999999984);
#3788 = AXIS2_PLACEMENT_3D('',#3789,#3790,#3791);
#3789 = CARTESIAN_POINT('',(-6.27542E-12,-1.426148E-11,5.4));
#3790 = DIRECTION('',(0.,0.,1.));
#3791 = DIRECTION('',(-0.416406517528,-0.90917853701,0.));
#3792 = ORIENTED_EDGE('',*,*,#3793,.T.);
#3793 = EDGE_CURVE('',#3785,#3794,#3796,.T.);
#3794 = VERTEX_POINT('',#3795);
#3795 = CARTESIAN_POINT('',(-4.202855129425,-10.48074326922,5.4));
#3796 = CIRCLE('',#3797,0.304);
#3797 = AXIS2_PLACEMENT_3D('',#3798,#3799,#3800);
#3798 = CARTESIAN_POINT('',(-4.487853054321,-10.374950156,5.4));
#3799 = DIRECTION('',(0.,0.,-1.));
#3800 = DIRECTION('',(0.396783809823,0.917912091795,0.));
#3801 = ORIENTED_EDGE('',*,*,#3802,.T.);
#3802 = EDGE_CURVE('',#3794,#3803,#3805,.T.);
#3803 = VERTEX_POINT('',#3804);
#3804 = CARTESIAN_POINT('',(-4.28050322618,-10.87562734662,5.4));
#3805 = B_SPLINE_CURVE_WITH_KNOTS('',3,(#3806,#3807,#3808,#3809),
  .UNSPECIFIED.,.F.,.F.,(4,4),(0.,1.),.PIECEWISE_BEZIER_KNOTS.);
#3806 = CARTESIAN_POINT('',(-4.202855129425,-10.48074326922,5.4));
#3807 = CARTESIAN_POINT('',(-4.21703236074,-10.52240723756,5.4));
#3808 = CARTESIAN_POINT('',(-4.255470814031,-10.64997952706,5.4));
#3809 = CARTESIAN_POINT('',(-4.28050322618,-10.87562734662,5.4));
#3810 = ORIENTED_EDGE('',*,*,#3811,.T.);
#3811 = EDGE_CURVE('',#3803,#3812,#3814,.T.);
#3812 = VERTEX_POINT('',#3813);
#3813 = CARTESIAN_POINT('',(-4.234851437664,-12.08001549786,5.4));
#3814 = B_SPLINE_CURVE_WITH_KNOTS('',3,(#3815,#3816,#3817,#3818),
  .UNSPECIFIED.,.F.,.F.,(4,4),(0.,1.),.PIECEWISE_BEZIER_KNOTS.);
#3815 = CARTESIAN_POINT('',(-4.28050322618,-10.87562734662,5.4));
#3816 = CARTESIAN_POINT('',(-4.309838663372,-11.14554204243,5.4));
#3817 = CARTESIAN_POINT('',(-4.31789311135,-11.54747452617,5.4));
#3818 = CARTESIAN_POINT('',(-4.234851437664,-12.08001549786,5.4));
#3819 = ORIENTED_EDGE('',*,*,#3820,.T.);
#3820 = EDGE_CURVE('',#3812,#3821,#3823,.T.);
#3821 = VERTEX_POINT('',#3822);
#3822 = CARTESIAN_POINT('',(-3.673868595012,-12.26143097467,5.4));
#3823 = CIRCLE('',#3824,12.799999999981);
#3824 = AXIS2_PLACEMENT_3D('',#3825,#3826,#3827);
#3825 = CARTESIAN_POINT('',(-1.685710943896E-02,5.038239977901E-03,5.4)
  );
#3826 = DIRECTION('',(0.,0.,1.));
#3827 = DIRECTION('',(-0.329530806893,-0.94414482327,0.));
#3828 = ORIENTED_EDGE('',*,*,#3829,.T.);
#3829 = EDGE_CURVE('',#3821,#3830,#3832,.T.);
#3830 = VERTEX_POINT('',#3831);
#3831 = CARTESIAN_POINT('',(-2.929533509319,-11.31458401664,5.4));
#3832 = B_SPLINE_CURVE_WITH_KNOTS('',3,(#3833,#3834,#3835,#3836),
  .UNSPECIFIED.,.F.,.F.,(4,4),(0.,1.),.PIECEWISE_BEZIER_KNOTS.);
#3833 = CARTESIAN_POINT('',(-3.673868595012,-12.26143097467,5.4));
#3834 = CARTESIAN_POINT('',(-3.294186320732,-11.88009702561,5.4));
#3835 = CARTESIAN_POINT('',(-3.064452519667,-11.55019252994,5.4));
#3836 = CARTESIAN_POINT('',(-2.929533509319,-11.31458401664,5.4));
#3837 = ORIENTED_EDGE('',*,*,#3838,.T.);
#3838 = EDGE_CURVE('',#3830,#3839,#3841,.T.);
#3839 = VERTEX_POINT('',#3840);
#3840 = CARTESIAN_POINT('',(-2.760372576797,-10.94986379656,5.4));
#3841 = B_SPLINE_CURVE_WITH_KNOTS('',3,(#3842,#3843,#3844,#3845),
  .UNSPECIFIED.,.F.,.F.,(4,4),(0.,1.),.PIECEWISE_BEZIER_KNOTS.);
#3842 = CARTESIAN_POINT('',(-2.929533509319,-11.31458401664,5.4));
#3843 = CARTESIAN_POINT('',(-2.817152695606,-11.11731741318,5.4));
#3844 = CARTESIAN_POINT('',(-2.773264947188,-10.991515707,5.4));
#3845 = CARTESIAN_POINT('',(-2.760372576797,-10.94986379656,5.4));
#3846 = ORIENTED_EDGE('',*,*,#3847,.T.);
#3847 = EDGE_CURVE('',#3839,#3848,#3850,.T.);
#3848 = VERTEX_POINT('',#3849);
#3849 = CARTESIAN_POINT('',(-2.401060080818,-10.73475246516,5.4));
#3850 = CIRCLE('',#3851,0.304);
#3851 = AXIS2_PLACEMENT_3D('',#3852,#3853,#3854);
#3852 = CARTESIAN_POINT('',(-2.467511317077,-11.0314007977,5.4));
#3853 = DIRECTION('',(0.,0.,-1.));
#3854 = DIRECTION('',(-0.963359406975,0.268213819542,0.));
#3855 = ORIENTED_EDGE('',*,*,#3856,.T.);
#3856 = EDGE_CURVE('',#3848,#3857,#3859,.T.);
#3857 = VERTEX_POINT('',#3858);
#3858 = CARTESIAN_POINT('',(-2.172739651571,-10.78328347056,5.4));
#3859 = CIRCLE('',#3860,10.999999999973);
#3860 = AXIS2_PLACEMENT_3D('',#3861,#3862,#3863);
#3861 = CARTESIAN_POINT('',(-5.65681E-12,-2.648015E-11,5.4));
#3862 = DIRECTION('',(0.,0.,1.));
#3863 = DIRECTION('',(-0.218278189165,-0.975886587742,0.));
#3864 = ORIENTED_EDGE('',*,*,#3865,.T.);
#3865 = EDGE_CURVE('',#3857,#3866,#3868,.T.);
#3866 = VERTEX_POINT('',#3867);
#3867 = CARTESIAN_POINT('',(-1.931943606948,-11.12553659891,5.4));
#3868 = CIRCLE('',#3869,0.304);
#3869 = AXIS2_PLACEMENT_3D('',#3870,#3871,#3872);
#3870 = CARTESIAN_POINT('',(-2.232709268446,-11.08130971949,5.4));
#3871 = DIRECTION('',(0.,0.,-1.));
#3872 = DIRECTION('',(0.197268476561,0.980349503063,0.));
#3873 = ORIENTED_EDGE('',*,*,#3874,.T.);
#3874 = EDGE_CURVE('',#3866,#3875,#3877,.T.);
#3875 = VERTEX_POINT('',#3876);
#3876 = CARTESIAN_POINT('',(-1.92579389028,-11.52793545888,5.4));
#3877 = B_SPLINE_CURVE_WITH_KNOTS('',3,(#3878,#3879,#3880,#3881),
  .UNSPECIFIED.,.F.,.F.,(4,4),(0.,1.),.PIECEWISE_BEZIER_KNOTS.);
#3878 = CARTESIAN_POINT('',(-1.931943606948,-11.12553659891,5.4));
#3879 = CARTESIAN_POINT('',(-1.937148605639,-11.16923772172,5.4));
#3880 = CARTESIAN_POINT('',(-1.948223316091,-11.30201405443,5.4));
#3881 = CARTESIAN_POINT('',(-1.92579389028,-11.52793545888,5.4));
#3882 = ORIENTED_EDGE('',*,*,#3883,.T.);
#3883 = EDGE_CURVE('',#3875,#3884,#3886,.T.);
#3884 = VERTEX_POINT('',#3885);
#3885 = CARTESIAN_POINT('',(-1.630733325949,-12.69651329883,5.4));
#3886 = B_SPLINE_CURVE_WITH_KNOTS('',3,(#3887,#3888,#3889,#3890),
  .UNSPECIFIED.,.F.,.F.,(4,4),(0.,1.),.PIECEWISE_BEZIER_KNOTS.);
#3887 = CARTESIAN_POINT('',(-1.92579389028,-11.52793545888,5.4));
#3888 = CARTESIAN_POINT('',(-1.898369857004,-11.79805105134,5.4));
#3889 = CARTESIAN_POINT('',(-1.82268183368,-12.19287495986,5.4));
#3890 = CARTESIAN_POINT('',(-1.630733325949,-12.69651329883,5.4));
#3891 = ORIENTED_EDGE('',*,*,#3892,.T.);
#3892 = EDGE_CURVE('',#3884,#3893,#3895,.T.);
#3893 = VERTEX_POINT('',#3894);
#3894 = CARTESIAN_POINT('',(-1.044290905833,-12.75732952086,5.4));
#3895 = CIRCLE('',#3896,12.800000000006);
#3896 = AXIS2_PLACEMENT_3D('',#3897,#3898,#3899);
#3897 = CARTESIAN_POINT('',(-1.753625014298E-02,1.423352246102E-03,5.4)
  );
#3898 = DIRECTION('',(0.,0.,1.));
#3899 = DIRECTION('',(-0.126031021547,-0.992026300865,0.));
#3900 = ORIENTED_EDGE('',*,*,#3901,.T.);
#3901 = EDGE_CURVE('',#3893,#3902,#3904,.T.);
#3902 = VERTEX_POINT('',#3903);
#3903 = CARTESIAN_POINT('',(-0.513081879609,-11.67641747441,5.4));
#3904 = B_SPLINE_CURVE_WITH_KNOTS('',3,(#3905,#3906,#3907,#3908),
  .UNSPECIFIED.,.F.,.F.,(4,4),(0.,1.),.PIECEWISE_BEZIER_KNOTS.);
#3905 = CARTESIAN_POINT('',(-1.044290905833,-12.75732952086,5.4));
#3906 = CARTESIAN_POINT('',(-0.75218938632,-12.3053882499,5.4));
#3907 = CARTESIAN_POINT('',(-0.596066821504,-11.93492861597,5.4));
#3908 = CARTESIAN_POINT('',(-0.513081879609,-11.67641747441,5.4));
#3909 = ORIENTED_EDGE('',*,*,#3910,.T.);
#3910 = EDGE_CURVE('',#3902,#3911,#3913,.T.);
#3911 = VERTEX_POINT('',#3912);
#3912 = CARTESIAN_POINT('',(-0.423447116958,-11.28449673069,5.4));
#3913 = B_SPLINE_CURVE_WITH_KNOTS('',3,(#3914,#3915,#3916,#3917),
  .UNSPECIFIED.,.F.,.F.,(4,4),(0.,1.),.PIECEWISE_BEZIER_KNOTS.);
#3914 = CARTESIAN_POINT('',(-0.513081879609,-11.67641747441,5.4));
#3915 = CARTESIAN_POINT('',(-0.444170889375,-11.46009633454,5.4));
#3916 = CARTESIAN_POINT('',(-0.427397838998,-11.32791892149,5.4));
#3917 = CARTESIAN_POINT('',(-0.423447116958,-11.28449673069,5.4));
#3918 = ORIENTED_EDGE('',*,*,#3919,.T.);
#3919 = EDGE_CURVE('',#3911,#3920,#3922,.T.);
#3920 = VERTEX_POINT('',#3921);
#3921 = CARTESIAN_POINT('',(-0.116710621728,-10.99938082942,5.4));
#3922 = CIRCLE('',#3923,0.304);
#3923 = AXIS2_PLACEMENT_3D('',#3924,#3925,#3926);
#3924 = CARTESIAN_POINT('',(-0.120033082643,-11.30336267305,5.4));
#3925 = DIRECTION('',(0.,0.,-1.));
#3926 = DIRECTION('',(-0.998072481298,6.205902089949E-02,0.));
#3927 = ORIENTED_EDGE('',*,*,#3928,.T.);
#3928 = EDGE_CURVE('',#3920,#3929,#3931,.T.);
#3929 = VERTEX_POINT('',#3930);
#3930 = CARTESIAN_POINT('',(0.116710621728,-10.99938082942,5.4));
#3931 = CIRCLE('',#3932,10.999999999999);
#3932 = AXIS2_PLACEMENT_3D('',#3933,#3934,#3935);
#3933 = CARTESIAN_POINT('',(-8.44E-15,-1.4726E-12,5.4));
#3934 = DIRECTION('',(0.,0.,1.));
#3935 = DIRECTION('',(-1.061005652073E-02,-0.999943711766,0.));
#3936 = ORIENTED_EDGE('',*,*,#3937,.T.);
#3937 = EDGE_CURVE('',#3929,#3938,#3940,.T.);
#3938 = VERTEX_POINT('',#3939);
#3939 = CARTESIAN_POINT('',(0.423403121647,-11.28409059299,5.4));
#3940 = CIRCLE('',#3941,0.304);
#3941 = AXIS2_PLACEMENT_3D('',#3942,#3943,#3944);
#3942 = CARTESIAN_POINT('',(0.120014626189,-11.30336287421,5.4));
#3943 = DIRECTION('',(0.,0.,-1.));
#3944 = DIRECTION('',(-1.086843572561E-02,0.999940936808,0.));
#3945 = ORIENTED_EDGE('',*,*,#3946,.T.);
#3946 = EDGE_CURVE('',#3938,#3947,#3949,.T.);
#3947 = VERTEX_POINT('',#3948);
#3948 = CARTESIAN_POINT('',(0.513081879609,-11.67641747441,5.4));
#3949 = B_SPLINE_CURVE_WITH_KNOTS('',3,(#3950,#3951,#3952,#3953),
  .UNSPECIFIED.,.F.,.F.,(4,4),(0.,1.),.PIECEWISE_BEZIER_KNOTS.);
#3950 = CARTESIAN_POINT('',(0.423403121647,-11.28409059299,5.4));
#3951 = CARTESIAN_POINT('',(0.427397838998,-11.32791892149,5.4));
#3952 = CARTESIAN_POINT('',(0.444170889375,-11.46009633454,5.4));
#3953 = CARTESIAN_POINT('',(0.513081879609,-11.67641747441,5.4));
#3954 = ORIENTED_EDGE('',*,*,#3955,.T.);
#3955 = EDGE_CURVE('',#3947,#3956,#3958,.T.);
#3956 = VERTEX_POINT('',#3957);
#3957 = CARTESIAN_POINT('',(1.044655657237,-12.758112544,5.4));
#3958 = B_SPLINE_CURVE_WITH_KNOTS('',3,(#3959,#3960,#3961,#3962),
  .UNSPECIFIED.,.F.,.F.,(4,4),(0.,1.),.PIECEWISE_BEZIER_KNOTS.);
#3959 = CARTESIAN_POINT('',(0.513081879609,-11.67641747441,5.4));
#3960 = CARTESIAN_POINT('',(0.596066821504,-11.93492861597,5.4));
#3961 = CARTESIAN_POINT('',(0.75218938632,-12.3053882499,5.4));
#3962 = CARTESIAN_POINT('',(1.044655657237,-12.758112544,5.4));
#3963 = ORIENTED_EDGE('',*,*,#3964,.T.);
#3964 = EDGE_CURVE('',#3956,#3965,#3967,.T.);
#3965 = VERTEX_POINT('',#3966);
#3966 = CARTESIAN_POINT('',(1.630927306994,-12.69567155054,5.4));
#3967 = CIRCLE('',#3968,12.800000000007);
#3968 = AXIS2_PLACEMENT_3D('',#3969,#3970,#3971);
#3969 = CARTESIAN_POINT('',(-1.744897257535E-02,-2.253742832732E-03,5.4)
  );
#3970 = DIRECTION('',(-0.,0.,1.));
#3971 = DIRECTION('',(8.297692420402E-02,-0.996551468841,0.));
#3972 = ORIENTED_EDGE('',*,*,#3973,.T.);
#3973 = EDGE_CURVE('',#3965,#3974,#3976,.T.);
#3974 = VERTEX_POINT('',#3975);
#3975 = CARTESIAN_POINT('',(1.92579389028,-11.52793545888,5.4));
#3976 = B_SPLINE_CURVE_WITH_KNOTS('',3,(#3977,#3978,#3979,#3980),
  .UNSPECIFIED.,.F.,.F.,(4,4),(0.,1.),.PIECEWISE_BEZIER_KNOTS.);
#3977 = CARTESIAN_POINT('',(1.630927306994,-12.69567155054,5.4));
#3978 = CARTESIAN_POINT('',(1.82268183368,-12.19287495986,5.4));
#3979 = CARTESIAN_POINT('',(1.898369857004,-11.79805105134,5.4));
#3980 = CARTESIAN_POINT('',(1.92579389028,-11.52793545888,5.4));
#3981 = ORIENTED_EDGE('',*,*,#3982,.T.);
#3982 = EDGE_CURVE('',#3974,#3983,#3985,.T.);
#3983 = VERTEX_POINT('',#3984);
#3984 = CARTESIAN_POINT('',(1.931985013817,-11.12594300868,5.4));
#3985 = B_SPLINE_CURVE_WITH_KNOTS('',3,(#3986,#3987,#3988,#3989),
  .UNSPECIFIED.,.F.,.F.,(4,4),(0.,1.),.PIECEWISE_BEZIER_KNOTS.);
#3986 = CARTESIAN_POINT('',(1.92579389028,-11.52793545888,5.4));
#3987 = CARTESIAN_POINT('',(1.948223316091,-11.30201405443,5.4));
#3988 = CARTESIAN_POINT('',(1.937148605639,-11.16923772172,5.4));
#3989 = CARTESIAN_POINT('',(1.931985013817,-11.12594300868,5.4));
#3990 = ORIENTED_EDGE('',*,*,#3991,.T.);
#3991 = EDGE_CURVE('',#3983,#3992,#3994,.T.);
#3992 = VERTEX_POINT('',#3993);
#3993 = CARTESIAN_POINT('',(2.172739651571,-10.78328347056,5.4));
#3994 = CIRCLE('',#3995,0.304);
#3995 = AXIS2_PLACEMENT_3D('',#3996,#3997,#3998);
#3996 = CARTESIAN_POINT('',(2.232691173484,-11.08131336003,5.4));
#3997 = DIRECTION('',(0.,0.,-1.));
#3998 = DIRECTION('',(-0.989164998906,-0.146808054749,-0.));
#3999 = ORIENTED_EDGE('',*,*,#4000,.T.);
#4000 = EDGE_CURVE('',#3992,#4001,#4003,.T.);
#4001 = VERTEX_POINT('',#4002);
#4002 = CARTESIAN_POINT('',(2.401060080818,-10.73475246516,5.4));
#4003 = CIRCLE('',#4004,10.999999999966);
#4004 = AXIS2_PLACEMENT_3D('',#4005,#4006,#4007);
#4005 = CARTESIAN_POINT('',(7.20801E-12,-3.339728E-11,5.4));
#4006 = DIRECTION('',(-0.,0.,1.));
#4007 = DIRECTION('',(0.197521786506,-0.980298497324,0.));
#4008 = ORIENTED_EDGE('',*,*,#4009,.T.);
#4009 = EDGE_CURVE('',#4001,#4010,#4012,.T.);
#4010 = VERTEX_POINT('',#4011);
#4011 = CARTESIAN_POINT('',(2.760245102112,-10.94947568107,5.4));
#4012 = CIRCLE('',#4013,0.304);
#4013 = AXIS2_PLACEMENT_3D('',#4014,#4015,#4016);
#4014 = CARTESIAN_POINT('',(2.467493305764,-11.03140483178,5.4));
#4015 = DIRECTION('',(0.,0.,-1.));
#4016 = DIRECTION('',(-0.218530345218,0.975830153366,0.));
#4017 = ORIENTED_EDGE('',*,*,#4018,.T.);
#4018 = EDGE_CURVE('',#4010,#4019,#4021,.T.);
#4019 = VERTEX_POINT('',#4020);
#4020 = CARTESIAN_POINT('',(2.929533509319,-11.31458401664,5.4));
#4021 = B_SPLINE_CURVE_WITH_KNOTS('',3,(#4022,#4023,#4024,#4025),
  .UNSPECIFIED.,.F.,.F.,(4,4),(0.,1.),.PIECEWISE_BEZIER_KNOTS.);
#4022 = CARTESIAN_POINT('',(2.760245102112,-10.94947568107,5.4));
#4023 = CARTESIAN_POINT('',(2.773264947188,-10.991515707,5.4));
#4024 = CARTESIAN_POINT('',(2.817152695606,-11.11731741318,5.4));
#4025 = CARTESIAN_POINT('',(2.929533509319,-11.31458401664,5.4));
#4026 = ORIENTED_EDGE('',*,*,#4027,.T.);
#4027 = EDGE_CURVE('',#4019,#4028,#4030,.T.);
#4028 = VERTEX_POINT('',#4029);
#4029 = CARTESIAN_POINT('',(3.674388175387,-12.26212105079,5.4));
#4030 = B_SPLINE_CURVE_WITH_KNOTS('',3,(#4031,#4032,#4033,#4034),
  .UNSPECIFIED.,.F.,.F.,(4,4),(0.,1.),.PIECEWISE_BEZIER_KNOTS.);
#4031 = CARTESIAN_POINT('',(2.929533509319,-11.31458401664,5.4));
#4032 = CARTESIAN_POINT('',(3.064452519667,-11.55019252994,5.4));
#4033 = CARTESIAN_POINT('',(3.294186320732,-11.88009702561,5.4));
#4034 = CARTESIAN_POINT('',(3.674388175387,-12.26212105079,5.4));
#4035 = ORIENTED_EDGE('',*,*,#4036,.T.);
#4036 = EDGE_CURVE('',#4028,#4037,#4039,.T.);
#4037 = VERTEX_POINT('',#4038);
#4038 = CARTESIAN_POINT('',(4.234866170448,-12.07915181287,5.4));
#4039 = CIRCLE('',#4040,12.799999999997);
#4040 = AXIS2_PLACEMENT_3D('',#4041,#4042,#4043);
#4041 = CARTESIAN_POINT('',(-1.659909117375E-02,-5.832338545115E-03,5.4)
  );
#4042 = DIRECTION('',(-0.,0.,1.));
#4043 = DIRECTION('',(0.2883583802,-0.957522555645,0.));
#4044 = ORIENTED_EDGE('',*,*,#4045,.T.);
#4045 = EDGE_CURVE('',#4037,#4046,#4048,.T.);
#4046 = VERTEX_POINT('',#4047);
#4047 = CARTESIAN_POINT('',(4.28050322618,-10.87562734662,5.4));
#4048 = B_SPLINE_CURVE_WITH_KNOTS('',3,(#4049,#4050,#4051,#4052),
  .UNSPECIFIED.,.F.,.F.,(4,4),(0.,1.),.PIECEWISE_BEZIER_KNOTS.);
#4049 = CARTESIAN_POINT('',(4.234866170448,-12.07915181287,5.4));
#4050 = CARTESIAN_POINT('',(4.31789311135,-11.54747452617,5.4));
#4051 = CARTESIAN_POINT('',(4.309838663372,-11.14554204243,5.4));
#4052 = CARTESIAN_POINT('',(4.28050322618,-10.87562734662,5.4));
#4053 = ORIENTED_EDGE('',*,*,#4054,.T.);
#4054 = EDGE_CURVE('',#4046,#4055,#4057,.T.);
#4055 = VERTEX_POINT('',#4056);
#4056 = CARTESIAN_POINT('',(4.202980128795,-10.48113218898,5.4));
#4057 = B_SPLINE_CURVE_WITH_KNOTS('',3,(#4058,#4059,#4060,#4061),
  .UNSPECIFIED.,.F.,.F.,(4,4),(0.,1.),.PIECEWISE_BEZIER_KNOTS.);
#4058 = CARTESIAN_POINT('',(4.28050322618,-10.87562734662,5.4));
#4059 = CARTESIAN_POINT('',(4.255470814031,-10.64997952706,5.4));
#4060 = CARTESIAN_POINT('',(4.21703236074,-10.52240723756,5.4));
#4061 = CARTESIAN_POINT('',(4.202980128795,-10.48113218898,5.4));
#4062 = ORIENTED_EDGE('',*,*,#4063,.T.);
#4063 = EDGE_CURVE('',#4055,#4064,#4066,.T.);
#4064 = VERTEX_POINT('',#4065);
#4065 = CARTESIAN_POINT('',(4.367230776135,-10.09590488009,5.4));
#4066 = CIRCLE('',#4067,0.304);
#4067 = AXIS2_PLACEMENT_3D('',#4068,#4069,#4070);
#4068 = CARTESIAN_POINT('',(4.48783611169,-10.37495747914,5.4));
#4069 = DIRECTION('',(0.,0.,-1.));
#4070 = DIRECTION('',(-0.937026259521,-0.349258913941,-0.));
#4071 = ORIENTED_EDGE('',*,*,#4072,.T.);
#4072 = EDGE_CURVE('',#4064,#4073,#4075,.T.);
#4073 = VERTEX_POINT('',#4074);
#4074 = CARTESIAN_POINT('',(4.580471692812,-10.00096390711,5.4));
#4075 = CIRCLE('',#4076,11.000000000036);
#4076 = AXIS2_PLACEMENT_3D('',#4077,#4078,#4079);
#4077 = CARTESIAN_POINT('',(-1.457723E-11,3.293543E-11,5.4));
#4078 = DIRECTION('',(-0.,0.,1.));
#4079 = DIRECTION('',(0.397020979649,-0.917809534554,0.));
#4080 = ORIENTED_EDGE('',*,*,#4081,.T.);
#4081 = EDGE_CURVE('',#4073,#4082,#4084,.T.);
#4082 = VERTEX_POINT('',#4083);
#4083 = CARTESIAN_POINT('',(4.976451126489,-10.13631614049,5.4));
#4084 = CIRCLE('',#4085,0.304);
#4085 = AXIS2_PLACEMENT_3D('',#4086,#4087,#4088);
#4086 = CARTESIAN_POINT('',(4.707130687532,-10.27732146365,5.4));
#4087 = DIRECTION('',(0.,0.,-1.));
#4088 = DIRECTION('',(-0.41664143,0.90907090967,0.));
#4089 = ORIENTED_EDGE('',*,*,#4090,.T.);
#4090 = EDGE_CURVE('',#4082,#4091,#4093,.T.);
#4091 = VERTEX_POINT('',#4092);
#4092 = CARTESIAN_POINT('',(5.217950467211,-10.45824894395,5.4));
#4093 = B_SPLINE_CURVE_WITH_KNOTS('',3,(#4094,#4095,#4096,#4097),
  .UNSPECIFIED.,.F.,.F.,(4,4),(0.,1.),.PIECEWISE_BEZIER_KNOTS.);
#4094 = CARTESIAN_POINT('',(4.976451126489,-10.13631614049,5.4));
#4095 = CARTESIAN_POINT('',(4.997927069585,-10.17473051298,5.4));
#4096 = CARTESIAN_POINT('',(5.067011410842,-10.28865837407,5.4));
#4097 = CARTESIAN_POINT('',(5.217950467211,-10.45824894395,5.4));
#4098 = ORIENTED_EDGE('',*,*,#4099,.T.);
#4099 = EDGE_CURVE('',#4091,#4100,#4102,.T.);
#4100 = VERTEX_POINT('',#4101);
#4101 = CARTESIAN_POINT('',(6.143532298602,-11.23021602747,5.4));
#4102 = B_SPLINE_CURVE_WITH_KNOTS('',3,(#4103,#4104,#4105,#4106),
  .UNSPECIFIED.,.F.,.F.,(4,4),(0.,1.),.PIECEWISE_BEZIER_KNOTS.);
#4103 = CARTESIAN_POINT('',(5.217950467211,-10.45824894395,5.4));
#4104 = CARTESIAN_POINT('',(5.398906937846,-10.66065760638,5.4));
#4105 = CARTESIAN_POINT('',(5.692211505668,-10.93558855427,5.4));
#4106 = CARTESIAN_POINT('',(6.143532298602,-11.23021602747,5.4));
#4107 = ORIENTED_EDGE('',*,*,#4108,.T.);
#4108 = EDGE_CURVE('',#4100,#4109,#4111,.T.);
#4109 = VERTEX_POINT('',#4110);
#4110 = CARTESIAN_POINT('',(6.653721061111,-10.93471517877,5.4));
#4111 = CIRCLE('',#4112,12.800000000002);
#4112 = AXIS2_PLACEMENT_3D('',#4113,#4114,#4115);
#4113 = CARTESIAN_POINT('',(-1.502374984025E-02,-9.156033062002E-03,5.4)
  );
#4114 = DIRECTION('',(-0.,0.,1.));
#4115 = DIRECTION('',(0.481137191284,-0.876645312063,0.));
#4116 = ORIENTED_EDGE('',*,*,#4117,.T.);
#4117 = EDGE_CURVE('',#4109,#4118,#4120,.T.);
#4118 = VERTEX_POINT('',#4119);
#4119 = CARTESIAN_POINT('',(6.448134030963,-9.748002132272,5.4));
#4120 = B_SPLINE_CURVE_WITH_KNOTS('',3,(#4121,#4122,#4123,#4124),
  .UNSPECIFIED.,.F.,.F.,(4,4),(0.,1.),.PIECEWISE_BEZIER_KNOTS.);
#4121 = CARTESIAN_POINT('',(6.653721061111,-10.93471517877,5.4));
#4122 = CARTESIAN_POINT('',(6.624391740504,-10.39739404476,5.4));
#4123 = CARTESIAN_POINT('',(6.532946839251,-10.00591936403,5.4));
#4124 = CARTESIAN_POINT('',(6.448134030963,-9.748002132272,5.4));
#4125 = ORIENTED_EDGE('',*,*,#4126,.T.);
#4126 = EDGE_CURVE('',#4118,#4127,#4129,.T.);
#4127 = VERTEX_POINT('',#4128);
#4128 = CARTESIAN_POINT('',(6.290284844009,-9.378245598577,5.4));
#4129 = B_SPLINE_CURVE_WITH_KNOTS('',3,(#4130,#4131,#4132,#4133),
  .UNSPECIFIED.,.F.,.F.,(4,4),(0.,1.),.PIECEWISE_BEZIER_KNOTS.);
#4130 = CARTESIAN_POINT('',(6.448134030963,-9.748002132272,5.4));
#4131 = CARTESIAN_POINT('',(6.376733817384,-9.53248979009,5.4));
#4132 = CARTESIAN_POINT('',(6.312611566109,-9.415697065013,5.4));
#4133 = CARTESIAN_POINT('',(6.290284844009,-9.378245598577,5.4));
#4134 = ORIENTED_EDGE('',*,*,#4135,.T.);
#4135 = EDGE_CURVE('',#4127,#4136,#4138,.T.);
#4136 = VERTEX_POINT('',#4137);
#4137 = CARTESIAN_POINT('',(6.370852959484,-8.967286800846,5.4));
#4138 = CIRCLE('',#4139,0.304);
#4139 = AXIS2_PLACEMENT_3D('',#4140,#4141,#4142);
#4140 = CARTESIAN_POINT('',(6.546841076788,-9.215166171848,5.4));
#4141 = DIRECTION('',(0.,0.,-1.));
#4142 = DIRECTION('',(-0.843934976245,-0.536445482664,-0.));
#4143 = ORIENTED_EDGE('',*,*,#4144,.T.);
#4144 = EDGE_CURVE('',#4136,#4145,#4147,.T.);
#4145 = VERTEX_POINT('',#4146);
#4146 = CARTESIAN_POINT('',(6.559694712288,-8.830085236371,5.4));
#4147 = CIRCLE('',#4148,10.999999999939);
#4148 = AXIS2_PLACEMENT_3D('',#4149,#4150,#4151);
#4149 = CARTESIAN_POINT('',(3.5973E-11,-4.943246E-11,5.4));
#4150 = DIRECTION('',(-0.,0.,1.));
#4151 = DIRECTION('',(0.579168450862,-0.815207890986,0.));
#4152 = ORIENTED_EDGE('',*,*,#4153,.T.);
#4153 = EDGE_CURVE('',#4145,#4154,#4156,.T.);
#4154 = VERTEX_POINT('',#4155);
#4155 = CARTESIAN_POINT('',(6.975162356977,-8.880150945119,5.4));
#4156 = CIRCLE('',#4157,0.304);
#4157 = AXIS2_PLACEMENT_3D('',#4158,#4159,#4160);
#4158 = CARTESIAN_POINT('',(6.741043870935,-9.074069831495,5.4));
#4159 = DIRECTION('',(0.,0.,-1.));
#4160 = DIRECTION('',(-0.596543285024,0.802580905014,0.));
#4161 = ORIENTED_EDGE('',*,*,#4162,.T.);
#4162 = EDGE_CURVE('',#4154,#4163,#4165,.T.);
#4163 = VERTEX_POINT('',#4164);
#4164 = CARTESIAN_POINT('',(7.278317951181,-9.144838208167,5.4));
#4165 = B_SPLINE_CURVE_WITH_KNOTS('',3,(#4166,#4167,#4168,#4169),
  .UNSPECIFIED.,.F.,.F.,(4,4),(0.,1.),.PIECEWISE_BEZIER_KNOTS.);
#4166 = CARTESIAN_POINT('',(6.975162356977,-8.880150945119,5.4));
#4167 = CARTESIAN_POINT('',(7.004155796326,-8.913260771764,5.4));
#4168 = CARTESIAN_POINT('',(7.095417413205,-9.010335593546,5.4));
#4169 = CARTESIAN_POINT('',(7.278317951181,-9.144838208167,5.4));
#4170 = ORIENTED_EDGE('',*,*,#4171,.T.);
#4171 = EDGE_CURVE('',#4163,#4172,#4174,.T.);
#4172 = VERTEX_POINT('',#4173);
#4173 = CARTESIAN_POINT('',(8.34417458043,-9.707496675203,5.4));
#4174 = B_SPLINE_CURVE_WITH_KNOTS('',3,(#4175,#4176,#4177,#4178),
  .UNSPECIFIED.,.F.,.F.,(4,4),(0.,1.),.PIECEWISE_BEZIER_KNOTS.);
#4175 = CARTESIAN_POINT('',(7.278317951181,-9.144838208167,5.4));
#4176 = CARTESIAN_POINT('',(7.497403216011,-9.305200789911,5.4));
#4177 = CARTESIAN_POINT('',(7.841459733546,-9.513142388342,5.4));
#4178 = CARTESIAN_POINT('',(8.34417458043,-9.707496675203,5.4));
#4179 = ORIENTED_EDGE('',*,*,#4180,.T.);
#4180 = EDGE_CURVE('',#4172,#4181,#4183,.T.);
#4181 = VERTEX_POINT('',#4182);
#4182 = CARTESIAN_POINT('',(8.781776413307,-9.312379020781,5.4));
#4183 = CIRCLE('',#4184,12.800000000004);
#4184 = AXIS2_PLACEMENT_3D('',#4185,#4186,#4187);
#4185 = CARTESIAN_POINT('',(-1.279179854629E-02,-1.207956500234E-02,5.4)
  );
#4186 = DIRECTION('',(-0.,0.,1.));
#4187 = DIRECTION('',(0.652887998357,-0.757454461734,0.));
#4188 = ORIENTED_EDGE('',*,*,#4189,.T.);
#4189 = EDGE_CURVE('',#4181,#4190,#4192,.T.);
#4190 = VERTEX_POINT('',#4191);
#4191 = CARTESIAN_POINT('',(8.333950437012,-8.194342448633,5.4));
#4192 = B_SPLINE_CURVE_WITH_KNOTS('',3,(#4193,#4194,#4195,#4196),
  .UNSPECIFIED.,.F.,.F.,(4,4),(0.,1.),.PIECEWISE_BEZIER_KNOTS.);
#4193 = CARTESIAN_POINT('',(8.781776413307,-9.312379020781,5.4));
#4194 = CARTESIAN_POINT('',(8.641372663239,-8.79289755136,5.4));
#4195 = CARTESIAN_POINT('',(8.470533889697,-8.428989995694,5.4));
#4196 = CARTESIAN_POINT('',(8.333950437012,-8.194342448633,5.4));
#4197 = ORIENTED_EDGE('',*,*,#4198,.T.);
#4198 = EDGE_CURVE('',#4190,#4199,#4201,.T.);
#4199 = VERTEX_POINT('',#4200);
#4200 = CARTESIAN_POINT('',(8.102673927404,-7.865484673698,5.4));
#4201 = B_SPLINE_CURVE_WITH_KNOTS('',3,(#4202,#4203,#4204,#4205),
  .UNSPECIFIED.,.F.,.F.,(4,4),(0.,1.),.PIECEWISE_BEZIER_KNOTS.);
#4202 = CARTESIAN_POINT('',(8.333950437012,-8.194342448633,5.4));
#4203 = CARTESIAN_POINT('',(8.219302953953,-7.998384507329,5.4));
#4204 = CARTESIAN_POINT('',(8.132299354769,-7.897475749193,5.4));
#4205 = CARTESIAN_POINT('',(8.102673927404,-7.865484673698,5.4));
#4206 = ORIENTED_EDGE('',*,*,#4207,.T.);
#4207 = EDGE_CURVE('',#4199,#4208,#4210,.T.);
#4208 = VERTEX_POINT('',#4209);
#4209 = CARTESIAN_POINT('',(8.096038297759,-7.446755258582,5.4));
#4210 = CIRCLE('',#4211,0.304);
#4211 = AXIS2_PLACEMENT_3D('',#4212,#4213,#4214);
#4212 = CARTESIAN_POINT('',(8.319717671601,-7.652627883566,5.4));
#4213 = DIRECTION('',(0.,0.,-1.));
#4214 = DIRECTION('',(-0.713959684857,-0.700186809644,-0.));
#4215 = ORIENTED_EDGE('',*,*,#4216,.T.);
#4216 = EDGE_CURVE('',#4208,#4217,#4219,.T.);
#4217 = VERTEX_POINT('',#4218);
#4218 = CARTESIAN_POINT('',(8.25222759593,-7.273289469351,5.4));
#4219 = CIRCLE('',#4220,10.999999999996);
#4220 = AXIS2_PLACEMENT_3D('',#4221,#4222,#4223);
#4221 = CARTESIAN_POINT('',(2.85816E-12,-2.51577E-12,5.4));
#4222 = DIRECTION('',(-0.,0.,1.));
#4223 = DIRECTION('',(0.736003481614,-0.67697775078,0.));
#4224 = ORIENTED_EDGE('',*,*,#4225,.T.);
#4225 = EDGE_CURVE('',#4217,#4226,#4228,.T.);
#4226 = VERTEX_POINT('',#4227);
#4227 = CARTESIAN_POINT('',(8.669025521922,-7.235880541755,5.4));
#4228 = CIRCLE('',#4229,0.304);
#4229 = AXIS2_PLACEMENT_3D('',#4230,#4231,#4232);
#4230 = CARTESIAN_POINT('',(8.480341090061,-7.474237805485,5.4));
#4231 = DIRECTION('',(0.,0.,-1.));
#4232 = DIRECTION('',(-0.750373335959,0.661014263599,0.));
#4233 = ORIENTED_EDGE('',*,*,#4234,.T.);
#4234 = EDGE_CURVE('',#4226,#4235,#4237,.T.);
#4235 = VERTEX_POINT('',#4236);
#4236 = CARTESIAN_POINT('',(9.020588015441,-7.431754160878,5.4));
#4237 = B_SPLINE_CURVE_WITH_KNOTS('',3,(#4238,#4239,#4240,#4241),
  .UNSPECIFIED.,.F.,.F.,(4,4),(0.,1.),.PIECEWISE_BEZIER_KNOTS.);
#4238 = CARTESIAN_POINT('',(8.669025521922,-7.235880541755,5.4));
#4239 = CARTESIAN_POINT('',(8.704269305099,-7.26223876425,5.4));
#4240 = CARTESIAN_POINT('',(8.813719627021,-7.338217911196,5.4));
#4241 = CARTESIAN_POINT('',(9.020588015441,-7.431754160878,5.4));
#4242 = ORIENTED_EDGE('',*,*,#4243,.T.);
#4243 = EDGE_CURVE('',#4235,#4244,#4246,.T.);
#4244 = VERTEX_POINT('',#4245);
#4245 = CARTESIAN_POINT('',(10.1801363933,-7.760513136485,5.4));
#4246 = B_SPLINE_CURVE_WITH_KNOTS('',3,(#4247,#4248,#4249,#4250),
  .UNSPECIFIED.,.F.,.F.,(4,4),(0.,1.),.PIECEWISE_BEZIER_KNOTS.);
#4247 = CARTESIAN_POINT('',(9.020588015441,-7.431754160878,5.4));
#4248 = CARTESIAN_POINT('',(9.268226997104,-7.543062047614,5.4));
#4249 = CARTESIAN_POINT('',(9.647998543569,-7.674926250915,5.4));
#4250 = CARTESIAN_POINT('',(10.1801363933,-7.760513136485,5.4));
#4251 = ORIENTED_EDGE('',*,*,#4252,.T.);
#4252 = EDGE_CURVE('',#4244,#4253,#4255,.T.);
#4253 = VERTEX_POINT('',#4254);
#4254 = CARTESIAN_POINT('',(10.526025996604,-7.283047213826,5.4));
#4255 = CIRCLE('',#4256,12.8);
#4256 = AXIS2_PLACEMENT_3D('',#4257,#4258,#4259);
#4257 = CARTESIAN_POINT('',(-1.000078427E-02,-1.447516199161E-02,5.4));
#4258 = DIRECTION('',(-0.,0.,1.));
#4259 = DIRECTION('',(0.796104466998,-0.605159216757,0.));
#4260 = ORIENTED_EDGE('',*,*,#4261,.T.);
#4261 = EDGE_CURVE('',#4253,#4262,#4264,.T.);
#4262 = VERTEX_POINT('',#4263);
#4263 = CARTESIAN_POINT('',(9.855533218233,-6.282550679171,5.4));
#4264 = B_SPLINE_CURVE_WITH_KNOTS('',3,(#4265,#4266,#4267,#4268),
  .UNSPECIFIED.,.F.,.F.,(4,4),(0.,1.),.PIECEWISE_BEZIER_KNOTS.);
#4265 = CARTESIAN_POINT('',(10.526025996604,-7.283047213826,5.4));
#4266 = CARTESIAN_POINT('',(10.280684134685,-6.80410924196,5.4));
#4267 = CARTESIAN_POINT('',(10.037917963032,-6.483673317761,5.4));
#4268 = CARTESIAN_POINT('',(9.855533218233,-6.282550679171,5.4));
#4269 = ORIENTED_EDGE('',*,*,#4270,.T.);
#4270 = EDGE_CURVE('',#4262,#4271,#4273,.T.);
#4271 = VERTEX_POINT('',#4272);
#4272 = CARTESIAN_POINT('',(9.560937279228,-6.008964325794,5.4));
#4273 = B_SPLINE_CURVE_WITH_KNOTS('',3,(#4274,#4275,#4276,#4277),
  .UNSPECIFIED.,.F.,.F.,(4,4),(0.,1.),.PIECEWISE_BEZIER_KNOTS.);
#4274 = CARTESIAN_POINT('',(9.855533218233,-6.282550679171,5.4));
#4275 = CARTESIAN_POINT('',(9.702649110842,-6.114711441091,5.4));
#4276 = CARTESIAN_POINT('',(9.596566638524,-6.034096846841,5.4));
#4277 = CARTESIAN_POINT('',(9.560937279228,-6.008964325794,5.4));
#4278 = ORIENTED_EDGE('',*,*,#4279,.T.);
#4279 = EDGE_CURVE('',#4271,#4280,#4282,.T.);
#4280 = VERTEX_POINT('',#4281);
#4281 = CARTESIAN_POINT('',(9.46738791332,-5.600764778022,5.4));
#4282 = CIRCLE('',#4283,0.304);
#4283 = AXIS2_PLACEMENT_3D('',#4284,#4285,#4286);
#4284 = CARTESIAN_POINT('',(9.72898268173,-5.75563303539,5.4));
#4285 = DIRECTION('',(0.,0.,-1.));
#4286 = DIRECTION('',(-0.552780929282,-0.833326613173,-0.));
#4287 = ORIENTED_EDGE('',*,*,#4288,.T.);
#4288 = EDGE_CURVE('',#4280,#4289,#4291,.T.);
#4289 = VERTEX_POINT('',#4290);
#4290 = CARTESIAN_POINT('',(9.584098535048,-5.398616051406,5.4));
#4291 = CIRCLE('',#4292,11.000000000041);
#4292 = AXIS2_PLACEMENT_3D('',#4293,#4294,#4295);
#4293 = CARTESIAN_POINT('',(-3.524914E-11,2.047118E-11,5.4));
#4294 = DIRECTION('',(-0.,0.,1.));
#4295 = DIRECTION('',(0.860671628484,-0.509160434366,0.));
#4296 = ORIENTED_EDGE('',*,*,#4297,.T.);
#4297 = EDGE_CURVE('',#4289,#4298,#4300,.T.);
#4298 = VERTEX_POINT('',#4299);
#4299 = CARTESIAN_POINT('',(9.98401067296,-5.275367437109,5.4));
#4300 = CIRCLE('',#4301,0.304);
#4301 = AXIS2_PLACEMENT_3D('',#4302,#4303,#4304);
#4302 = CARTESIAN_POINT('',(9.84900671036,-5.547745722004,5.4));
#4303 = DIRECTION('',(0.,0.,-1.));
#4304 = DIRECTION('',(-0.871408471423,0.490558126966,0.));
#4305 = ORIENTED_EDGE('',*,*,#4306,.T.);
#4306 = EDGE_CURVE('',#4298,#4307,#4309,.T.);
#4307 = VERTEX_POINT('',#4308);
#4308 = CARTESIAN_POINT('',(10.368615097842,-5.393866795245,5.4));
#4309 = B_SPLINE_CURVE_WITH_KNOTS('',3,(#4310,#4311,#4312,#4313),
  .UNSPECIFIED.,.F.,.F.,(4,4),(0.,1.),.PIECEWISE_BEZIER_KNOTS.);
#4310 = CARTESIAN_POINT('',(9.98401067296,-5.275367437109,5.4));
#4311 = CARTESIAN_POINT('',(10.023964477521,-5.293822074651,5.4));
#4312 = CARTESIAN_POINT('',(10.146820000217,-5.345384893451,5.4));
#4313 = CARTESIAN_POINT('',(10.368615097842,-5.393866795245,5.4));
#4314 = ORIENTED_EDGE('',*,*,#4315,.T.);
#4315 = EDGE_CURVE('',#4307,#4316,#4318,.T.);
#4316 = VERTEX_POINT('',#4317);
#4317 = CARTESIAN_POINT('',(11.57117739607,-5.47435793463,5.4));
#4318 = B_SPLINE_CURVE_WITH_KNOTS('',3,(#4319,#4320,#4321,#4322),
  .UNSPECIFIED.,.F.,.F.,(4,4),(0.,1.),.PIECEWISE_BEZIER_KNOTS.);
#4319 = CARTESIAN_POINT('',(10.368615097842,-5.393866795245,5.4));
#4320 = CARTESIAN_POINT('',(10.633984784536,-5.451255298209,5.4));
#4321 = CARTESIAN_POINT('',(11.032873521004,-5.50127900794,5.4));
#4322 = CARTESIAN_POINT('',(11.57117739607,-5.47435793463,5.4));
#4323 = ORIENTED_EDGE('',*,*,#4324,.T.);
#4324 = EDGE_CURVE('',#4316,#4325,#4327,.T.);
#4325 = VERTEX_POINT('',#4326);
#4326 = CARTESIAN_POINT('',(11.810237734372,-4.93541129569,5.4));
#4327 = CIRCLE('',#4328,12.800000000014);
#4328 = AXIS2_PLACEMENT_3D('',#4329,#4330,#4331);
#4329 = CARTESIAN_POINT('',(-6.772687747364E-03,-1.623812493371E-02,5.4)
  );
#4330 = DIRECTION('',(-0.,0.,1.));
#4331 = DIRECTION('',(0.904527350297,-0.426415610132,0.));
#4332 = ORIENTED_EDGE('',*,*,#4333,.T.);
#4333 = EDGE_CURVE('',#4325,#4334,#4336,.T.);
#4334 = VERTEX_POINT('',#4335);
#4335 = CARTESIAN_POINT('',(10.946381905721,-4.096181298006,5.4));
#4336 = B_SPLINE_CURVE_WITH_KNOTS('',3,(#4337,#4338,#4339,#4340),
  .UNSPECIFIED.,.F.,.F.,(4,4),(0.,1.),.PIECEWISE_BEZIER_KNOTS.);
#4337 = CARTESIAN_POINT('',(11.810237734372,-4.93541129569,5.4));
#4338 = CARTESIAN_POINT('',(11.470680377248,-4.517948708948,5.4));
#4339 = CARTESIAN_POINT('',(11.166596854108,-4.254989003726,5.4));
#4340 = CARTESIAN_POINT('',(10.946381905721,-4.096181298006,5.4));
#4341 = ORIENTED_EDGE('',*,*,#4342,.T.);
#4342 = EDGE_CURVE('',#4334,#4343,#4345,.T.);
#4343 = VERTEX_POINT('',#4344);
#4344 = CARTESIAN_POINT('',(10.601341793483,-3.889823402644,5.4));
#4345 = B_SPLINE_CURVE_WITH_KNOTS('',3,(#4346,#4347,#4348,#4349),
  .UNSPECIFIED.,.F.,.F.,(4,4),(0.,1.),.PIECEWISE_BEZIER_KNOTS.);
#4346 = CARTESIAN_POINT('',(10.946381905721,-4.096181298006,5.4));
#4347 = CARTESIAN_POINT('',(10.761942943112,-3.963796143236,5.4));
#4348 = CARTESIAN_POINT('',(10.641417910739,-3.906998957472,5.4));
#4349 = CARTESIAN_POINT('',(10.601341793483,-3.889823402644,5.4));
#4350 = ORIENTED_EDGE('',*,*,#4351,.T.);
#4351 = EDGE_CURVE('',#4343,#4352,#4354,.T.);
#4352 = VERTEX_POINT('',#4353);
#4353 = CARTESIAN_POINT('',(10.424967247501,-3.50999400121,5.4));
#4354 = CIRCLE('',#4355,0.304);
#4355 = AXIS2_PLACEMENT_3D('',#4356,#4357,#4358);
#4356 = CARTESIAN_POINT('',(10.71304446383,-3.607089404976,5.4));
#4357 = DIRECTION('',(0.,0.,-1.));
#4358 = DIRECTION('',(-0.36744299456,-0.930046044961,-0.));
#4359 = ORIENTED_EDGE('',*,*,#4360,.T.);
#4360 = EDGE_CURVE('',#4352,#4361,#4363,.T.);
#4361 = VERTEX_POINT('',#4362);
#4362 = CARTESIAN_POINT('',(10.497098378577,-3.28799720658,5.4));
#4363 = CIRCLE('',#4364,11.000000000012);
#4364 = AXIS2_PLACEMENT_3D('',#4365,#4366,#4367);
#4365 = CARTESIAN_POINT('',(-1.143174E-11,3.75944E-12,5.4));
#4366 = DIRECTION('',(-0.,0.,1.));
#4367 = DIRECTION('',(0.947724295227,-0.319090363746,0.));
#4368 = ORIENTED_EDGE('',*,*,#4369,.T.);
#4369 = EDGE_CURVE('',#4361,#4370,#4372,.T.);
#4370 = VERTEX_POINT('',#4371);
#4371 = CARTESIAN_POINT('',(10.862646648991,-3.084295461439,5.4));
#4372 = CIRCLE('',#4373,0.304);
#4373 = AXIS2_PLACEMENT_3D('',#4374,#4375,#4376);
#4374 = CARTESIAN_POINT('',(10.787223476639,-3.378790529433,5.4));
#4375 = DIRECTION('',(0.,0.,-1.));
#4376 = DIRECTION('',(-0.954358875203,0.298662246226,0.));
#4377 = ORIENTED_EDGE('',*,*,#4378,.T.);
#4378 = EDGE_CURVE('',#4370,#4379,#4381,.T.);
#4379 = VERTEX_POINT('',#4380);
#4380 = CARTESIAN_POINT('',(11.263483946331,-3.120241568016,5.4));
#4381 = B_SPLINE_CURVE_WITH_KNOTS('',3,(#4382,#4383,#4384,#4385),
  .UNSPECIFIED.,.F.,.F.,(4,4),(0.,1.),.PIECEWISE_BEZIER_KNOTS.);
#4382 = CARTESIAN_POINT('',(10.862646648991,-3.084295461439,5.4));
#4383 = CARTESIAN_POINT('',(10.905564301958,-3.094039957813,5.4));
#4384 = CARTESIAN_POINT('',(11.036455649559,-3.118932905859,5.4));
#4385 = CARTESIAN_POINT('',(11.263483946331,-3.120241568016,5.4));
#4386 = ORIENTED_EDGE('',*,*,#4387,.T.);
#4387 = EDGE_CURVE('',#4379,#4388,#4390,.T.);
#4388 = VERTEX_POINT('',#4389);
#4389 = CARTESIAN_POINT('',(12.456502421961,-2.948947022147,5.4));
#4390 = B_SPLINE_CURVE_WITH_KNOTS('',3,(#4391,#4392,#4393,#4394),
  .UNSPECIFIED.,.F.,.F.,(4,4),(0.,1.),.PIECEWISE_BEZIER_KNOTS.);
#4391 = CARTESIAN_POINT('',(11.263483946331,-3.120241568016,5.4));
#4392 = CARTESIAN_POINT('',(11.534986409364,-3.121202534248,5.4));
#4393 = CARTESIAN_POINT('',(11.935558983971,-3.087199474254,5.4));
#4394 = CARTESIAN_POINT('',(12.456502421961,-2.948947022147,5.4));
#4395 = ORIENTED_EDGE('',*,*,#4396,.T.);
#4396 = EDGE_CURVE('',#4388,#4397,#4399,.T.);
#4397 = VERTEX_POINT('',#4398);
#4398 = CARTESIAN_POINT('',(12.578285411339,-2.372074221201,5.4));
#4399 = CIRCLE('',#4400,12.800000000004);
#4400 = AXIS2_PLACEMENT_3D('',#4401,#4402,#4403);
#4401 = CARTESIAN_POINT('',(-3.248592250219E-03,-1.729140390735E-02,5.4)
  );
#4402 = DIRECTION('',(-0.,0.,1.));
#4403 = DIRECTION('',(0.973418047985,-0.229035595175,0.));
#4404 = ORIENTED_EDGE('',*,*,#4405,.T.);
#4405 = EDGE_CURVE('',#4397,#4406,#4408,.T.);
#4406 = VERTEX_POINT('',#4407);
#4407 = CARTESIAN_POINT('',(11.558821177362,-1.73078913846,5.4));
#4408 = B_SPLINE_CURVE_WITH_KNOTS('',3,(#4409,#4410,#4411,#4412),
  .UNSPECIFIED.,.F.,.F.,(4,4),(0.,1.),.PIECEWISE_BEZIER_KNOTS.);
#4409 = CARTESIAN_POINT('',(12.578285411339,-2.372074221201,5.4));
#4410 = CARTESIAN_POINT('',(12.159352844895,-2.034332137832,5.4));
#4411 = CARTESIAN_POINT('',(11.807241879383,-1.840341252525,5.4));
#4412 = CARTESIAN_POINT('',(11.558821177362,-1.73078913846,5.4));
#4413 = ORIENTED_EDGE('',*,*,#4414,.T.);
#4414 = EDGE_CURVE('',#4406,#4415,#4417,.T.);
#4415 = VERTEX_POINT('',#4416);
#4416 = CARTESIAN_POINT('',(11.178416800481,-1.600678531354,5.4));
#4417 = B_SPLINE_CURVE_WITH_KNOTS('',3,(#4418,#4419,#4420,#4421),
  .UNSPECIFIED.,.F.,.F.,(4,4),(0.,1.),.PIECEWISE_BEZIER_KNOTS.);
#4418 = CARTESIAN_POINT('',(11.558821177362,-1.73078913846,5.4));
#4419 = CARTESIAN_POINT('',(11.350888227236,-1.639643933517,5.4));
#4420 = CARTESIAN_POINT('',(11.221188157066,-1.609146465801,5.4));
#4421 = CARTESIAN_POINT('',(11.178416800481,-1.600678531354,5.4));
#4422 = ORIENTED_EDGE('',*,*,#4423,.T.);
#4423 = EDGE_CURVE('',#4415,#4424,#4426,.T.);
#4424 = VERTEX_POINT('',#4425);
#4425 = CARTESIAN_POINT('',(10.926925488423,-1.265819643726,5.4));
#4426 = CIRCLE('',#4427,0.304);
#4427 = AXIS2_PLACEMENT_3D('',#4428,#4429,#4430);
#4428 = CARTESIAN_POINT('',(11.228894795969,-1.300898658828,5.4));
#4429 = DIRECTION('',(0.,0.,-1.));
#4430 = DIRECTION('',(-0.166046037789,-0.986118001729,-0.));
#4431 = ORIENTED_EDGE('',*,*,#4432,.T.);
#4432 = EDGE_CURVE('',#4424,#87,#4433,.T.);
#4433 = CIRCLE('',#4434,10.999999999973);
#4434 = AXIS2_PLACEMENT_3D('',#4435,#4436,#4437);
#4435 = CARTESIAN_POINT('',(2.659029E-11,-2.66442E-12,5.4));
#4436 = DIRECTION('',(-0.,0.,1.));
#4437 = DIRECTION('',(0.993356862584,-0.115074513066,0.));
#4438 = ORIENTED_EDGE('',*,*,#94,.T.);
#4439 = FACE_BOUND('',#4440,.T.);
#4440 = EDGE_LOOP('',(#4441));
#4441 = ORIENTED_EDGE('',*,*,#4442,.F.);
#4442 = EDGE_CURVE('',#4443,#4443,#4445,.T.);
#4443 = VERTEX_POINT('',#4444);
#4444 = CARTESIAN_POINT('',(3.8,0.,5.4));
#4445 = CIRCLE('',#4446,3.8);
#4446 = AXIS2_PLACEMENT_3D('',#4447,#4448,#4449);
#4447 = CARTESIAN_POINT('',(0.,0.,5.4));
#4448 = DIRECTION('',(0.,0.,1.));
#4449 = DIRECTION('',(1.,0.,0.));
#4450 = PLANE('',#4451);
#4451 = AXIS2_PLACEMENT_3D('',#4452,#4453,#4454);
#4452 = CARTESIAN_POINT('',(-5.E-17,-5.62E-15,5.4));
#4453 = DIRECTION('',(0.,0.,1.));
#4454 = DIRECTION('',(1.,0.,0.));
#4455 = ADVANCED_FACE('',(#4456),#4467,.T.);
#4456 = FACE_BOUND('',#4457,.F.);
#4457 = EDGE_LOOP('',(#4458,#4464,#4465,#4466));
#4458 = ORIENTED_EDGE('',*,*,#4459,.T.);
#4459 = EDGE_CURVE('',#2271,#4424,#4460,.T.);
#4460 = LINE('',#4461,#4462);
#4461 = CARTESIAN_POINT('',(10.926925488423,-1.265819643726,0.));
#4462 = VECTOR('',#4463,1.);
#4463 = DIRECTION('',(0.,0.,1.));
#4464 = ORIENTED_EDGE('',*,*,#4432,.T.);
#4465 = ORIENTED_EDGE('',*,*,#84,.F.);
#4466 = ORIENTED_EDGE('',*,*,#2279,.F.);
#4467 = CYLINDRICAL_SURFACE('',#4468,10.999999999973);
#4468 = AXIS2_PLACEMENT_3D('',#4469,#4470,#4471);
#4469 = CARTESIAN_POINT('',(2.659029E-11,-2.66442E-12,0.));
#4470 = DIRECTION('',(0.,0.,-1.));
#4471 = DIRECTION('',(0.993356862584,-0.115074513066,0.));
#4472 = ADVANCED_FACE('',(#4473),#4484,.T.);
#4473 = FACE_BOUND('',#4474,.F.);
#4474 = EDGE_LOOP('',(#4475,#4476,#4477,#4483));
#4475 = ORIENTED_EDGE('',*,*,#127,.T.);
#4476 = ORIENTED_EDGE('',*,*,#2308,.T.);
#4477 = ORIENTED_EDGE('',*,*,#4478,.F.);
#4478 = EDGE_CURVE('',#156,#2309,#4479,.T.);
#4479 = LINE('',#4480,#4481);
#4480 = CARTESIAN_POINT('',(12.796601658522,0.29493387923,0.));
#4481 = VECTOR('',#4482,1.);
#4482 = DIRECTION('',(0.,0.,1.));
#4483 = ORIENTED_EDGE('',*,*,#155,.F.);
#4484 = CYLINDRICAL_SURFACE('',#4485,12.799999999997);
#4485 = AXIS2_PLACEMENT_3D('',#4486,#4487,#4488);
#4486 = CARTESIAN_POINT('',(4.174823149024E-04,-1.758896555278E-02,0.));
#4487 = DIRECTION('',(0.,0.,-1.));
#4488 = DIRECTION('',(0.999765705998,-2.164562567391E-02,0.));
#4489 = ADVANCED_FACE('',(#4490),#4501,.F.);
#4490 = FACE_BOUND('',#4491,.F.);
#4491 = EDGE_LOOP('',(#4492,#4498,#4499,#4500));
#4492 = ORIENTED_EDGE('',*,*,#4493,.T.);
#4493 = EDGE_CURVE('',#2262,#4415,#4494,.T.);
#4494 = LINE('',#4495,#4496);
#4495 = CARTESIAN_POINT('',(11.178416800481,-1.600678531354,0.));
#4496 = VECTOR('',#4497,1.);
#4497 = DIRECTION('',(0.,0.,1.));
#4498 = ORIENTED_EDGE('',*,*,#4423,.T.);
#4499 = ORIENTED_EDGE('',*,*,#4459,.F.);
#4500 = ORIENTED_EDGE('',*,*,#2270,.F.);
#4501 = CYLINDRICAL_SURFACE('',#4502,0.304);
#4502 = AXIS2_PLACEMENT_3D('',#4503,#4504,#4505);
#4503 = CARTESIAN_POINT('',(11.228894795969,-1.300898658828,0.));
#4504 = DIRECTION('',(0.,0.,-1.));
#4505 = DIRECTION('',(-0.166046037789,-0.986118001729,-0.));
#4506 = ADVANCED_FACE('',(#4507),#4518,.F.);
#4507 = FACE_BOUND('',#4508,.F.);
#4508 = EDGE_LOOP('',(#4509,#4510,#4511,#4517));
#4509 = ORIENTED_EDGE('',*,*,#4478,.T.);
#4510 = ORIENTED_EDGE('',*,*,#2317,.T.);
#4511 = ORIENTED_EDGE('',*,*,#4512,.F.);
#4512 = EDGE_CURVE('',#165,#2318,#4513,.T.);
#4513 = LINE('',#4514,#4515);
#4514 = CARTESIAN_POINT('',(11.666084498174,0.710246811685,0.));
#4515 = VECTOR('',#4516,1.);
#4516 = DIRECTION('',(0.,0.,1.));
#4517 = ORIENTED_EDGE('',*,*,#164,.F.);
#4518 = SURFACE_OF_LINEAR_EXTRUSION('',#4519,#4524);
#4519 = B_SPLINE_CURVE_WITH_KNOTS('',3,(#4520,#4521,#4522,#4523),
  .UNSPECIFIED.,.F.,.F.,(4,4),(0.,1.),.PIECEWISE_BEZIER_KNOTS.);
#4520 = CARTESIAN_POINT('',(12.796601658522,0.29493387923,0.));
#4521 = CARTESIAN_POINT('',(12.316603246172,0.538194509515,0.));
#4522 = CARTESIAN_POINT('',(11.931853777097,0.654738242348,0.));
#4523 = CARTESIAN_POINT('',(11.666084498174,0.710246811685,0.));
#4524 = VECTOR('',#4525,1.);
#4525 = DIRECTION('',(-0.,-0.,-1.));
#4526 = ADVANCED_FACE('',(#4527),#4538,.F.);
#4527 = FACE_BOUND('',#4528,.F.);
#4528 = EDGE_LOOP('',(#4529,#4535,#4536,#4537));
#4529 = ORIENTED_EDGE('',*,*,#4530,.T.);
#4530 = EDGE_CURVE('',#2253,#4406,#4531,.T.);
#4531 = LINE('',#4532,#4533);
#4532 = CARTESIAN_POINT('',(11.558821177362,-1.73078913846,0.));
#4533 = VECTOR('',#4534,1.);
#4534 = DIRECTION('',(0.,0.,1.));
#4535 = ORIENTED_EDGE('',*,*,#4414,.T.);
#4536 = ORIENTED_EDGE('',*,*,#4493,.F.);
#4537 = ORIENTED_EDGE('',*,*,#2261,.F.);
#4538 = SURFACE_OF_LINEAR_EXTRUSION('',#4539,#4544);
#4539 = B_SPLINE_CURVE_WITH_KNOTS('',3,(#4540,#4541,#4542,#4543),
  .UNSPECIFIED.,.F.,.F.,(4,4),(0.,1.),.PIECEWISE_BEZIER_KNOTS.);
#4540 = CARTESIAN_POINT('',(11.558821177362,-1.73078913846,0.));
#4541 = CARTESIAN_POINT('',(11.350888227236,-1.639643933517,0.));
#4542 = CARTESIAN_POINT('',(11.221188157066,-1.609146465801,0.));
#4543 = CARTESIAN_POINT('',(11.178416800481,-1.600678531354,0.));
#4544 = VECTOR('',#4545,1.);
#4545 = DIRECTION('',(-0.,-0.,-1.));
#4546 = ADVANCED_FACE('',(#4547),#4558,.F.);
#4547 = FACE_BOUND('',#4548,.F.);
#4548 = EDGE_LOOP('',(#4549,#4550,#4551,#4557));
#4549 = ORIENTED_EDGE('',*,*,#4512,.T.);
#4550 = ORIENTED_EDGE('',*,*,#2326,.T.);
#4551 = ORIENTED_EDGE('',*,*,#4552,.F.);
#4552 = EDGE_CURVE('',#174,#2327,#4553,.T.);
#4553 = LINE('',#4554,#4555);
#4554 = CARTESIAN_POINT('',(11.266941353302,0.758423672663,0.));
#4555 = VECTOR('',#4556,1.);
#4556 = DIRECTION('',(0.,0.,1.));
#4557 = ORIENTED_EDGE('',*,*,#173,.F.);
#4558 = SURFACE_OF_LINEAR_EXTRUSION('',#4559,#4564);
#4559 = B_SPLINE_CURVE_WITH_KNOTS('',3,(#4560,#4561,#4562,#4563),
  .UNSPECIFIED.,.F.,.F.,(4,4),(0.,1.),.PIECEWISE_BEZIER_KNOTS.);
#4560 = CARTESIAN_POINT('',(11.666084498174,0.710246811685,0.));
#4561 = CARTESIAN_POINT('',(11.443745228226,0.756168583981,0.));
#4562 = CARTESIAN_POINT('',(11.310538635695,0.759033447968,0.));
#4563 = CARTESIAN_POINT('',(11.266941353302,0.758423672663,0.));
#4564 = VECTOR('',#4565,1.);
#4565 = DIRECTION('',(-0.,-0.,-1.));
#4566 = ADVANCED_FACE('',(#4567),#4578,.F.);
#4567 = FACE_BOUND('',#4568,.F.);
#4568 = EDGE_LOOP('',(#4569,#4575,#4576,#4577));
#4569 = ORIENTED_EDGE('',*,*,#4570,.T.);
#4570 = EDGE_CURVE('',#2244,#4397,#4571,.T.);
#4571 = LINE('',#4572,#4573);
#4572 = CARTESIAN_POINT('',(12.578285411339,-2.372074221201,0.));
#4573 = VECTOR('',#4574,1.);
#4574 = DIRECTION('',(0.,0.,1.));
#4575 = ORIENTED_EDGE('',*,*,#4405,.T.);
#4576 = ORIENTED_EDGE('',*,*,#4530,.F.);
#4577 = ORIENTED_EDGE('',*,*,#2252,.F.);
#4578 = SURFACE_OF_LINEAR_EXTRUSION('',#4579,#4584);
#4579 = B_SPLINE_CURVE_WITH_KNOTS('',3,(#4580,#4581,#4582,#4583),
  .UNSPECIFIED.,.F.,.F.,(4,4),(0.,1.),.PIECEWISE_BEZIER_KNOTS.);
#4580 = CARTESIAN_POINT('',(12.578285411339,-2.372074221201,0.));
#4581 = CARTESIAN_POINT('',(12.159352844895,-2.034332137832,0.));
#4582 = CARTESIAN_POINT('',(11.807241879383,-1.840341252525,0.));
#4583 = CARTESIAN_POINT('',(11.558821177362,-1.73078913846,0.));
#4584 = VECTOR('',#4585,1.);
#4585 = DIRECTION('',(-0.,-0.,-1.));
#4586 = ADVANCED_FACE('',(#4587),#4598,.F.);
#4587 = FACE_BOUND('',#4588,.F.);
#4588 = EDGE_LOOP('',(#4589,#4590,#4591,#4597));
#4589 = ORIENTED_EDGE('',*,*,#4552,.T.);
#4590 = ORIENTED_EDGE('',*,*,#2335,.T.);
#4591 = ORIENTED_EDGE('',*,*,#4592,.F.);
#4592 = EDGE_CURVE('',#183,#2336,#4593,.T.);
#4593 = LINE('',#4594,#4595);
#4594 = CARTESIAN_POINT('',(10.951324652296,1.033677106265,0.));
#4595 = VECTOR('',#4596,1.);
#4596 = DIRECTION('',(0.,0.,1.));
#4597 = ORIENTED_EDGE('',*,*,#182,.F.);
#4598 = CYLINDRICAL_SURFACE('',#4599,0.304);
#4599 = AXIS2_PLACEMENT_3D('',#4600,#4601,#4602);
#4600 = CARTESIAN_POINT('',(11.253988543309,1.062147601114,0.));
#4601 = DIRECTION('',(0.,0.,-1.));
#4602 = DIRECTION('',(4.26079276102E-02,-0.999091869902,0.));
#4603 = ADVANCED_FACE('',(#4604),#4615,.T.);
#4604 = FACE_BOUND('',#4605,.F.);
#4605 = EDGE_LOOP('',(#4606,#4612,#4613,#4614));
#4606 = ORIENTED_EDGE('',*,*,#4607,.T.);
#4607 = EDGE_CURVE('',#2235,#4388,#4608,.T.);
#4608 = LINE('',#4609,#4610);
#4609 = CARTESIAN_POINT('',(12.456502421961,-2.948947022147,0.));
#4610 = VECTOR('',#4611,1.);
#4611 = DIRECTION('',(0.,0.,1.));
#4612 = ORIENTED_EDGE('',*,*,#4396,.T.);
#4613 = ORIENTED_EDGE('',*,*,#4570,.F.);
#4614 = ORIENTED_EDGE('',*,*,#2243,.F.);
#4615 = CYLINDRICAL_SURFACE('',#4616,12.800000000004);
#4616 = AXIS2_PLACEMENT_3D('',#4617,#4618,#4619);
#4617 = CARTESIAN_POINT('',(-3.248592250219E-03,-1.729140390735E-02,0.)
  );
#4618 = DIRECTION('',(0.,0.,-1.));
#4619 = DIRECTION('',(0.973418047985,-0.229035595175,0.));
#4620 = ADVANCED_FACE('',(#4621),#4632,.T.);
#4621 = FACE_BOUND('',#4622,.F.);
#4622 = EDGE_LOOP('',(#4623,#4624,#4625,#4631));
#4623 = ORIENTED_EDGE('',*,*,#4592,.T.);
#4624 = ORIENTED_EDGE('',*,*,#2344,.T.);
#4625 = ORIENTED_EDGE('',*,*,#4626,.F.);
#4626 = EDGE_CURVE('',#192,#2345,#4627,.T.);
#4627 = LINE('',#4628,#4629);
#4628 = CARTESIAN_POINT('',(10.926925488423,1.265819643726,0.));
#4629 = VECTOR('',#4630,1.);
#4630 = DIRECTION('',(0.,0.,1.));
#4631 = ORIENTED_EDGE('',*,*,#191,.F.);
#4632 = CYLINDRICAL_SURFACE('',#4633,11.000000000028);
#4633 = AXIS2_PLACEMENT_3D('',#4634,#4635,#4636);
#4634 = CARTESIAN_POINT('',(-2.814282E-11,-2.92688E-12,0.));
#4635 = DIRECTION('',(0.,0.,-1.));
#4636 = DIRECTION('',(0.995574968391,9.397064602413E-02,0.));
#4637 = ADVANCED_FACE('',(#4638),#4649,.F.);
#4638 = FACE_BOUND('',#4639,.F.);
#4639 = EDGE_LOOP('',(#4640,#4646,#4647,#4648));
#4640 = ORIENTED_EDGE('',*,*,#4641,.T.);
#4641 = EDGE_CURVE('',#2226,#4379,#4642,.T.);
#4642 = LINE('',#4643,#4644);
#4643 = CARTESIAN_POINT('',(11.263483946331,-3.120241568016,0.));
#4644 = VECTOR('',#4645,1.);
#4645 = DIRECTION('',(0.,0.,1.));
#4646 = ORIENTED_EDGE('',*,*,#4387,.T.);
#4647 = ORIENTED_EDGE('',*,*,#4607,.F.);
#4648 = ORIENTED_EDGE('',*,*,#2234,.F.);
#4649 = SURFACE_OF_LINEAR_EXTRUSION('',#4650,#4655);
#4650 = B_SPLINE_CURVE_WITH_KNOTS('',3,(#4651,#4652,#4653,#4654),
  .UNSPECIFIED.,.F.,.F.,(4,4),(0.,1.),.PIECEWISE_BEZIER_KNOTS.);
#4651 = CARTESIAN_POINT('',(11.263483946331,-3.120241568016,0.));
#4652 = CARTESIAN_POINT('',(11.534986409364,-3.121202534248,0.));
#4653 = CARTESIAN_POINT('',(11.935558983971,-3.087199474254,0.));
#4654 = CARTESIAN_POINT('',(12.456502421961,-2.948947022147,0.));
#4655 = VECTOR('',#4656,1.);
#4656 = DIRECTION('',(-0.,-0.,-1.));
#4657 = ADVANCED_FACE('',(#4658),#4669,.F.);
#4658 = FACE_BOUND('',#4659,.F.);
#4659 = EDGE_LOOP('',(#4660,#4661,#4662,#4668));
#4660 = ORIENTED_EDGE('',*,*,#4626,.T.);
#4661 = ORIENTED_EDGE('',*,*,#2353,.T.);
#4662 = ORIENTED_EDGE('',*,*,#4663,.F.);
#4663 = EDGE_CURVE('',#201,#2354,#4664,.T.);
#4664 = LINE('',#4665,#4666);
#4665 = CARTESIAN_POINT('',(11.178017486402,1.600592324104,0.));
#4666 = VECTOR('',#4667,1.);
#4667 = DIRECTION('',(0.,0.,1.));
#4668 = ORIENTED_EDGE('',*,*,#200,.F.);
#4669 = CYLINDRICAL_SURFACE('',#4670,0.304);
#4670 = AXIS2_PLACEMENT_3D('',#4671,#4672,#4673);
#4671 = CARTESIAN_POINT('',(11.228896925257,1.300880324508,0.));
#4672 = DIRECTION('',(0.,0.,-1.));
#4673 = DIRECTION('',(-0.993327094846,-0.115331186781,-0.));
#4674 = ADVANCED_FACE('',(#4675),#4686,.F.);
#4675 = FACE_BOUND('',#4676,.F.);
#4676 = EDGE_LOOP('',(#4677,#4683,#4684,#4685));
#4677 = ORIENTED_EDGE('',*,*,#4678,.T.);
#4678 = EDGE_CURVE('',#2217,#4370,#4679,.T.);
#4679 = LINE('',#4680,#4681);
#4680 = CARTESIAN_POINT('',(10.862646648991,-3.084295461439,0.));
#4681 = VECTOR('',#4682,1.);
#4682 = DIRECTION('',(0.,0.,1.));
#4683 = ORIENTED_EDGE('',*,*,#4378,.T.);
#4684 = ORIENTED_EDGE('',*,*,#4641,.F.);
#4685 = ORIENTED_EDGE('',*,*,#2225,.F.);
#4686 = SURFACE_OF_LINEAR_EXTRUSION('',#4687,#4692);
#4687 = B_SPLINE_CURVE_WITH_KNOTS('',3,(#4688,#4689,#4690,#4691),
  .UNSPECIFIED.,.F.,.F.,(4,4),(0.,1.),.PIECEWISE_BEZIER_KNOTS.);
#4688 = CARTESIAN_POINT('',(10.862646648991,-3.084295461439,0.));
#4689 = CARTESIAN_POINT('',(10.905564301958,-3.094039957813,0.));
#4690 = CARTESIAN_POINT('',(11.036455649559,-3.118932905859,0.));
#4691 = CARTESIAN_POINT('',(11.263483946331,-3.120241568016,0.));
#4692 = VECTOR('',#4693,1.);
#4693 = DIRECTION('',(-0.,-0.,-1.));
#4694 = ADVANCED_FACE('',(#4695),#4706,.F.);
#4695 = FACE_BOUND('',#4696,.F.);
#4696 = EDGE_LOOP('',(#4697,#4698,#4699,#4705));
#4697 = ORIENTED_EDGE('',*,*,#4663,.T.);
#4698 = ORIENTED_EDGE('',*,*,#2362,.T.);
#4699 = ORIENTED_EDGE('',*,*,#4700,.F.);
#4700 = EDGE_CURVE('',#210,#2363,#4701,.T.);
#4701 = LINE('',#4702,#4703);
#4702 = CARTESIAN_POINT('',(11.558821177362,1.73078913846,0.));
#4703 = VECTOR('',#4704,1.);
#4704 = DIRECTION('',(0.,0.,1.));
#4705 = ORIENTED_EDGE('',*,*,#209,.F.);
#4706 = SURFACE_OF_LINEAR_EXTRUSION('',#4707,#4712);
#4707 = B_SPLINE_CURVE_WITH_KNOTS('',3,(#4708,#4709,#4710,#4711),
  .UNSPECIFIED.,.F.,.F.,(4,4),(0.,1.),.PIECEWISE_BEZIER_KNOTS.);
#4708 = CARTESIAN_POINT('',(11.178017486402,1.600592324104,0.));
#4709 = CARTESIAN_POINT('',(11.221188157066,1.609146465801,0.));
#4710 = CARTESIAN_POINT('',(11.350888227236,1.639643933517,0.));
#4711 = CARTESIAN_POINT('',(11.558821177362,1.73078913846,0.));
#4712 = VECTOR('',#4713,1.);
#4713 = DIRECTION('',(-0.,-0.,-1.));
#4714 = ADVANCED_FACE('',(#4715),#4726,.F.);
#4715 = FACE_BOUND('',#4716,.F.);
#4716 = EDGE_LOOP('',(#4717,#4723,#4724,#4725));
#4717 = ORIENTED_EDGE('',*,*,#4718,.T.);
#4718 = EDGE_CURVE('',#2208,#4361,#4719,.T.);
#4719 = LINE('',#4720,#4721);
#4720 = CARTESIAN_POINT('',(10.497098378577,-3.28799720658,0.));
#4721 = VECTOR('',#4722,1.);
#4722 = DIRECTION('',(0.,0.,1.));
#4723 = ORIENTED_EDGE('',*,*,#4369,.T.);
#4724 = ORIENTED_EDGE('',*,*,#4678,.F.);
#4725 = ORIENTED_EDGE('',*,*,#2216,.F.);
#4726 = CYLINDRICAL_SURFACE('',#4727,0.304);
#4727 = AXIS2_PLACEMENT_3D('',#4728,#4729,#4730);
#4728 = CARTESIAN_POINT('',(10.787223476639,-3.378790529433,0.));
#4729 = DIRECTION('',(0.,0.,-1.));
#4730 = DIRECTION('',(-0.954358875203,0.298662246226,0.));
#4731 = ADVANCED_FACE('',(#4732),#4743,.F.);
#4732 = FACE_BOUND('',#4733,.F.);
#4733 = EDGE_LOOP('',(#4734,#4735,#4736,#4742));
#4734 = ORIENTED_EDGE('',*,*,#4700,.T.);
#4735 = ORIENTED_EDGE('',*,*,#2371,.T.);
#4736 = ORIENTED_EDGE('',*,*,#4737,.F.);
#4737 = EDGE_CURVE('',#219,#2372,#4738,.T.);
#4738 = LINE('',#4739,#4740);
#4739 = CARTESIAN_POINT('',(12.579026018093,2.372518822663,0.));
#4740 = VECTOR('',#4741,1.);
#4741 = DIRECTION('',(0.,0.,1.));
#4742 = ORIENTED_EDGE('',*,*,#218,.F.);
#4743 = SURFACE_OF_LINEAR_EXTRUSION('',#4744,#4749);
#4744 = B_SPLINE_CURVE_WITH_KNOTS('',3,(#4745,#4746,#4747,#4748),
  .UNSPECIFIED.,.F.,.F.,(4,4),(0.,1.),.PIECEWISE_BEZIER_KNOTS.);
#4745 = CARTESIAN_POINT('',(11.558821177362,1.73078913846,0.));
#4746 = CARTESIAN_POINT('',(11.807241879383,1.840341252525,0.));
#4747 = CARTESIAN_POINT('',(12.159352844895,2.034332137832,0.));
#4748 = CARTESIAN_POINT('',(12.579026018093,2.372518822663,0.));
#4749 = VECTOR('',#4750,1.);
#4750 = DIRECTION('',(-0.,-0.,-1.));
#4751 = ADVANCED_FACE('',(#4752),#4763,.T.);
#4752 = FACE_BOUND('',#4753,.F.);
#4753 = EDGE_LOOP('',(#4754,#4760,#4761,#4762));
#4754 = ORIENTED_EDGE('',*,*,#4755,.T.);
#4755 = EDGE_CURVE('',#2199,#4352,#4756,.T.);
#4756 = LINE('',#4757,#4758);
#4757 = CARTESIAN_POINT('',(10.424967247501,-3.50999400121,0.));
#4758 = VECTOR('',#4759,1.);
#4759 = DIRECTION('',(0.,0.,1.));
#4760 = ORIENTED_EDGE('',*,*,#4360,.T.);
#4761 = ORIENTED_EDGE('',*,*,#4718,.F.);
#4762 = ORIENTED_EDGE('',*,*,#2207,.F.);
#4763 = CYLINDRICAL_SURFACE('',#4764,11.000000000012);
#4764 = AXIS2_PLACEMENT_3D('',#4765,#4766,#4767);
#4765 = CARTESIAN_POINT('',(-1.143174E-11,3.75944E-12,0.));
#4766 = DIRECTION('',(0.,0.,-1.));
#4767 = DIRECTION('',(0.947724295227,-0.319090363746,0.));
#4768 = ADVANCED_FACE('',(#4769),#4780,.T.);
#4769 = FACE_BOUND('',#4770,.F.);
#4770 = EDGE_LOOP('',(#4771,#4772,#4773,#4779));
#4771 = ORIENTED_EDGE('',*,*,#4737,.T.);
#4772 = ORIENTED_EDGE('',*,*,#2380,.T.);
#4773 = ORIENTED_EDGE('',*,*,#4774,.F.);
#4774 = EDGE_CURVE('',#228,#2381,#4775,.T.);
#4775 = LINE('',#4776,#4777);
#4776 = CARTESIAN_POINT('',(12.455645008319,2.949051953889,0.));
#4777 = VECTOR('',#4778,1.);
#4778 = DIRECTION('',(0.,0.,1.));
#4779 = ORIENTED_EDGE('',*,*,#227,.F.);
#4780 = CYLINDRICAL_SURFACE('',#4781,12.800000000004);
#4781 = AXIS2_PLACEMENT_3D('',#4782,#4783,#4784);
#4782 = CARTESIAN_POINT('',(4.065310885522E-03,-1.711780500236E-02,0.));
#4783 = DIRECTION('',(0.,0.,-1.));
#4784 = DIRECTION('',(0.98241880525,0.186690361536,0.));
#4785 = ADVANCED_FACE('',(#4786),#4797,.F.);
#4786 = FACE_BOUND('',#4787,.F.);
#4787 = EDGE_LOOP('',(#4788,#4794,#4795,#4796));
#4788 = ORIENTED_EDGE('',*,*,#4789,.T.);
#4789 = EDGE_CURVE('',#2190,#4343,#4790,.T.);
#4790 = LINE('',#4791,#4792);
#4791 = CARTESIAN_POINT('',(10.601341793483,-3.889823402644,0.));
#4792 = VECTOR('',#4793,1.);
#4793 = DIRECTION('',(0.,0.,1.));
#4794 = ORIENTED_EDGE('',*,*,#4351,.T.);
#4795 = ORIENTED_EDGE('',*,*,#4755,.F.);
#4796 = ORIENTED_EDGE('',*,*,#2198,.F.);
#4797 = CYLINDRICAL_SURFACE('',#4798,0.304);
#4798 = AXIS2_PLACEMENT_3D('',#4799,#4800,#4801);
#4799 = CARTESIAN_POINT('',(10.71304446383,-3.607089404976,0.));
#4800 = DIRECTION('',(0.,0.,-1.));
#4801 = DIRECTION('',(-0.36744299456,-0.930046044961,-0.));
#4802 = ADVANCED_FACE('',(#4803),#4814,.F.);
#4803 = FACE_BOUND('',#4804,.F.);
#4804 = EDGE_LOOP('',(#4805,#4806,#4807,#4813));
#4805 = ORIENTED_EDGE('',*,*,#4774,.T.);
#4806 = ORIENTED_EDGE('',*,*,#2389,.T.);
#4807 = ORIENTED_EDGE('',*,*,#4808,.F.);
#4808 = EDGE_CURVE('',#237,#2390,#4809,.T.);
#4809 = LINE('',#4810,#4811);
#4810 = CARTESIAN_POINT('',(11.263483946331,3.120241568016,0.));
#4811 = VECTOR('',#4812,1.);
#4812 = DIRECTION('',(0.,0.,1.));
#4813 = ORIENTED_EDGE('',*,*,#236,.F.);
#4814 = SURFACE_OF_LINEAR_EXTRUSION('',#4815,#4820);
#4815 = B_SPLINE_CURVE_WITH_KNOTS('',3,(#4816,#4817,#4818,#4819),
  .UNSPECIFIED.,.F.,.F.,(4,4),(0.,1.),.PIECEWISE_BEZIER_KNOTS.);
#4816 = CARTESIAN_POINT('',(12.455645008319,2.949051953889,0.));
#4817 = CARTESIAN_POINT('',(11.935558983971,3.087199474254,0.));
#4818 = CARTESIAN_POINT('',(11.534986409364,3.121202534248,0.));
#4819 = CARTESIAN_POINT('',(11.263483946331,3.120241568016,0.));
#4820 = VECTOR('',#4821,1.);
#4821 = DIRECTION('',(-0.,-0.,-1.));
#4822 = ADVANCED_FACE('',(#4823),#4834,.F.);
#4823 = FACE_BOUND('',#4824,.F.);
#4824 = EDGE_LOOP('',(#4825,#4831,#4832,#4833));
#4825 = ORIENTED_EDGE('',*,*,#4826,.T.);
#4826 = EDGE_CURVE('',#2181,#4334,#4827,.T.);
#4827 = LINE('',#4828,#4829);
#4828 = CARTESIAN_POINT('',(10.946381905721,-4.096181298006,0.));
#4829 = VECTOR('',#4830,1.);
#4830 = DIRECTION('',(0.,0.,1.));
#4831 = ORIENTED_EDGE('',*,*,#4342,.T.);
#4832 = ORIENTED_EDGE('',*,*,#4789,.F.);
#4833 = ORIENTED_EDGE('',*,*,#2189,.F.);
#4834 = SURFACE_OF_LINEAR_EXTRUSION('',#4835,#4840);
#4835 = B_SPLINE_CURVE_WITH_KNOTS('',3,(#4836,#4837,#4838,#4839),
  .UNSPECIFIED.,.F.,.F.,(4,4),(0.,1.),.PIECEWISE_BEZIER_KNOTS.);
#4836 = CARTESIAN_POINT('',(10.946381905721,-4.096181298006,0.));
#4837 = CARTESIAN_POINT('',(10.761942943112,-3.963796143236,0.));
#4838 = CARTESIAN_POINT('',(10.641417910739,-3.906998957472,0.));
#4839 = CARTESIAN_POINT('',(10.601341793483,-3.889823402644,0.));
#4840 = VECTOR('',#4841,1.);
#4841 = DIRECTION('',(-0.,-0.,-1.));
#4842 = ADVANCED_FACE('',(#4843),#4854,.F.);
#4843 = FACE_BOUND('',#4844,.F.);
#4844 = EDGE_LOOP('',(#4845,#4846,#4847,#4853));
#4845 = ORIENTED_EDGE('',*,*,#4808,.T.);
#4846 = ORIENTED_EDGE('',*,*,#2398,.T.);
#4847 = ORIENTED_EDGE('',*,*,#4848,.F.);
#4848 = EDGE_CURVE('',#246,#2399,#4849,.T.);
#4849 = LINE('',#4850,#4851);
#4850 = CARTESIAN_POINT('',(10.863046504201,3.084379122865,0.));
#4851 = VECTOR('',#4852,1.);
#4852 = DIRECTION('',(0.,0.,1.));
#4853 = ORIENTED_EDGE('',*,*,#245,.F.);
#4854 = SURFACE_OF_LINEAR_EXTRUSION('',#4855,#4860);
#4855 = B_SPLINE_CURVE_WITH_KNOTS('',3,(#4856,#4857,#4858,#4859),
  .UNSPECIFIED.,.F.,.F.,(4,4),(0.,1.),.PIECEWISE_BEZIER_KNOTS.);
#4856 = CARTESIAN_POINT('',(11.263483946331,3.120241568016,0.));
#4857 = CARTESIAN_POINT('',(11.036455649559,3.118932905859,0.));
#4858 = CARTESIAN_POINT('',(10.905564301958,3.094039957813,0.));
#4859 = CARTESIAN_POINT('',(10.863046504201,3.084379122865,0.));
#4860 = VECTOR('',#4861,1.);
#4861 = DIRECTION('',(-0.,-0.,-1.));
#4862 = ADVANCED_FACE('',(#4863),#4874,.F.);
#4863 = FACE_BOUND('',#4864,.F.);
#4864 = EDGE_LOOP('',(#4865,#4871,#4872,#4873));
#4865 = ORIENTED_EDGE('',*,*,#4866,.T.);
#4866 = EDGE_CURVE('',#2172,#4325,#4867,.T.);
#4867 = LINE('',#4868,#4869);
#4868 = CARTESIAN_POINT('',(11.810237734372,-4.93541129569,0.));
#4869 = VECTOR('',#4870,1.);
#4870 = DIRECTION('',(0.,0.,1.));
#4871 = ORIENTED_EDGE('',*,*,#4333,.T.);
#4872 = ORIENTED_EDGE('',*,*,#4826,.F.);
#4873 = ORIENTED_EDGE('',*,*,#2180,.F.);
#4874 = SURFACE_OF_LINEAR_EXTRUSION('',#4875,#4880);
#4875 = B_SPLINE_CURVE_WITH_KNOTS('',3,(#4876,#4877,#4878,#4879),
  .UNSPECIFIED.,.F.,.F.,(4,4),(0.,1.),.PIECEWISE_BEZIER_KNOTS.);
#4876 = CARTESIAN_POINT('',(11.810237734372,-4.93541129569,0.));
#4877 = CARTESIAN_POINT('',(11.470680377248,-4.517948708948,0.));
#4878 = CARTESIAN_POINT('',(11.166596854108,-4.254989003726,0.));
#4879 = CARTESIAN_POINT('',(10.946381905721,-4.096181298006,0.));
#4880 = VECTOR('',#4881,1.);
#4881 = DIRECTION('',(-0.,-0.,-1.));
#4882 = ADVANCED_FACE('',(#4883),#4894,.F.);
#4883 = FACE_BOUND('',#4884,.F.);
#4884 = EDGE_LOOP('',(#4885,#4886,#4887,#4893));
#4885 = ORIENTED_EDGE('',*,*,#4848,.T.);
#4886 = ORIENTED_EDGE('',*,*,#2407,.T.);
#4887 = ORIENTED_EDGE('',*,*,#4888,.F.);
#4888 = EDGE_CURVE('',#255,#2408,#4889,.T.);
#4889 = LINE('',#4890,#4891);
#4890 = CARTESIAN_POINT('',(10.497098378577,3.28799720658,0.));
#4891 = VECTOR('',#4892,1.);
#4892 = DIRECTION('',(0.,0.,1.));
#4893 = ORIENTED_EDGE('',*,*,#254,.F.);
#4894 = CYLINDRICAL_SURFACE('',#4895,0.304);
#4895 = AXIS2_PLACEMENT_3D('',#4896,#4897,#4898);
#4896 = CARTESIAN_POINT('',(10.787228988678,3.378772914138,0.));
#4897 = DIRECTION('',(0.,0.,-1.));
#4898 = DIRECTION('',(0.249399722118,-0.968400629186,0.));
#4899 = ADVANCED_FACE('',(#4900),#4911,.T.);
#4900 = FACE_BOUND('',#4901,.F.);
#4901 = EDGE_LOOP('',(#4902,#4908,#4909,#4910));
#4902 = ORIENTED_EDGE('',*,*,#4903,.T.);
#4903 = EDGE_CURVE('',#2163,#4316,#4904,.T.);
#4904 = LINE('',#4905,#4906);
#4905 = CARTESIAN_POINT('',(11.57117739607,-5.47435793463,0.));
#4906 = VECTOR('',#4907,1.);
#4907 = DIRECTION('',(0.,0.,1.));
#4908 = ORIENTED_EDGE('',*,*,#4324,.T.);
#4909 = ORIENTED_EDGE('',*,*,#4866,.F.);
#4910 = ORIENTED_EDGE('',*,*,#2171,.F.);
#4911 = CYLINDRICAL_SURFACE('',#4912,12.800000000014);
#4912 = AXIS2_PLACEMENT_3D('',#4913,#4914,#4915);
#4913 = CARTESIAN_POINT('',(-6.772687747364E-03,-1.623812493371E-02,0.)
  );
#4914 = DIRECTION('',(0.,0.,-1.));
#4915 = DIRECTION('',(0.904527350297,-0.426415610132,0.));
#4916 = ADVANCED_FACE('',(#4917),#4928,.T.);
#4917 = FACE_BOUND('',#4918,.F.);
#4918 = EDGE_LOOP('',(#4919,#4920,#4921,#4927));
#4919 = ORIENTED_EDGE('',*,*,#4888,.T.);
#4920 = ORIENTED_EDGE('',*,*,#2416,.T.);
#4921 = ORIENTED_EDGE('',*,*,#4922,.F.);
#4922 = EDGE_CURVE('',#264,#2417,#4923,.T.);
#4923 = LINE('',#4924,#4925);
#4924 = CARTESIAN_POINT('',(10.424967247501,3.50999400121,0.));
#4925 = VECTOR('',#4926,1.);
#4926 = DIRECTION('',(0.,0.,1.));
#4927 = ORIENTED_EDGE('',*,*,#263,.F.);
#4928 = CYLINDRICAL_SURFACE('',#4929,10.999999999984);
#4929 = AXIS2_PLACEMENT_3D('',#4930,#4931,#4932);
#4930 = CARTESIAN_POINT('',(1.550493E-11,5.09437E-12,0.));
#4931 = DIRECTION('',(0.,0.,-1.));
#4932 = DIRECTION('',(0.95428167078,0.298908836962,0.));
#4933 = ADVANCED_FACE('',(#4934),#4945,.F.);
#4934 = FACE_BOUND('',#4935,.F.);
#4935 = EDGE_LOOP('',(#4936,#4942,#4943,#4944));
#4936 = ORIENTED_EDGE('',*,*,#4937,.T.);
#4937 = EDGE_CURVE('',#2154,#4307,#4938,.T.);
#4938 = LINE('',#4939,#4940);
#4939 = CARTESIAN_POINT('',(10.368615097842,-5.393866795245,0.));
#4940 = VECTOR('',#4941,1.);
#4941 = DIRECTION('',(0.,0.,1.));
#4942 = ORIENTED_EDGE('',*,*,#4315,.T.);
#4943 = ORIENTED_EDGE('',*,*,#4903,.F.);
#4944 = ORIENTED_EDGE('',*,*,#2162,.F.);
#4945 = SURFACE_OF_LINEAR_EXTRUSION('',#4946,#4951);
#4946 = B_SPLINE_CURVE_WITH_KNOTS('',3,(#4947,#4948,#4949,#4950),
  .UNSPECIFIED.,.F.,.F.,(4,4),(0.,1.),.PIECEWISE_BEZIER_KNOTS.);
#4947 = CARTESIAN_POINT('',(10.368615097842,-5.393866795245,0.));
#4948 = CARTESIAN_POINT('',(10.633984784536,-5.451255298209,0.));
#4949 = CARTESIAN_POINT('',(11.032873521004,-5.50127900794,0.));
#4950 = CARTESIAN_POINT('',(11.57117739607,-5.47435793463,0.));
#4951 = VECTOR('',#4952,1.);
#4952 = DIRECTION('',(-0.,-0.,-1.));
#4953 = ADVANCED_FACE('',(#4954),#4965,.F.);
#4954 = FACE_BOUND('',#4955,.F.);
#4955 = EDGE_LOOP('',(#4956,#4957,#4958,#4964));
#4956 = ORIENTED_EDGE('',*,*,#4922,.T.);
#4957 = ORIENTED_EDGE('',*,*,#2425,.T.);
#4958 = ORIENTED_EDGE('',*,*,#4959,.F.);
#4959 = EDGE_CURVE('',#273,#2426,#4960,.T.);
#4960 = LINE('',#4961,#4962);
#4961 = CARTESIAN_POINT('',(10.60096912887,3.889656057163,0.));
#4962 = VECTOR('',#4963,1.);
#4963 = DIRECTION('',(0.,0.,1.));
#4964 = ORIENTED_EDGE('',*,*,#272,.F.);
#4965 = CYLINDRICAL_SURFACE('',#4966,0.304);
#4966 = AXIS2_PLACEMENT_3D('',#4967,#4968,#4969);
#4967 = CARTESIAN_POINT('',(10.713050358507,3.607071914007,0.));
#4968 = DIRECTION('',(0.,0.,-1.));
#4969 = DIRECTION('',(-0.94764181252,-0.319335239464,-0.));
#4970 = ADVANCED_FACE('',(#4971),#4982,.F.);
#4971 = FACE_BOUND('',#4972,.F.);
#4972 = EDGE_LOOP('',(#4973,#4979,#4980,#4981));
#4973 = ORIENTED_EDGE('',*,*,#4974,.T.);
#4974 = EDGE_CURVE('',#2145,#4298,#4975,.T.);
#4975 = LINE('',#4976,#4977);
#4976 = CARTESIAN_POINT('',(9.98401067296,-5.275367437109,0.));
#4977 = VECTOR('',#4978,1.);
#4978 = DIRECTION('',(0.,0.,1.));
#4979 = ORIENTED_EDGE('',*,*,#4306,.T.);
#4980 = ORIENTED_EDGE('',*,*,#4937,.F.);
#4981 = ORIENTED_EDGE('',*,*,#2153,.F.);
#4982 = SURFACE_OF_LINEAR_EXTRUSION('',#4983,#4988);
#4983 = B_SPLINE_CURVE_WITH_KNOTS('',3,(#4984,#4985,#4986,#4987),
  .UNSPECIFIED.,.F.,.F.,(4,4),(0.,1.),.PIECEWISE_BEZIER_KNOTS.);
#4984 = CARTESIAN_POINT('',(9.98401067296,-5.275367437109,0.));
#4985 = CARTESIAN_POINT('',(10.023964477521,-5.293822074651,0.));
#4986 = CARTESIAN_POINT('',(10.146820000217,-5.345384893451,0.));
#4987 = CARTESIAN_POINT('',(10.368615097842,-5.393866795245,0.));
#4988 = VECTOR('',#4989,1.);
#4989 = DIRECTION('',(-0.,-0.,-1.));
#4990 = ADVANCED_FACE('',(#4991),#5002,.F.);
#4991 = FACE_BOUND('',#4992,.F.);
#4992 = EDGE_LOOP('',(#4993,#4994,#4995,#5001));
#4993 = ORIENTED_EDGE('',*,*,#4959,.T.);
#4994 = ORIENTED_EDGE('',*,*,#2434,.T.);
#4995 = ORIENTED_EDGE('',*,*,#4996,.F.);
#4996 = EDGE_CURVE('',#282,#2435,#4997,.T.);
#4997 = LINE('',#4998,#4999);
#4998 = CARTESIAN_POINT('',(10.946381905721,4.096181298006,0.));
#4999 = VECTOR('',#5000,1.);
#5000 = DIRECTION('',(0.,0.,1.));
#5001 = ORIENTED_EDGE('',*,*,#281,.F.);
#5002 = SURFACE_OF_LINEAR_EXTRUSION('',#5003,#5008);
#5003 = B_SPLINE_CURVE_WITH_KNOTS('',3,(#5004,#5005,#5006,#5007),
  .UNSPECIFIED.,.F.,.F.,(4,4),(0.,1.),.PIECEWISE_BEZIER_KNOTS.);
#5004 = CARTESIAN_POINT('',(10.60096912887,3.889656057163,0.));
#5005 = CARTESIAN_POINT('',(10.641417910739,3.906998957472,0.));
#5006 = CARTESIAN_POINT('',(10.761942943112,3.963796143236,0.));
#5007 = CARTESIAN_POINT('',(10.946381905721,4.096181298006,0.));
#5008 = VECTOR('',#5009,1.);
#5009 = DIRECTION('',(-0.,-0.,-1.));
#5010 = ADVANCED_FACE('',(#5011),#5022,.F.);
#5011 = FACE_BOUND('',#5012,.F.);
#5012 = EDGE_LOOP('',(#5013,#5019,#5020,#5021));
#5013 = ORIENTED_EDGE('',*,*,#5014,.T.);
#5014 = EDGE_CURVE('',#2136,#4289,#5015,.T.);
#5015 = LINE('',#5016,#5017);
#5016 = CARTESIAN_POINT('',(9.584098535048,-5.398616051406,0.));
#5017 = VECTOR('',#5018,1.);
#5018 = DIRECTION('',(0.,0.,1.));
#5019 = ORIENTED_EDGE('',*,*,#4297,.T.);
#5020 = ORIENTED_EDGE('',*,*,#4974,.F.);
#5021 = ORIENTED_EDGE('',*,*,#2144,.F.);
#5022 = CYLINDRICAL_SURFACE('',#5023,0.304);
#5023 = AXIS2_PLACEMENT_3D('',#5024,#5025,#5026);
#5024 = CARTESIAN_POINT('',(9.84900671036,-5.547745722004,0.));
#5025 = DIRECTION('',(0.,0.,-1.));
#5026 = DIRECTION('',(-0.871408471423,0.490558126966,0.));
#5027 = ADVANCED_FACE('',(#5028),#5039,.F.);
#5028 = FACE_BOUND('',#5029,.F.);
#5029 = EDGE_LOOP('',(#5030,#5031,#5032,#5038));
#5030 = ORIENTED_EDGE('',*,*,#4996,.T.);
#5031 = ORIENTED_EDGE('',*,*,#2443,.T.);
#5032 = ORIENTED_EDGE('',*,*,#5033,.F.);
#5033 = EDGE_CURVE('',#291,#2444,#5034,.T.);
#5034 = LINE('',#5035,#5036);
#5035 = CARTESIAN_POINT('',(11.810869719249,4.936000162346,0.));
#5036 = VECTOR('',#5037,1.);
#5037 = DIRECTION('',(0.,0.,1.));
#5038 = ORIENTED_EDGE('',*,*,#290,.F.);
#5039 = SURFACE_OF_LINEAR_EXTRUSION('',#5040,#5045);
#5040 = B_SPLINE_CURVE_WITH_KNOTS('',3,(#5041,#5042,#5043,#5044),
  .UNSPECIFIED.,.F.,.F.,(4,4),(0.,1.),.PIECEWISE_BEZIER_KNOTS.);
#5041 = CARTESIAN_POINT('',(10.946381905721,4.096181298006,0.));
#5042 = CARTESIAN_POINT('',(11.166596854108,4.254989003726,0.));
#5043 = CARTESIAN_POINT('',(11.470680377248,4.517948708948,0.));
#5044 = CARTESIAN_POINT('',(11.810869719249,4.936000162346,0.));
#5045 = VECTOR('',#5046,1.);
#5046 = DIRECTION('',(-0.,-0.,-1.));
#5047 = ADVANCED_FACE('',(#5048),#5059,.T.);
#5048 = FACE_BOUND('',#5049,.F.);
#5049 = EDGE_LOOP('',(#5050,#5056,#5057,#5058));
#5050 = ORIENTED_EDGE('',*,*,#5051,.T.);
#5051 = EDGE_CURVE('',#2127,#4280,#5052,.T.);
#5052 = LINE('',#5053,#5054);
#5053 = CARTESIAN_POINT('',(9.46738791332,-5.600764778022,0.));
#5054 = VECTOR('',#5055,1.);
#5055 = DIRECTION('',(0.,0.,1.));
#5056 = ORIENTED_EDGE('',*,*,#4288,.T.);
#5057 = ORIENTED_EDGE('',*,*,#5014,.F.);
#5058 = ORIENTED_EDGE('',*,*,#2135,.F.);
#5059 = CYLINDRICAL_SURFACE('',#5060,11.000000000041);
#5060 = AXIS2_PLACEMENT_3D('',#5061,#5062,#5063);
#5061 = CARTESIAN_POINT('',(-3.524914E-11,2.047118E-11,0.));
#5062 = DIRECTION('',(0.,0.,-1.));
#5063 = DIRECTION('',(0.860671628484,-0.509160434366,0.));
#5064 = ADVANCED_FACE('',(#5065),#5076,.T.);
#5065 = FACE_BOUND('',#5066,.F.);
#5066 = EDGE_LOOP('',(#5067,#5068,#5069,#5075));
#5067 = ORIENTED_EDGE('',*,*,#5033,.T.);
#5068 = ORIENTED_EDGE('',*,*,#2452,.T.);
#5069 = ORIENTED_EDGE('',*,*,#5070,.F.);
#5070 = EDGE_CURVE('',#300,#2453,#5071,.T.);
#5071 = LINE('',#5072,#5073);
#5072 = CARTESIAN_POINT('',(11.570316902437,5.474282307041,0.));
#5073 = VECTOR('',#5074,1.);
#5074 = DIRECTION('',(0.,0.,1.));
#5075 = ORIENTED_EDGE('',*,*,#299,.F.);
#5076 = CYLINDRICAL_SURFACE('',#5077,12.800000000003);
#5077 = AXIS2_PLACEMENT_3D('',#5078,#5079,#5080);
#5078 = CARTESIAN_POINT('',(7.53546587079E-03,-1.589851423267E-02,0.));
#5079 = DIRECTION('',(0.,0.,-1.));
#5080 = DIRECTION('',(0.922135488545,0.386867084108,0.));
#5081 = ADVANCED_FACE('',(#5082),#5093,.F.);
#5082 = FACE_BOUND('',#5083,.F.);
#5083 = EDGE_LOOP('',(#5084,#5090,#5091,#5092));
#5084 = ORIENTED_EDGE('',*,*,#5085,.T.);
#5085 = EDGE_CURVE('',#2118,#4271,#5086,.T.);
#5086 = LINE('',#5087,#5088);
#5087 = CARTESIAN_POINT('',(9.560937279228,-6.008964325794,0.));
#5088 = VECTOR('',#5089,1.);
#5089 = DIRECTION('',(0.,0.,1.));
#5090 = ORIENTED_EDGE('',*,*,#4279,.T.);
#5091 = ORIENTED_EDGE('',*,*,#5051,.F.);
#5092 = ORIENTED_EDGE('',*,*,#2126,.F.);
#5093 = CYLINDRICAL_SURFACE('',#5094,0.304);
#5094 = AXIS2_PLACEMENT_3D('',#5095,#5096,#5097);
#5095 = CARTESIAN_POINT('',(9.72898268173,-5.75563303539,0.));
#5096 = DIRECTION('',(0.,0.,-1.));
#5097 = DIRECTION('',(-0.552780929282,-0.833326613173,-0.));
#5098 = ADVANCED_FACE('',(#5099),#5110,.F.);
#5099 = FACE_BOUND('',#5100,.F.);
#5100 = EDGE_LOOP('',(#5101,#5102,#5103,#5109));
#5101 = ORIENTED_EDGE('',*,*,#5070,.T.);
#5102 = ORIENTED_EDGE('',*,*,#2461,.T.);
#5103 = ORIENTED_EDGE('',*,*,#5104,.F.);
#5104 = EDGE_CURVE('',#309,#2462,#5105,.T.);
#5105 = LINE('',#5106,#5107);
#5106 = CARTESIAN_POINT('',(10.368615097842,5.393866795245,0.));
#5107 = VECTOR('',#5108,1.);
#5108 = DIRECTION('',(0.,0.,1.));
#5109 = ORIENTED_EDGE('',*,*,#308,.F.);
#5110 = SURFACE_OF_LINEAR_EXTRUSION('',#5111,#5116);
#5111 = B_SPLINE_CURVE_WITH_KNOTS('',3,(#5112,#5113,#5114,#5115),
  .UNSPECIFIED.,.F.,.F.,(4,4),(0.,1.),.PIECEWISE_BEZIER_KNOTS.);
#5112 = CARTESIAN_POINT('',(11.570316902437,5.474282307041,0.));
#5113 = CARTESIAN_POINT('',(11.032873521004,5.50127900794,0.));
#5114 = CARTESIAN_POINT('',(10.633984784536,5.451255298209,0.));
#5115 = CARTESIAN_POINT('',(10.368615097842,5.393866795245,0.));
#5116 = VECTOR('',#5117,1.);
#5117 = DIRECTION('',(-0.,-0.,-1.));
#5118 = ADVANCED_FACE('',(#5119),#5130,.F.);
#5119 = FACE_BOUND('',#5120,.F.);
#5120 = EDGE_LOOP('',(#5121,#5127,#5128,#5129));
#5121 = ORIENTED_EDGE('',*,*,#5122,.T.);
#5122 = EDGE_CURVE('',#2109,#4262,#5123,.T.);
#5123 = LINE('',#5124,#5125);
#5124 = CARTESIAN_POINT('',(9.855533218233,-6.282550679171,0.));
#5125 = VECTOR('',#5126,1.);
#5126 = DIRECTION('',(0.,0.,1.));
#5127 = ORIENTED_EDGE('',*,*,#4270,.T.);
#5128 = ORIENTED_EDGE('',*,*,#5085,.F.);
#5129 = ORIENTED_EDGE('',*,*,#2117,.F.);
#5130 = SURFACE_OF_LINEAR_EXTRUSION('',#5131,#5136);
#5131 = B_SPLINE_CURVE_WITH_KNOTS('',3,(#5132,#5133,#5134,#5135),
  .UNSPECIFIED.,.F.,.F.,(4,4),(0.,1.),.PIECEWISE_BEZIER_KNOTS.);
#5132 = CARTESIAN_POINT('',(9.855533218233,-6.282550679171,0.));
#5133 = CARTESIAN_POINT('',(9.702649110842,-6.114711441091,0.));
#5134 = CARTESIAN_POINT('',(9.596566638524,-6.034096846841,0.));
#5135 = CARTESIAN_POINT('',(9.560937279228,-6.008964325794,0.));
#5136 = VECTOR('',#5137,1.);
#5137 = DIRECTION('',(-0.,-0.,-1.));
#5138 = ADVANCED_FACE('',(#5139),#5150,.F.);
#5139 = FACE_BOUND('',#5140,.F.);
#5140 = EDGE_LOOP('',(#5141,#5142,#5143,#5149));
#5141 = ORIENTED_EDGE('',*,*,#5104,.T.);
#5142 = ORIENTED_EDGE('',*,*,#2470,.T.);
#5143 = ORIENTED_EDGE('',*,*,#5144,.F.);
#5144 = EDGE_CURVE('',#318,#2471,#5145,.T.);
#5145 = LINE('',#5146,#5147);
#5146 = CARTESIAN_POINT('',(9.984384396187,5.275532404904,0.));
#5147 = VECTOR('',#5148,1.);
#5148 = DIRECTION('',(0.,0.,1.));
#5149 = ORIENTED_EDGE('',*,*,#317,.F.);
#5150 = SURFACE_OF_LINEAR_EXTRUSION('',#5151,#5156);
#5151 = B_SPLINE_CURVE_WITH_KNOTS('',3,(#5152,#5153,#5154,#5155),
  .UNSPECIFIED.,.F.,.F.,(4,4),(0.,1.),.PIECEWISE_BEZIER_KNOTS.);
#5152 = CARTESIAN_POINT('',(10.368615097842,5.393866795245,0.));
#5153 = CARTESIAN_POINT('',(10.146820000217,5.345384893451,0.));
#5154 = CARTESIAN_POINT('',(10.023964477521,5.293822074651,0.));
#5155 = CARTESIAN_POINT('',(9.984384396187,5.275532404904,0.));
#5156 = VECTOR('',#5157,1.);
#5157 = DIRECTION('',(-0.,-0.,-1.));
#5158 = ADVANCED_FACE('',(#5159),#5170,.F.);
#5159 = FACE_BOUND('',#5160,.F.);
#5160 = EDGE_LOOP('',(#5161,#5167,#5168,#5169));
#5161 = ORIENTED_EDGE('',*,*,#5162,.T.);
#5162 = EDGE_CURVE('',#2100,#4253,#5163,.T.);
#5163 = LINE('',#5164,#5165);
#5164 = CARTESIAN_POINT('',(10.526025996604,-7.283047213826,0.));
#5165 = VECTOR('',#5166,1.);
#5166 = DIRECTION('',(0.,0.,1.));
#5167 = ORIENTED_EDGE('',*,*,#4261,.T.);
#5168 = ORIENTED_EDGE('',*,*,#5122,.F.);
#5169 = ORIENTED_EDGE('',*,*,#2108,.F.);
#5170 = SURFACE_OF_LINEAR_EXTRUSION('',#5171,#5176);
#5171 = B_SPLINE_CURVE_WITH_KNOTS('',3,(#5172,#5173,#5174,#5175),
  .UNSPECIFIED.,.F.,.F.,(4,4),(0.,1.),.PIECEWISE_BEZIER_KNOTS.);
#5172 = CARTESIAN_POINT('',(10.526025996604,-7.283047213826,0.));
#5173 = CARTESIAN_POINT('',(10.280684134685,-6.80410924196,0.));
#5174 = CARTESIAN_POINT('',(10.037917963032,-6.483673317761,0.));
#5175 = CARTESIAN_POINT('',(9.855533218233,-6.282550679171,0.));
#5176 = VECTOR('',#5177,1.);
#5177 = DIRECTION('',(-0.,-0.,-1.));
#5178 = ADVANCED_FACE('',(#5179),#5190,.F.);
#5179 = FACE_BOUND('',#5180,.F.);
#5180 = EDGE_LOOP('',(#5181,#5182,#5183,#5189));
#5181 = ORIENTED_EDGE('',*,*,#5144,.T.);
#5182 = ORIENTED_EDGE('',*,*,#2479,.T.);
#5183 = ORIENTED_EDGE('',*,*,#5184,.F.);
#5184 = EDGE_CURVE('',#327,#2480,#5185,.T.);
#5185 = LINE('',#5186,#5187);
#5186 = CARTESIAN_POINT('',(9.584098535048,5.398616051406,0.));
#5187 = VECTOR('',#5188,1.);
#5188 = DIRECTION('',(0.,0.,1.));
#5189 = ORIENTED_EDGE('',*,*,#326,.F.);
#5190 = CYLINDRICAL_SURFACE('',#5191,0.304);
#5191 = AXIS2_PLACEMENT_3D('',#5192,#5193,#5194);
#5192 = CARTESIAN_POINT('',(9.849015764374,5.547729637662,0.));
#5193 = DIRECTION('',(0.,0.,-1.));
#5194 = DIRECTION('',(0.445291552016,-0.895385634072,0.));
#5195 = ADVANCED_FACE('',(#5196),#5207,.T.);
#5196 = FACE_BOUND('',#5197,.F.);
#5197 = EDGE_LOOP('',(#5198,#5204,#5205,#5206));
#5198 = ORIENTED_EDGE('',*,*,#5199,.T.);
#5199 = EDGE_CURVE('',#2091,#4244,#5200,.T.);
#5200 = LINE('',#5201,#5202);
#5201 = CARTESIAN_POINT('',(10.1801363933,-7.760513136485,0.));
#5202 = VECTOR('',#5203,1.);
#5203 = DIRECTION('',(0.,0.,1.));
#5204 = ORIENTED_EDGE('',*,*,#4252,.T.);
#5205 = ORIENTED_EDGE('',*,*,#5162,.F.);
#5206 = ORIENTED_EDGE('',*,*,#2099,.F.);
#5207 = CYLINDRICAL_SURFACE('',#5208,12.8);
#5208 = AXIS2_PLACEMENT_3D('',#5209,#5210,#5211);
#5209 = CARTESIAN_POINT('',(-1.000078427E-02,-1.447516199161E-02,0.));
#5210 = DIRECTION('',(0.,0.,-1.));
#5211 = DIRECTION('',(0.796104466998,-0.605159216757,0.));
#5212 = ADVANCED_FACE('',(#5213),#5224,.T.);
#5213 = FACE_BOUND('',#5214,.F.);
#5214 = EDGE_LOOP('',(#5215,#5216,#5217,#5223));
#5215 = ORIENTED_EDGE('',*,*,#5184,.T.);
#5216 = ORIENTED_EDGE('',*,*,#2488,.T.);
#5217 = ORIENTED_EDGE('',*,*,#5218,.F.);
#5218 = EDGE_CURVE('',#336,#2489,#5219,.T.);
#5219 = LINE('',#5220,#5221);
#5220 = CARTESIAN_POINT('',(9.46738791332,5.600764778022,0.));
#5221 = VECTOR('',#5222,1.);
#5222 = DIRECTION('',(0.,0.,1.));
#5223 = ORIENTED_EDGE('',*,*,#335,.F.);
#5224 = CYLINDRICAL_SURFACE('',#5225,10.999999999991);
#5225 = AXIS2_PLACEMENT_3D('',#5226,#5227,#5228);
#5226 = CARTESIAN_POINT('',(7.68363E-12,4.41736E-12,0.));
#5227 = DIRECTION('',(0.,0.,-1.));
#5228 = DIRECTION('',(0.871281685004,0.490783277401,0.));
#5229 = ADVANCED_FACE('',(#5230),#5241,.F.);
#5230 = FACE_BOUND('',#5231,.F.);
#5231 = EDGE_LOOP('',(#5232,#5238,#5239,#5240));
#5232 = ORIENTED_EDGE('',*,*,#5233,.T.);
#5233 = EDGE_CURVE('',#2082,#4235,#5234,.T.);
#5234 = LINE('',#5235,#5236);
#5235 = CARTESIAN_POINT('',(9.020588015441,-7.431754160878,0.));
#5236 = VECTOR('',#5237,1.);
#5237 = DIRECTION('',(0.,0.,1.));
#5238 = ORIENTED_EDGE('',*,*,#4243,.T.);
#5239 = ORIENTED_EDGE('',*,*,#5199,.F.);
#5240 = ORIENTED_EDGE('',*,*,#2090,.F.);
#5241 = SURFACE_OF_LINEAR_EXTRUSION('',#5242,#5247);
#5242 = B_SPLINE_CURVE_WITH_KNOTS('',3,(#5243,#5244,#5245,#5246),
  .UNSPECIFIED.,.F.,.F.,(4,4),(0.,1.),.PIECEWISE_BEZIER_KNOTS.);
#5243 = CARTESIAN_POINT('',(9.020588015441,-7.431754160878,0.));
#5244 = CARTESIAN_POINT('',(9.268226997104,-7.543062047614,0.));
#5245 = CARTESIAN_POINT('',(9.647998543569,-7.674926250915,0.));
#5246 = CARTESIAN_POINT('',(10.1801363933,-7.760513136485,0.));
#5247 = VECTOR('',#5248,1.);
#5248 = DIRECTION('',(-0.,-0.,-1.));
#5249 = ADVANCED_FACE('',(#5250),#5261,.F.);
#5250 = FACE_BOUND('',#5251,.F.);
#5251 = EDGE_LOOP('',(#5252,#5253,#5254,#5260));
#5252 = ORIENTED_EDGE('',*,*,#5218,.T.);
#5253 = ORIENTED_EDGE('',*,*,#2497,.T.);
#5254 = ORIENTED_EDGE('',*,*,#5255,.F.);
#5255 = EDGE_CURVE('',#345,#2498,#5256,.T.);
#5256 = LINE('',#5257,#5258);
#5257 = CARTESIAN_POINT('',(9.560607551313,6.008723155884,0.));
#5258 = VECTOR('',#5259,1.);
#5259 = DIRECTION('',(0.,0.,1.));
#5260 = ORIENTED_EDGE('',*,*,#344,.F.);
#5261 = CYLINDRICAL_SURFACE('',#5262,0.304);
#5262 = AXIS2_PLACEMENT_3D('',#5263,#5264,#5265);
#5263 = CARTESIAN_POINT('',(9.728992084172,5.755617152214,0.));
#5264 = DIRECTION('',(0.,0.,-1.));
#5265 = DIRECTION('',(-0.860540035697,-0.509382809842,-0.));
#5266 = ADVANCED_FACE('',(#5267),#5278,.F.);
#5267 = FACE_BOUND('',#5268,.F.);
#5268 = EDGE_LOOP('',(#5269,#5275,#5276,#5277));
#5269 = ORIENTED_EDGE('',*,*,#5270,.T.);
#5270 = EDGE_CURVE('',#2073,#4226,#5271,.T.);
#5271 = LINE('',#5272,#5273);
#5272 = CARTESIAN_POINT('',(8.669025521922,-7.235880541755,0.));
#5273 = VECTOR('',#5274,1.);
#5274 = DIRECTION('',(0.,0.,1.));
#5275 = ORIENTED_EDGE('',*,*,#4234,.T.);
#5276 = ORIENTED_EDGE('',*,*,#5233,.F.);
#5277 = ORIENTED_EDGE('',*,*,#2081,.F.);
#5278 = SURFACE_OF_LINEAR_EXTRUSION('',#5279,#5284);
#5279 = B_SPLINE_CURVE_WITH_KNOTS('',3,(#5280,#5281,#5282,#5283),
  .UNSPECIFIED.,.F.,.F.,(4,4),(0.,1.),.PIECEWISE_BEZIER_KNOTS.);
#5280 = CARTESIAN_POINT('',(8.669025521922,-7.235880541755,0.));
#5281 = CARTESIAN_POINT('',(8.704269305099,-7.26223876425,0.));
#5282 = CARTESIAN_POINT('',(8.813719627021,-7.338217911196,0.));
#5283 = CARTESIAN_POINT('',(9.020588015441,-7.431754160878,0.));
#5284 = VECTOR('',#5285,1.);
#5285 = DIRECTION('',(-0.,-0.,-1.));
#5286 = ADVANCED_FACE('',(#5287),#5298,.F.);
#5287 = FACE_BOUND('',#5288,.F.);
#5288 = EDGE_LOOP('',(#5289,#5290,#5291,#5297));
#5289 = ORIENTED_EDGE('',*,*,#5255,.T.);
#5290 = ORIENTED_EDGE('',*,*,#2506,.T.);
#5291 = ORIENTED_EDGE('',*,*,#5292,.F.);
#5292 = EDGE_CURVE('',#354,#2507,#5293,.T.);
#5293 = LINE('',#5294,#5295);
#5294 = CARTESIAN_POINT('',(9.855533218233,6.282550679171,0.));
#5295 = VECTOR('',#5296,1.);
#5296 = DIRECTION('',(0.,0.,1.));
#5297 = ORIENTED_EDGE('',*,*,#353,.F.);
#5298 = SURFACE_OF_LINEAR_EXTRUSION('',#5299,#5304);
#5299 = B_SPLINE_CURVE_WITH_KNOTS('',3,(#5300,#5301,#5302,#5303),
  .UNSPECIFIED.,.F.,.F.,(4,4),(0.,1.),.PIECEWISE_BEZIER_KNOTS.);
#5300 = CARTESIAN_POINT('',(9.560607551313,6.008723155884,0.));
#5301 = CARTESIAN_POINT('',(9.596566638524,6.034096846841,0.));
#5302 = CARTESIAN_POINT('',(9.702649110842,6.114711441091,0.));
#5303 = CARTESIAN_POINT('',(9.855533218233,6.282550679171,0.));
#5304 = VECTOR('',#5305,1.);
#5305 = DIRECTION('',(-0.,-0.,-1.));
#5306 = ADVANCED_FACE('',(#5307),#5318,.F.);
#5307 = FACE_BOUND('',#5308,.F.);
#5308 = EDGE_LOOP('',(#5309,#5315,#5316,#5317));
#5309 = ORIENTED_EDGE('',*,*,#5310,.T.);
#5310 = EDGE_CURVE('',#2064,#4217,#5311,.T.);
#5311 = LINE('',#5312,#5313);
#5312 = CARTESIAN_POINT('',(8.25222759593,-7.273289469351,0.));
#5313 = VECTOR('',#5314,1.);
#5314 = DIRECTION('',(0.,0.,1.));
#5315 = ORIENTED_EDGE('',*,*,#4225,.T.);
#5316 = ORIENTED_EDGE('',*,*,#5270,.F.);
#5317 = ORIENTED_EDGE('',*,*,#2072,.F.);
#5318 = CYLINDRICAL_SURFACE('',#5319,0.304);
#5319 = AXIS2_PLACEMENT_3D('',#5320,#5321,#5322);
#5320 = CARTESIAN_POINT('',(8.480341090061,-7.474237805485,0.));
#5321 = DIRECTION('',(0.,0.,-1.));
#5322 = DIRECTION('',(-0.750373335959,0.661014263599,0.));
#5323 = ADVANCED_FACE('',(#5324),#5335,.F.);
#5324 = FACE_BOUND('',#5325,.F.);
#5325 = EDGE_LOOP('',(#5326,#5327,#5328,#5334));
#5326 = ORIENTED_EDGE('',*,*,#5292,.T.);
#5327 = ORIENTED_EDGE('',*,*,#2515,.T.);
#5328 = ORIENTED_EDGE('',*,*,#5329,.F.);
#5329 = EDGE_CURVE('',#363,#2516,#5330,.T.);
#5330 = LINE('',#5331,#5332);
#5331 = CARTESIAN_POINT('',(10.526521738833,7.283754609378,0.));
#5332 = VECTOR('',#5333,1.);
#5333 = DIRECTION('',(0.,0.,1.));
#5334 = ORIENTED_EDGE('',*,*,#362,.F.);
#5335 = SURFACE_OF_LINEAR_EXTRUSION('',#5336,#5341);
#5336 = B_SPLINE_CURVE_WITH_KNOTS('',3,(#5337,#5338,#5339,#5340),
  .UNSPECIFIED.,.F.,.F.,(4,4),(0.,1.),.PIECEWISE_BEZIER_KNOTS.);
#5337 = CARTESIAN_POINT('',(9.855533218233,6.282550679171,0.));
#5338 = CARTESIAN_POINT('',(10.037917963032,6.483673317761,0.));
#5339 = CARTESIAN_POINT('',(10.280684134685,6.80410924196,0.));
#5340 = CARTESIAN_POINT('',(10.526521738833,7.283754609378,0.));
#5341 = VECTOR('',#5342,1.);
#5342 = DIRECTION('',(-0.,-0.,-1.));
#5343 = ADVANCED_FACE('',(#5344),#5355,.T.);
#5344 = FACE_BOUND('',#5345,.F.);
#5345 = EDGE_LOOP('',(#5346,#5352,#5353,#5354));
#5346 = ORIENTED_EDGE('',*,*,#5347,.T.);
#5347 = EDGE_CURVE('',#2055,#4208,#5348,.T.);
#5348 = LINE('',#5349,#5350);
#5349 = CARTESIAN_POINT('',(8.096038297759,-7.446755258582,0.));
#5350 = VECTOR('',#5351,1.);
#5351 = DIRECTION('',(0.,0.,1.));
#5352 = ORIENTED_EDGE('',*,*,#4216,.T.);
#5353 = ORIENTED_EDGE('',*,*,#5310,.F.);
#5354 = ORIENTED_EDGE('',*,*,#2063,.F.);
#5355 = CYLINDRICAL_SURFACE('',#5356,10.999999999996);
#5356 = AXIS2_PLACEMENT_3D('',#5357,#5358,#5359);
#5357 = CARTESIAN_POINT('',(2.85816E-12,-2.51577E-12,0.));
#5358 = DIRECTION('',(0.,0.,-1.));
#5359 = DIRECTION('',(0.736003481614,-0.67697775078,0.));
#5360 = ADVANCED_FACE('',(#5361),#5372,.T.);
#5361 = FACE_BOUND('',#5362,.F.);
#5362 = EDGE_LOOP('',(#5363,#5364,#5365,#5371));
#5363 = ORIENTED_EDGE('',*,*,#5329,.T.);
#5364 = ORIENTED_EDGE('',*,*,#2524,.T.);
#5365 = ORIENTED_EDGE('',*,*,#5366,.F.);
#5366 = EDGE_CURVE('',#372,#2525,#5367,.T.);
#5367 = LINE('',#5368,#5369);
#5368 = CARTESIAN_POINT('',(10.179310427378,7.760260254855,0.));
#5369 = VECTOR('',#5370,1.);
#5370 = DIRECTION('',(0.,0.,1.));
#5371 = ORIENTED_EDGE('',*,*,#371,.F.);
#5372 = CYLINDRICAL_SURFACE('',#5373,12.800000000009);
#5373 = AXIS2_PLACEMENT_3D('',#5374,#5375,#5376);
#5374 = CARTESIAN_POINT('',(1.06762848324E-02,-1.398438210531E-02,0.));
#5375 = DIRECTION('',(0.,0.,-1.));
#5376 = DIRECTION('',(0.821550426093,0.570135858709,0.));
#5377 = ADVANCED_FACE('',(#5378),#5389,.F.);
#5378 = FACE_BOUND('',#5379,.F.);
#5379 = EDGE_LOOP('',(#5380,#5386,#5387,#5388));
#5380 = ORIENTED_EDGE('',*,*,#5381,.T.);
#5381 = EDGE_CURVE('',#2046,#4199,#5382,.T.);
#5382 = LINE('',#5383,#5384);
#5383 = CARTESIAN_POINT('',(8.102673927404,-7.865484673698,0.));
#5384 = VECTOR('',#5385,1.);
#5385 = DIRECTION('',(0.,0.,1.));
#5386 = ORIENTED_EDGE('',*,*,#4207,.T.);
#5387 = ORIENTED_EDGE('',*,*,#5347,.F.);
#5388 = ORIENTED_EDGE('',*,*,#2054,.F.);
#5389 = CYLINDRICAL_SURFACE('',#5390,0.304);
#5390 = AXIS2_PLACEMENT_3D('',#5391,#5392,#5393);
#5391 = CARTESIAN_POINT('',(8.319717671601,-7.652627883566,0.));
#5392 = DIRECTION('',(0.,0.,-1.));
#5393 = DIRECTION('',(-0.713959684857,-0.700186809644,-0.));
#5394 = ADVANCED_FACE('',(#5395),#5406,.F.);
#5395 = FACE_BOUND('',#5396,.F.);
#5396 = EDGE_LOOP('',(#5397,#5398,#5399,#5405));
#5397 = ORIENTED_EDGE('',*,*,#5366,.T.);
#5398 = ORIENTED_EDGE('',*,*,#2533,.T.);
#5399 = ORIENTED_EDGE('',*,*,#5400,.F.);
#5400 = EDGE_CURVE('',#381,#2534,#5401,.T.);
#5401 = LINE('',#5402,#5403);
#5402 = CARTESIAN_POINT('',(9.020588015441,7.431754160878,0.));
#5403 = VECTOR('',#5404,1.);
#5404 = DIRECTION('',(0.,0.,1.));
#5405 = ORIENTED_EDGE('',*,*,#380,.F.);
#5406 = SURFACE_OF_LINEAR_EXTRUSION('',#5407,#5412);
#5407 = B_SPLINE_CURVE_WITH_KNOTS('',3,(#5408,#5409,#5410,#5411),
  .UNSPECIFIED.,.F.,.F.,(4,4),(0.,1.),.PIECEWISE_BEZIER_KNOTS.);
#5408 = CARTESIAN_POINT('',(10.179310427378,7.760260254855,0.));
#5409 = CARTESIAN_POINT('',(9.647998543569,7.674926250915,0.));
#5410 = CARTESIAN_POINT('',(9.268226997104,7.543062047614,0.));
#5411 = CARTESIAN_POINT('',(9.020588015441,7.431754160878,0.));
#5412 = VECTOR('',#5413,1.);
#5413 = DIRECTION('',(-0.,-0.,-1.));
#5414 = ADVANCED_FACE('',(#5415),#5426,.F.);
#5415 = FACE_BOUND('',#5416,.F.);
#5416 = EDGE_LOOP('',(#5417,#5423,#5424,#5425));
#5417 = ORIENTED_EDGE('',*,*,#5418,.T.);
#5418 = EDGE_CURVE('',#2037,#4190,#5419,.T.);
#5419 = LINE('',#5420,#5421);
#5420 = CARTESIAN_POINT('',(8.333950437012,-8.194342448633,0.));
#5421 = VECTOR('',#5422,1.);
#5422 = DIRECTION('',(0.,0.,1.));
#5423 = ORIENTED_EDGE('',*,*,#4198,.T.);
#5424 = ORIENTED_EDGE('',*,*,#5381,.F.);
#5425 = ORIENTED_EDGE('',*,*,#2045,.F.);
#5426 = SURFACE_OF_LINEAR_EXTRUSION('',#5427,#5432);
#5427 = B_SPLINE_CURVE_WITH_KNOTS('',3,(#5428,#5429,#5430,#5431),
  .UNSPECIFIED.,.F.,.F.,(4,4),(0.,1.),.PIECEWISE_BEZIER_KNOTS.);
#5428 = CARTESIAN_POINT('',(8.333950437012,-8.194342448633,0.));
#5429 = CARTESIAN_POINT('',(8.219302953953,-7.998384507329,0.));
#5430 = CARTESIAN_POINT('',(8.132299354769,-7.897475749193,0.));
#5431 = CARTESIAN_POINT('',(8.102673927404,-7.865484673698,0.));
#5432 = VECTOR('',#5433,1.);
#5433 = DIRECTION('',(-0.,-0.,-1.));
#5434 = ADVANCED_FACE('',(#5435),#5446,.F.);
#5435 = FACE_BOUND('',#5436,.F.);
#5436 = EDGE_LOOP('',(#5437,#5438,#5439,#5445));
#5437 = ORIENTED_EDGE('',*,*,#5400,.T.);
#5438 = ORIENTED_EDGE('',*,*,#2542,.T.);
#5439 = ORIENTED_EDGE('',*,*,#5440,.F.);
#5440 = EDGE_CURVE('',#390,#2543,#5441,.T.);
#5441 = LINE('',#5442,#5443);
#5442 = CARTESIAN_POINT('',(8.669356779666,7.236119606036,0.));
#5443 = VECTOR('',#5444,1.);
#5444 = DIRECTION('',(0.,0.,1.));
#5445 = ORIENTED_EDGE('',*,*,#389,.F.);
#5446 = SURFACE_OF_LINEAR_EXTRUSION('',#5447,#5452);
#5447 = B_SPLINE_CURVE_WITH_KNOTS('',3,(#5448,#5449,#5450,#5451),
  .UNSPECIFIED.,.F.,.F.,(4,4),(0.,1.),.PIECEWISE_BEZIER_KNOTS.);
#5448 = CARTESIAN_POINT('',(9.020588015441,7.431754160878,0.));
#5449 = CARTESIAN_POINT('',(8.813719627021,7.338217911196,0.));
#5450 = CARTESIAN_POINT('',(8.704269305099,7.26223876425,0.));
#5451 = CARTESIAN_POINT('',(8.669356779666,7.236119606036,0.));
#5452 = VECTOR('',#5453,1.);
#5453 = DIRECTION('',(-0.,-0.,-1.));
#5454 = ADVANCED_FACE('',(#5455),#5466,.F.);
#5455 = FACE_BOUND('',#5456,.F.);
#5456 = EDGE_LOOP('',(#5457,#5463,#5464,#5465));
#5457 = ORIENTED_EDGE('',*,*,#5458,.T.);
#5458 = EDGE_CURVE('',#2028,#4181,#5459,.T.);
#5459 = LINE('',#5460,#5461);
#5460 = CARTESIAN_POINT('',(8.781776413307,-9.312379020781,0.));
#5461 = VECTOR('',#5462,1.);
#5462 = DIRECTION('',(0.,0.,1.));
#5463 = ORIENTED_EDGE('',*,*,#4189,.T.);
#5464 = ORIENTED_EDGE('',*,*,#5418,.F.);
#5465 = ORIENTED_EDGE('',*,*,#2036,.F.);
#5466 = SURFACE_OF_LINEAR_EXTRUSION('',#5467,#5472);
#5467 = B_SPLINE_CURVE_WITH_KNOTS('',3,(#5468,#5469,#5470,#5471),
  .UNSPECIFIED.,.F.,.F.,(4,4),(0.,1.),.PIECEWISE_BEZIER_KNOTS.);
#5468 = CARTESIAN_POINT('',(8.781776413307,-9.312379020781,0.));
#5469 = CARTESIAN_POINT('',(8.641372663239,-8.79289755136,0.));
#5470 = CARTESIAN_POINT('',(8.470533889697,-8.428989995694,0.));
#5471 = CARTESIAN_POINT('',(8.333950437012,-8.194342448633,0.));
#5472 = VECTOR('',#5473,1.);
#5473 = DIRECTION('',(-0.,-0.,-1.));
#5474 = ADVANCED_FACE('',(#5475),#5486,.F.);
#5475 = FACE_BOUND('',#5476,.F.);
#5476 = EDGE_LOOP('',(#5477,#5478,#5479,#5485));
#5477 = ORIENTED_EDGE('',*,*,#5440,.T.);
#5478 = ORIENTED_EDGE('',*,*,#2551,.T.);
#5479 = ORIENTED_EDGE('',*,*,#5480,.F.);
#5480 = EDGE_CURVE('',#399,#2552,#5481,.T.);
#5481 = LINE('',#5482,#5483);
#5482 = CARTESIAN_POINT('',(8.25222759593,7.273289469351,0.));
#5483 = VECTOR('',#5484,1.);
#5484 = DIRECTION('',(0.,0.,1.));
#5485 = ORIENTED_EDGE('',*,*,#398,.F.);
#5486 = CYLINDRICAL_SURFACE('',#5487,0.304);
#5487 = AXIS2_PLACEMENT_3D('',#5488,#5489,#5490);
#5488 = CARTESIAN_POINT('',(8.480353290345,7.474223955061,0.));
#5489 = DIRECTION('',(0.,0.,-1.));
#5490 = DIRECTION('',(0.621722004346,-0.783237990213,0.));
#5491 = ADVANCED_FACE('',(#5492),#5503,.T.);
#5492 = FACE_BOUND('',#5493,.F.);
#5493 = EDGE_LOOP('',(#5494,#5500,#5501,#5502));
#5494 = ORIENTED_EDGE('',*,*,#5495,.T.);
#5495 = EDGE_CURVE('',#2019,#4172,#5496,.T.);
#5496 = LINE('',#5497,#5498);
#5497 = CARTESIAN_POINT('',(8.34417458043,-9.707496675203,0.));
#5498 = VECTOR('',#5499,1.);
#5499 = DIRECTION('',(0.,0.,1.));
#5500 = ORIENTED_EDGE('',*,*,#4180,.T.);
#5501 = ORIENTED_EDGE('',*,*,#5458,.F.);
#5502 = ORIENTED_EDGE('',*,*,#2027,.F.);
#5503 = CYLINDRICAL_SURFACE('',#5504,12.800000000004);
#5504 = AXIS2_PLACEMENT_3D('',#5505,#5506,#5507);
#5505 = CARTESIAN_POINT('',(-1.279179854629E-02,-1.207956500234E-02,0.)
  );
#5506 = DIRECTION('',(0.,0.,-1.));
#5507 = DIRECTION('',(0.652887998357,-0.757454461734,0.));
#5508 = ADVANCED_FACE('',(#5509),#5520,.T.);
#5509 = FACE_BOUND('',#5510,.F.);
#5510 = EDGE_LOOP('',(#5511,#5512,#5513,#5519));
#5511 = ORIENTED_EDGE('',*,*,#5480,.T.);
#5512 = ORIENTED_EDGE('',*,*,#2560,.T.);
#5513 = ORIENTED_EDGE('',*,*,#5514,.F.);
#5514 = EDGE_CURVE('',#408,#2561,#5515,.T.);
#5515 = LINE('',#5516,#5517);
#5516 = CARTESIAN_POINT('',(8.096038297759,7.446755258582,0.));
#5517 = VECTOR('',#5518,1.);
#5518 = DIRECTION('',(0.,0.,1.));
#5519 = ORIENTED_EDGE('',*,*,#407,.F.);
#5520 = CYLINDRICAL_SURFACE('',#5521,11.000000000009);
#5521 = AXIS2_PLACEMENT_3D('',#5522,#5523,#5524);
#5522 = CARTESIAN_POINT('',(-6.74749E-12,-5.97344E-12,0.));
#5523 = DIRECTION('',(0.,0.,-1.));
#5524 = DIRECTION('',(0.750202508721,0.661208133577,0.));
#5525 = ADVANCED_FACE('',(#5526),#5537,.F.);
#5526 = FACE_BOUND('',#5527,.F.);
#5527 = EDGE_LOOP('',(#5528,#5534,#5535,#5536));
#5528 = ORIENTED_EDGE('',*,*,#5529,.T.);
#5529 = EDGE_CURVE('',#2010,#4163,#5530,.T.);
#5530 = LINE('',#5531,#5532);
#5531 = CARTESIAN_POINT('',(7.278317951181,-9.144838208167,0.));
#5532 = VECTOR('',#5533,1.);
#5533 = DIRECTION('',(0.,0.,1.));
#5534 = ORIENTED_EDGE('',*,*,#4171,.T.);
#5535 = ORIENTED_EDGE('',*,*,#5495,.F.);
#5536 = ORIENTED_EDGE('',*,*,#2018,.F.);
#5537 = SURFACE_OF_LINEAR_EXTRUSION('',#5538,#5543);
#5538 = B_SPLINE_CURVE_WITH_KNOTS('',3,(#5539,#5540,#5541,#5542),
  .UNSPECIFIED.,.F.,.F.,(4,4),(0.,1.),.PIECEWISE_BEZIER_KNOTS.);
#5539 = CARTESIAN_POINT('',(7.278317951181,-9.144838208167,0.));
#5540 = CARTESIAN_POINT('',(7.497403216011,-9.305200789911,0.));
#5541 = CARTESIAN_POINT('',(7.841459733546,-9.513142388342,0.));
#5542 = CARTESIAN_POINT('',(8.34417458043,-9.707496675203,0.));
#5543 = VECTOR('',#5544,1.);
#5544 = DIRECTION('',(-0.,-0.,-1.));
#5545 = ADVANCED_FACE('',(#5546),#5557,.F.);
#5546 = FACE_BOUND('',#5547,.F.);
#5547 = EDGE_LOOP('',(#5548,#5549,#5550,#5556));
#5548 = ORIENTED_EDGE('',*,*,#5514,.T.);
#5549 = ORIENTED_EDGE('',*,*,#2569,.T.);
#5550 = ORIENTED_EDGE('',*,*,#5551,.F.);
#5551 = EDGE_CURVE('',#417,#2570,#5552,.T.);
#5552 = LINE('',#5553,#5554);
#5553 = CARTESIAN_POINT('',(8.102401546879,7.86518021964,0.));
#5554 = VECTOR('',#5555,1.);
#5555 = DIRECTION('',(0.,0.,1.));
#5556 = ORIENTED_EDGE('',*,*,#416,.F.);
#5557 = CYLINDRICAL_SURFACE('',#5558,0.304);
#5558 = AXIS2_PLACEMENT_3D('',#5559,#5560,#5561);
#5559 = CARTESIAN_POINT('',(8.319730170874,7.652614302353,0.));
#5560 = DIRECTION('',(0.,0.,-1.));
#5561 = DIRECTION('',(-0.735828529985,-0.67716790714,-0.));
#5562 = ADVANCED_FACE('',(#5563),#5574,.F.);
#5563 = FACE_BOUND('',#5564,.F.);
#5564 = EDGE_LOOP('',(#5565,#5571,#5572,#5573));
#5565 = ORIENTED_EDGE('',*,*,#5566,.T.);
#5566 = EDGE_CURVE('',#2001,#4154,#5567,.T.);
#5567 = LINE('',#5568,#5569);
#5568 = CARTESIAN_POINT('',(6.975162356977,-8.880150945119,0.));
#5569 = VECTOR('',#5570,1.);
#5570 = DIRECTION('',(0.,0.,1.));
#5571 = ORIENTED_EDGE('',*,*,#4162,.T.);
#5572 = ORIENTED_EDGE('',*,*,#5529,.F.);
#5573 = ORIENTED_EDGE('',*,*,#2009,.F.);
#5574 = SURFACE_OF_LINEAR_EXTRUSION('',#5575,#5580);
#5575 = B_SPLINE_CURVE_WITH_KNOTS('',3,(#5576,#5577,#5578,#5579),
  .UNSPECIFIED.,.F.,.F.,(4,4),(0.,1.),.PIECEWISE_BEZIER_KNOTS.);
#5576 = CARTESIAN_POINT('',(6.975162356977,-8.880150945119,0.));
#5577 = CARTESIAN_POINT('',(7.004155796326,-8.913260771764,0.));
#5578 = CARTESIAN_POINT('',(7.095417413205,-9.010335593546,0.));
#5579 = CARTESIAN_POINT('',(7.278317951181,-9.144838208167,0.));
#5580 = VECTOR('',#5581,1.);
#5581 = DIRECTION('',(-0.,-0.,-1.));
#5582 = ADVANCED_FACE('',(#5583),#5594,.F.);
#5583 = FACE_BOUND('',#5584,.F.);
#5584 = EDGE_LOOP('',(#5585,#5586,#5587,#5593));
#5585 = ORIENTED_EDGE('',*,*,#5551,.T.);
#5586 = ORIENTED_EDGE('',*,*,#2578,.T.);
#5587 = ORIENTED_EDGE('',*,*,#5588,.F.);
#5588 = EDGE_CURVE('',#426,#2579,#5589,.T.);
#5589 = LINE('',#5590,#5591);
#5590 = CARTESIAN_POINT('',(8.333950437012,8.194342448633,0.));
#5591 = VECTOR('',#5592,1.);
#5592 = DIRECTION('',(0.,0.,1.));
#5593 = ORIENTED_EDGE('',*,*,#425,.F.);
#5594 = SURFACE_OF_LINEAR_EXTRUSION('',#5595,#5600);
#5595 = B_SPLINE_CURVE_WITH_KNOTS('',3,(#5596,#5597,#5598,#5599),
  .UNSPECIFIED.,.F.,.F.,(4,4),(0.,1.),.PIECEWISE_BEZIER_KNOTS.);
#5596 = CARTESIAN_POINT('',(8.102401546879,7.86518021964,0.));
#5597 = CARTESIAN_POINT('',(8.132299354769,7.897475749193,0.));
#5598 = CARTESIAN_POINT('',(8.219302953953,7.998384507329,0.));
#5599 = CARTESIAN_POINT('',(8.333950437012,8.194342448633,0.));
#5600 = VECTOR('',#5601,1.);
#5601 = DIRECTION('',(-0.,-0.,-1.));
#5602 = ADVANCED_FACE('',(#5603),#5614,.F.);
#5603 = FACE_BOUND('',#5604,.F.);
#5604 = EDGE_LOOP('',(#5605,#5611,#5612,#5613));
#5605 = ORIENTED_EDGE('',*,*,#5606,.T.);
#5606 = EDGE_CURVE('',#1992,#4145,#5607,.T.);
#5607 = LINE('',#5608,#5609);
#5608 = CARTESIAN_POINT('',(6.559694712288,-8.830085236371,0.));
#5609 = VECTOR('',#5610,1.);
#5610 = DIRECTION('',(0.,0.,1.));
#5611 = ORIENTED_EDGE('',*,*,#4153,.T.);
#5612 = ORIENTED_EDGE('',*,*,#5566,.F.);
#5613 = ORIENTED_EDGE('',*,*,#2000,.F.);
#5614 = CYLINDRICAL_SURFACE('',#5615,0.304);
#5615 = AXIS2_PLACEMENT_3D('',#5616,#5617,#5618);
#5616 = CARTESIAN_POINT('',(6.741043870935,-9.074069831495,0.));
#5617 = DIRECTION('',(0.,0.,-1.));
#5618 = DIRECTION('',(-0.596543285024,0.802580905014,0.));
#5619 = ADVANCED_FACE('',(#5620),#5631,.F.);
#5620 = FACE_BOUND('',#5621,.F.);
#5621 = EDGE_LOOP('',(#5622,#5623,#5624,#5630));
#5622 = ORIENTED_EDGE('',*,*,#5588,.T.);
#5623 = ORIENTED_EDGE('',*,*,#2587,.T.);
#5624 = ORIENTED_EDGE('',*,*,#5625,.F.);
#5625 = EDGE_CURVE('',#435,#2588,#5626,.T.);
#5626 = LINE('',#5627,#5628);
#5627 = CARTESIAN_POINT('',(8.782114246574,9.313174028647,0.));
#5628 = VECTOR('',#5629,1.);
#5629 = DIRECTION('',(0.,0.,1.));
#5630 = ORIENTED_EDGE('',*,*,#434,.F.);
#5631 = SURFACE_OF_LINEAR_EXTRUSION('',#5632,#5637);
#5632 = B_SPLINE_CURVE_WITH_KNOTS('',3,(#5633,#5634,#5635,#5636),
  .UNSPECIFIED.,.F.,.F.,(4,4),(0.,1.),.PIECEWISE_BEZIER_KNOTS.);
#5633 = CARTESIAN_POINT('',(8.333950437012,8.194342448633,0.));
#5634 = CARTESIAN_POINT('',(8.470533889697,8.428989995694,0.));
#5635 = CARTESIAN_POINT('',(8.641372663239,8.79289755136,0.));
#5636 = CARTESIAN_POINT('',(8.782114246574,9.313174028647,0.));
#5637 = VECTOR('',#5638,1.);
#5638 = DIRECTION('',(-0.,-0.,-1.));
#5639 = ADVANCED_FACE('',(#5640),#5651,.T.);
#5640 = FACE_BOUND('',#5641,.F.);
#5641 = EDGE_LOOP('',(#5642,#5648,#5649,#5650));
#5642 = ORIENTED_EDGE('',*,*,#5643,.T.);
#5643 = EDGE_CURVE('',#1983,#4136,#5644,.T.);
#5644 = LINE('',#5645,#5646);
#5645 = CARTESIAN_POINT('',(6.370852959484,-8.967286800846,0.));
#5646 = VECTOR('',#5647,1.);
#5647 = DIRECTION('',(0.,0.,1.));
#5648 = ORIENTED_EDGE('',*,*,#4144,.T.);
#5649 = ORIENTED_EDGE('',*,*,#5606,.F.);
#5650 = ORIENTED_EDGE('',*,*,#1991,.F.);
#5651 = CYLINDRICAL_SURFACE('',#5652,10.999999999939);
#5652 = AXIS2_PLACEMENT_3D('',#5653,#5654,#5655);
#5653 = CARTESIAN_POINT('',(3.5973E-11,-4.943246E-11,0.));
#5654 = DIRECTION('',(0.,0.,-1.));
#5655 = DIRECTION('',(0.579168450862,-0.815207890986,0.));
#5656 = ADVANCED_FACE('',(#5657),#5668,.T.);
#5657 = FACE_BOUND('',#5658,.F.);
#5658 = EDGE_LOOP('',(#5659,#5660,#5661,#5667));
#5659 = ORIENTED_EDGE('',*,*,#5625,.T.);
#5660 = ORIENTED_EDGE('',*,*,#2596,.T.);
#5661 = ORIENTED_EDGE('',*,*,#5662,.F.);
#5662 = EDGE_CURVE('',#444,#2597,#5663,.T.);
#5663 = LINE('',#5664,#5665);
#5664 = CARTESIAN_POINT('',(8.343419240892,9.707077591671,0.));
#5665 = VECTOR('',#5666,1.);
#5666 = DIRECTION('',(0.,0.,1.));
#5667 = ORIENTED_EDGE('',*,*,#443,.F.);
#5668 = CYLINDRICAL_SURFACE('',#5669,12.800000000025);
#5669 = AXIS2_PLACEMENT_3D('',#5670,#5671,#5672);
#5670 = CARTESIAN_POINT('',(1.335049891174E-02,-1.145906538452E-02,0.));
#5671 = DIRECTION('',(0.,0.,-1.));
#5672 = DIRECTION('',(0.685059667785,0.72848696047,0.));
#5673 = ADVANCED_FACE('',(#5674),#5685,.F.);
#5674 = FACE_BOUND('',#5675,.F.);
#5675 = EDGE_LOOP('',(#5676,#5682,#5683,#5684));
#5676 = ORIENTED_EDGE('',*,*,#5677,.T.);
#5677 = EDGE_CURVE('',#1974,#4127,#5678,.T.);
#5678 = LINE('',#5679,#5680);
#5679 = CARTESIAN_POINT('',(6.290284844009,-9.378245598577,0.));
#5680 = VECTOR('',#5681,1.);
#5681 = DIRECTION('',(0.,0.,1.));
#5682 = ORIENTED_EDGE('',*,*,#4135,.T.);
#5683 = ORIENTED_EDGE('',*,*,#5643,.F.);
#5684 = ORIENTED_EDGE('',*,*,#1982,.F.);
#5685 = CYLINDRICAL_SURFACE('',#5686,0.304);
#5686 = AXIS2_PLACEMENT_3D('',#5687,#5688,#5689);
#5687 = CARTESIAN_POINT('',(6.546841076788,-9.215166171848,0.));
#5688 = DIRECTION('',(0.,0.,-1.));
#5689 = DIRECTION('',(-0.843934976245,-0.536445482664,-0.));
#5690 = ADVANCED_FACE('',(#5691),#5702,.F.);
#5691 = FACE_BOUND('',#5692,.F.);
#5692 = EDGE_LOOP('',(#5693,#5694,#5695,#5701));
#5693 = ORIENTED_EDGE('',*,*,#5662,.T.);
#5694 = ORIENTED_EDGE('',*,*,#2605,.T.);
#5695 = ORIENTED_EDGE('',*,*,#5696,.F.);
#5696 = EDGE_CURVE('',#453,#2606,#5697,.T.);
#5697 = LINE('',#5698,#5699);
#5698 = CARTESIAN_POINT('',(7.278317951181,9.144838208167,0.));
#5699 = VECTOR('',#5700,1.);
#5700 = DIRECTION('',(0.,0.,1.));
#5701 = ORIENTED_EDGE('',*,*,#452,.F.);
#5702 = SURFACE_OF_LINEAR_EXTRUSION('',#5703,#5708);
#5703 = B_SPLINE_CURVE_WITH_KNOTS('',3,(#5704,#5705,#5706,#5707),
  .UNSPECIFIED.,.F.,.F.,(4,4),(0.,1.),.PIECEWISE_BEZIER_KNOTS.);
#5704 = CARTESIAN_POINT('',(8.343419240892,9.707077591671,0.));
#5705 = CARTESIAN_POINT('',(7.841459733546,9.513142388342,0.));
#5706 = CARTESIAN_POINT('',(7.497403216011,9.305200789911,0.));
#5707 = CARTESIAN_POINT('',(7.278317951181,9.144838208167,0.));
#5708 = VECTOR('',#5709,1.);
#5709 = DIRECTION('',(-0.,-0.,-1.));
#5710 = ADVANCED_FACE('',(#5711),#5722,.F.);
#5711 = FACE_BOUND('',#5712,.F.);
#5712 = EDGE_LOOP('',(#5713,#5719,#5720,#5721));
#5713 = ORIENTED_EDGE('',*,*,#5714,.T.);
#5714 = EDGE_CURVE('',#1965,#4118,#5715,.T.);
#5715 = LINE('',#5716,#5717);
#5716 = CARTESIAN_POINT('',(6.448134030963,-9.748002132272,0.));
#5717 = VECTOR('',#5718,1.);
#5718 = DIRECTION('',(0.,0.,1.));
#5719 = ORIENTED_EDGE('',*,*,#4126,.T.);
#5720 = ORIENTED_EDGE('',*,*,#5677,.F.);
#5721 = ORIENTED_EDGE('',*,*,#1973,.F.);
#5722 = SURFACE_OF_LINEAR_EXTRUSION('',#5723,#5728);
#5723 = B_SPLINE_CURVE_WITH_KNOTS('',3,(#5724,#5725,#5726,#5727),
  .UNSPECIFIED.,.F.,.F.,(4,4),(0.,1.),.PIECEWISE_BEZIER_KNOTS.);
#5724 = CARTESIAN_POINT('',(6.448134030963,-9.748002132272,0.));
#5725 = CARTESIAN_POINT('',(6.376733817384,-9.53248979009,0.));
#5726 = CARTESIAN_POINT('',(6.312611566109,-9.415697065013,0.));
#5727 = CARTESIAN_POINT('',(6.290284844009,-9.378245598577,0.));
#5728 = VECTOR('',#5729,1.);
#5729 = DIRECTION('',(-0.,-0.,-1.));
#5730 = ADVANCED_FACE('',(#5731),#5742,.F.);
#5731 = FACE_BOUND('',#5732,.F.);
#5732 = EDGE_LOOP('',(#5733,#5734,#5735,#5741));
#5733 = ORIENTED_EDGE('',*,*,#5696,.T.);
#5734 = ORIENTED_EDGE('',*,*,#2614,.T.);
#5735 = ORIENTED_EDGE('',*,*,#5736,.F.);
#5736 = EDGE_CURVE('',#462,#2615,#5737,.T.);
#5737 = LINE('',#5738,#5739);
#5738 = CARTESIAN_POINT('',(6.975436671685,8.88045365763,0.));
#5739 = VECTOR('',#5740,1.);
#5740 = DIRECTION('',(0.,0.,1.));
#5741 = ORIENTED_EDGE('',*,*,#461,.F.);
#5742 = SURFACE_OF_LINEAR_EXTRUSION('',#5743,#5748);
#5743 = B_SPLINE_CURVE_WITH_KNOTS('',3,(#5744,#5745,#5746,#5747),
  .UNSPECIFIED.,.F.,.F.,(4,4),(0.,1.),.PIECEWISE_BEZIER_KNOTS.);
#5744 = CARTESIAN_POINT('',(7.278317951181,9.144838208167,0.));
#5745 = CARTESIAN_POINT('',(7.095417413205,9.010335593546,0.));
#5746 = CARTESIAN_POINT('',(7.004155796326,8.913260771764,0.));
#5747 = CARTESIAN_POINT('',(6.975436671685,8.88045365763,0.));
#5748 = VECTOR('',#5749,1.);
#5749 = DIRECTION('',(-0.,-0.,-1.));
#5750 = ADVANCED_FACE('',(#5751),#5762,.F.);
#5751 = FACE_BOUND('',#5752,.F.);
#5752 = EDGE_LOOP('',(#5753,#5759,#5760,#5761));
#5753 = ORIENTED_EDGE('',*,*,#5754,.T.);
#5754 = EDGE_CURVE('',#1956,#4109,#5755,.T.);
#5755 = LINE('',#5756,#5757);
#5756 = CARTESIAN_POINT('',(6.653721061111,-10.93471517877,0.));
#5757 = VECTOR('',#5758,1.);
#5758 = DIRECTION('',(0.,0.,1.));
#5759 = ORIENTED_EDGE('',*,*,#4117,.T.);
#5760 = ORIENTED_EDGE('',*,*,#5714,.F.);
#5761 = ORIENTED_EDGE('',*,*,#1964,.F.);
#5762 = SURFACE_OF_LINEAR_EXTRUSION('',#5763,#5768);
#5763 = B_SPLINE_CURVE_WITH_KNOTS('',3,(#5764,#5765,#5766,#5767),
  .UNSPECIFIED.,.F.,.F.,(4,4),(0.,1.),.PIECEWISE_BEZIER_KNOTS.);
#5764 = CARTESIAN_POINT('',(6.653721061111,-10.93471517877,0.));
#5765 = CARTESIAN_POINT('',(6.624391740504,-10.39739404476,0.));
#5766 = CARTESIAN_POINT('',(6.532946839251,-10.00591936403,0.));
#5767 = CARTESIAN_POINT('',(6.448134030963,-9.748002132272,0.));
#5768 = VECTOR('',#5769,1.);
#5769 = DIRECTION('',(-0.,-0.,-1.));
#5770 = ADVANCED_FACE('',(#5771),#5782,.F.);
#5771 = FACE_BOUND('',#5772,.F.);
#5772 = EDGE_LOOP('',(#5773,#5774,#5775,#5781));
#5773 = ORIENTED_EDGE('',*,*,#5736,.T.);
#5774 = ORIENTED_EDGE('',*,*,#2623,.T.);
#5775 = ORIENTED_EDGE('',*,*,#5776,.F.);
#5776 = EDGE_CURVE('',#471,#2624,#5777,.T.);
#5777 = LINE('',#5778,#5779);
#5778 = CARTESIAN_POINT('',(6.559694712288,8.830085236371,0.));
#5779 = VECTOR('',#5780,1.);
#5780 = DIRECTION('',(0.,0.,1.));
#5781 = ORIENTED_EDGE('',*,*,#470,.F.);
#5782 = CYLINDRICAL_SURFACE('',#5783,0.304);
#5783 = AXIS2_PLACEMENT_3D('',#5784,#5785,#5786);
#5784 = CARTESIAN_POINT('',(6.741058684279,9.074058820318,0.));
#5785 = DIRECTION('',(0.,0.,-1.));
#5786 = DIRECTION('',(0.770980221732,-0.636859087788,0.));
#5787 = ADVANCED_FACE('',(#5788),#5799,.T.);
#5788 = FACE_BOUND('',#5789,.F.);
#5789 = EDGE_LOOP('',(#5790,#5796,#5797,#5798));
#5790 = ORIENTED_EDGE('',*,*,#5791,.T.);
#5791 = EDGE_CURVE('',#1947,#4100,#5792,.T.);
#5792 = LINE('',#5793,#5794);
#5793 = CARTESIAN_POINT('',(6.143532298602,-11.23021602747,0.));
#5794 = VECTOR('',#5795,1.);
#5795 = DIRECTION('',(0.,0.,1.));
#5796 = ORIENTED_EDGE('',*,*,#4108,.T.);
#5797 = ORIENTED_EDGE('',*,*,#5754,.F.);
#5798 = ORIENTED_EDGE('',*,*,#1955,.F.);
#5799 = CYLINDRICAL_SURFACE('',#5800,12.800000000002);
#5800 = AXIS2_PLACEMENT_3D('',#5801,#5802,#5803);
#5801 = CARTESIAN_POINT('',(-1.502374984025E-02,-9.156033062002E-03,0.)
  );
#5802 = DIRECTION('',(0.,0.,-1.));
#5803 = DIRECTION('',(0.481137191284,-0.876645312063,0.));
#5804 = ADVANCED_FACE('',(#5805),#5816,.T.);
#5805 = FACE_BOUND('',#5806,.F.);
#5806 = EDGE_LOOP('',(#5807,#5808,#5809,#5815));
#5807 = ORIENTED_EDGE('',*,*,#5776,.T.);
#5808 = ORIENTED_EDGE('',*,*,#2632,.T.);
#5809 = ORIENTED_EDGE('',*,*,#5810,.F.);
#5810 = EDGE_CURVE('',#480,#2633,#5811,.T.);
#5811 = LINE('',#5812,#5813);
#5812 = CARTESIAN_POINT('',(6.370852959484,8.967286800846,0.));
#5813 = VECTOR('',#5814,1.);
#5814 = DIRECTION('',(0.,0.,1.));
#5815 = ORIENTED_EDGE('',*,*,#479,.F.);
#5816 = CYLINDRICAL_SURFACE('',#5817,11.000000000026);
#5817 = AXIS2_PLACEMENT_3D('',#5818,#5819,#5820);
#5818 = CARTESIAN_POINT('',(-1.55076E-11,-2.128342E-11,0.));
#5819 = DIRECTION('',(0.,0.,-1.));
#5820 = DIRECTION('',(0.596335882935,0.802735021488,0.));
#5821 = ADVANCED_FACE('',(#5822),#5833,.F.);
#5822 = FACE_BOUND('',#5823,.F.);
#5823 = EDGE_LOOP('',(#5824,#5830,#5831,#5832));
#5824 = ORIENTED_EDGE('',*,*,#5825,.T.);
#5825 = EDGE_CURVE('',#1938,#4091,#5826,.T.);
#5826 = LINE('',#5827,#5828);
#5827 = CARTESIAN_POINT('',(5.217950467211,-10.45824894395,0.));
#5828 = VECTOR('',#5829,1.);
#5829 = DIRECTION('',(0.,0.,1.));
#5830 = ORIENTED_EDGE('',*,*,#4099,.T.);
#5831 = ORIENTED_EDGE('',*,*,#5791,.F.);
#5832 = ORIENTED_EDGE('',*,*,#1946,.F.);
#5833 = SURFACE_OF_LINEAR_EXTRUSION('',#5834,#5839);
#5834 = B_SPLINE_CURVE_WITH_KNOTS('',3,(#5835,#5836,#5837,#5838),
  .UNSPECIFIED.,.F.,.F.,(4,4),(0.,1.),.PIECEWISE_BEZIER_KNOTS.);
#5835 = CARTESIAN_POINT('',(5.217950467211,-10.45824894395,0.));
#5836 = CARTESIAN_POINT('',(5.398906937846,-10.66065760638,0.));
#5837 = CARTESIAN_POINT('',(5.692211505668,-10.93558855427,0.));
#5838 = CARTESIAN_POINT('',(6.143532298602,-11.23021602747,0.));
#5839 = VECTOR('',#5840,1.);
#5840 = DIRECTION('',(-0.,-0.,-1.));
#5841 = ADVANCED_FACE('',(#5842),#5853,.F.);
#5842 = FACE_BOUND('',#5843,.F.);
#5843 = EDGE_LOOP('',(#5844,#5845,#5846,#5852));
#5844 = ORIENTED_EDGE('',*,*,#5810,.T.);
#5845 = ORIENTED_EDGE('',*,*,#2641,.T.);
#5846 = ORIENTED_EDGE('',*,*,#5847,.F.);
#5847 = EDGE_CURVE('',#489,#2642,#5848,.T.);
#5848 = LINE('',#5849,#5850);
#5849 = CARTESIAN_POINT('',(6.29008171521,9.377891166476,0.));
#5850 = VECTOR('',#5851,1.);
#5851 = DIRECTION('',(0.,0.,1.));
#5852 = ORIENTED_EDGE('',*,*,#488,.F.);
#5853 = CYLINDRICAL_SURFACE('',#5854,0.304);
#5854 = AXIS2_PLACEMENT_3D('',#5855,#5856,#5857);
#5855 = CARTESIAN_POINT('',(6.546856126615,9.215155486162,0.));
#5856 = DIRECTION('',(0.,0.,-1.));
#5857 = DIRECTION('',(-0.578957786615,-0.815357517484,-0.));
#5858 = ADVANCED_FACE('',(#5859),#5870,.F.);
#5859 = FACE_BOUND('',#5860,.F.);
#5860 = EDGE_LOOP('',(#5861,#5867,#5868,#5869));
#5861 = ORIENTED_EDGE('',*,*,#5862,.T.);
#5862 = EDGE_CURVE('',#1929,#4082,#5863,.T.);
#5863 = LINE('',#5864,#5865);
#5864 = CARTESIAN_POINT('',(4.976451126489,-10.13631614049,0.));
#5865 = VECTOR('',#5866,1.);
#5866 = DIRECTION('',(0.,0.,1.));
#5867 = ORIENTED_EDGE('',*,*,#4090,.T.);
#5868 = ORIENTED_EDGE('',*,*,#5825,.F.);
#5869 = ORIENTED_EDGE('',*,*,#1937,.F.);
#5870 = SURFACE_OF_LINEAR_EXTRUSION('',#5871,#5876);
#5871 = B_SPLINE_CURVE_WITH_KNOTS('',3,(#5872,#5873,#5874,#5875),
  .UNSPECIFIED.,.F.,.F.,(4,4),(0.,1.),.PIECEWISE_BEZIER_KNOTS.);
#5872 = CARTESIAN_POINT('',(4.976451126489,-10.13631614049,0.));
#5873 = CARTESIAN_POINT('',(4.997927069585,-10.17473051298,0.));
#5874 = CARTESIAN_POINT('',(5.067011410842,-10.28865837407,0.));
#5875 = CARTESIAN_POINT('',(5.217950467211,-10.45824894395,0.));
#5876 = VECTOR('',#5877,1.);
#5877 = DIRECTION('',(-0.,-0.,-1.));
#5878 = ADVANCED_FACE('',(#5879),#5890,.F.);
#5879 = FACE_BOUND('',#5880,.F.);
#5880 = EDGE_LOOP('',(#5881,#5882,#5883,#5889));
#5881 = ORIENTED_EDGE('',*,*,#5847,.T.);
#5882 = ORIENTED_EDGE('',*,*,#2650,.T.);
#5883 = ORIENTED_EDGE('',*,*,#5884,.F.);
#5884 = EDGE_CURVE('',#498,#2651,#5885,.T.);
#5885 = LINE('',#5886,#5887);
#5886 = CARTESIAN_POINT('',(6.448134030963,9.748002132272,0.));
#5887 = VECTOR('',#5888,1.);
#5888 = DIRECTION('',(0.,0.,1.));
#5889 = ORIENTED_EDGE('',*,*,#497,.F.);
#5890 = SURFACE_OF_LINEAR_EXTRUSION('',#5891,#5896);
#5891 = B_SPLINE_CURVE_WITH_KNOTS('',3,(#5892,#5893,#5894,#5895),
  .UNSPECIFIED.,.F.,.F.,(4,4),(0.,1.),.PIECEWISE_BEZIER_KNOTS.);
#5892 = CARTESIAN_POINT('',(6.29008171521,9.377891166476,0.));
#5893 = CARTESIAN_POINT('',(6.312611566109,9.415697065013,0.));
#5894 = CARTESIAN_POINT('',(6.376733817384,9.53248979009,0.));
#5895 = CARTESIAN_POINT('',(6.448134030963,9.748002132272,0.));
#5896 = VECTOR('',#5897,1.);
#5897 = DIRECTION('',(-0.,-0.,-1.));
#5898 = ADVANCED_FACE('',(#5899),#5910,.F.);
#5899 = FACE_BOUND('',#5900,.F.);
#5900 = EDGE_LOOP('',(#5901,#5907,#5908,#5909));
#5901 = ORIENTED_EDGE('',*,*,#5902,.T.);
#5902 = EDGE_CURVE('',#1920,#4073,#5903,.T.);
#5903 = LINE('',#5904,#5905);
#5904 = CARTESIAN_POINT('',(4.580471692812,-10.00096390711,0.));
#5905 = VECTOR('',#5906,1.);
#5906 = DIRECTION('',(0.,0.,1.));
#5907 = ORIENTED_EDGE('',*,*,#4081,.T.);
#5908 = ORIENTED_EDGE('',*,*,#5862,.F.);
#5909 = ORIENTED_EDGE('',*,*,#1928,.F.);
#5910 = CYLINDRICAL_SURFACE('',#5911,0.304);
#5911 = AXIS2_PLACEMENT_3D('',#5912,#5913,#5914);
#5912 = CARTESIAN_POINT('',(4.707130687532,-10.27732146365,0.));
#5913 = DIRECTION('',(0.,0.,-1.));
#5914 = DIRECTION('',(-0.41664143,0.90907090967,0.));
#5915 = ADVANCED_FACE('',(#5916),#5927,.F.);
#5916 = FACE_BOUND('',#5917,.F.);
#5917 = EDGE_LOOP('',(#5918,#5919,#5920,#5926));
#5918 = ORIENTED_EDGE('',*,*,#5884,.T.);
#5919 = ORIENTED_EDGE('',*,*,#2659,.T.);
#5920 = ORIENTED_EDGE('',*,*,#5921,.F.);
#5921 = EDGE_CURVE('',#507,#2660,#5922,.T.);
#5922 = LINE('',#5923,#5924);
#5923 = CARTESIAN_POINT('',(6.653886220481,10.935563053298,0.));
#5924 = VECTOR('',#5925,1.);
#5925 = DIRECTION('',(0.,0.,1.));
#5926 = ORIENTED_EDGE('',*,*,#506,.F.);
#5927 = SURFACE_OF_LINEAR_EXTRUSION('',#5928,#5933);
#5928 = B_SPLINE_CURVE_WITH_KNOTS('',3,(#5929,#5930,#5931,#5932),
  .UNSPECIFIED.,.F.,.F.,(4,4),(0.,1.),.PIECEWISE_BEZIER_KNOTS.);
#5929 = CARTESIAN_POINT('',(6.448134030963,9.748002132272,0.));
#5930 = CARTESIAN_POINT('',(6.532946839251,10.005919364033,0.));
#5931 = CARTESIAN_POINT('',(6.624391740504,10.397394044761,0.));
#5932 = CARTESIAN_POINT('',(6.653886220481,10.935563053298,0.));
#5933 = VECTOR('',#5934,1.);
#5934 = DIRECTION('',(-0.,-0.,-1.));
#5935 = ADVANCED_FACE('',(#5936),#5947,.T.);
#5936 = FACE_BOUND('',#5937,.F.);
#5937 = EDGE_LOOP('',(#5938,#5944,#5945,#5946));
#5938 = ORIENTED_EDGE('',*,*,#5939,.T.);
#5939 = EDGE_CURVE('',#1911,#4064,#5940,.T.);
#5940 = LINE('',#5941,#5942);
#5941 = CARTESIAN_POINT('',(4.367230776135,-10.09590488009,0.));
#5942 = VECTOR('',#5943,1.);
#5943 = DIRECTION('',(0.,0.,1.));
#5944 = ORIENTED_EDGE('',*,*,#4072,.T.);
#5945 = ORIENTED_EDGE('',*,*,#5902,.F.);
#5946 = ORIENTED_EDGE('',*,*,#1919,.F.);
#5947 = CYLINDRICAL_SURFACE('',#5948,11.000000000036);
#5948 = AXIS2_PLACEMENT_3D('',#5949,#5950,#5951);
#5949 = CARTESIAN_POINT('',(-1.457723E-11,3.293543E-11,0.));
#5950 = DIRECTION('',(0.,0.,-1.));
#5951 = DIRECTION('',(0.397020979649,-0.917809534554,0.));
#5952 = ADVANCED_FACE('',(#5953),#5964,.T.);
#5953 = FACE_BOUND('',#5954,.F.);
#5954 = EDGE_LOOP('',(#5955,#5956,#5957,#5963));
#5955 = ORIENTED_EDGE('',*,*,#5921,.T.);
#5956 = ORIENTED_EDGE('',*,*,#2668,.T.);
#5957 = ORIENTED_EDGE('',*,*,#5958,.F.);
#5958 = EDGE_CURVE('',#516,#2669,#5959,.T.);
#5959 = LINE('',#5960,#5961);
#5960 = CARTESIAN_POINT('',(6.142880597411,11.229649058005,0.));
#5961 = VECTOR('',#5962,1.);
#5962 = DIRECTION('',(0.,0.,1.));
#5963 = ORIENTED_EDGE('',*,*,#515,.F.);
#5964 = CYLINDRICAL_SURFACE('',#5965,12.799999999987);
#5965 = AXIS2_PLACEMENT_3D('',#5966,#5967,#5968);
#5966 = CARTESIAN_POINT('',(1.544123215753E-02,-8.432932477264E-03,0.));
#5967 = DIRECTION('',(0.,0.,-1.));
#5968 = DIRECTION('',(0.518628514713,0.85499968639,0.));
#5969 = ADVANCED_FACE('',(#5970),#5981,.F.);
#5970 = FACE_BOUND('',#5971,.F.);
#5971 = EDGE_LOOP('',(#5972,#5978,#5979,#5980));
#5972 = ORIENTED_EDGE('',*,*,#5973,.T.);
#5973 = EDGE_CURVE('',#1902,#4055,#5974,.T.);
#5974 = LINE('',#5975,#5976);
#5975 = CARTESIAN_POINT('',(4.202980128795,-10.48113218898,0.));
#5976 = VECTOR('',#5977,1.);
#5977 = DIRECTION('',(0.,0.,1.));
#5978 = ORIENTED_EDGE('',*,*,#4063,.T.);
#5979 = ORIENTED_EDGE('',*,*,#5939,.F.);
#5980 = ORIENTED_EDGE('',*,*,#1910,.F.);
#5981 = CYLINDRICAL_SURFACE('',#5982,0.304);
#5982 = AXIS2_PLACEMENT_3D('',#5983,#5984,#5985);
#5983 = CARTESIAN_POINT('',(4.48783611169,-10.37495747914,0.));
#5984 = DIRECTION('',(0.,0.,-1.));
#5985 = DIRECTION('',(-0.937026259521,-0.349258913941,-0.));
#5986 = ADVANCED_FACE('',(#5987),#5998,.F.);
#5987 = FACE_BOUND('',#5988,.F.);
#5988 = EDGE_LOOP('',(#5989,#5990,#5991,#5997));
#5989 = ORIENTED_EDGE('',*,*,#5958,.T.);
#5990 = ORIENTED_EDGE('',*,*,#2677,.T.);
#5991 = ORIENTED_EDGE('',*,*,#5992,.F.);
#5992 = EDGE_CURVE('',#525,#2678,#5993,.T.);
#5993 = LINE('',#5994,#5995);
#5994 = CARTESIAN_POINT('',(5.217950467211,10.458248943957,0.));
#5995 = VECTOR('',#5996,1.);
#5996 = DIRECTION('',(0.,0.,1.));
#5997 = ORIENTED_EDGE('',*,*,#524,.F.);
#5998 = SURFACE_OF_LINEAR_EXTRUSION('',#5999,#6004);
#5999 = B_SPLINE_CURVE_WITH_KNOTS('',3,(#6000,#6001,#6002,#6003),
  .UNSPECIFIED.,.F.,.F.,(4,4),(0.,1.),.PIECEWISE_BEZIER_KNOTS.);
#6000 = CARTESIAN_POINT('',(6.142880597411,11.229649058005,0.));
#6001 = CARTESIAN_POINT('',(5.692211505668,10.935588554276,0.));
#6002 = CARTESIAN_POINT('',(5.398906937846,10.660657606381,0.));
#6003 = CARTESIAN_POINT('',(5.217950467211,10.458248943957,0.));
#6004 = VECTOR('',#6005,1.);
#6005 = DIRECTION('',(-0.,-0.,-1.));
#6006 = ADVANCED_FACE('',(#6007),#6018,.F.);
#6007 = FACE_BOUND('',#6008,.F.);
#6008 = EDGE_LOOP('',(#6009,#6015,#6016,#6017));
#6009 = ORIENTED_EDGE('',*,*,#6010,.T.);
#6010 = EDGE_CURVE('',#1893,#4046,#6011,.T.);
#6011 = LINE('',#6012,#6013);
#6012 = CARTESIAN_POINT('',(4.28050322618,-10.87562734662,0.));
#6013 = VECTOR('',#6014,1.);
#6014 = DIRECTION('',(0.,0.,1.));
#6015 = ORIENTED_EDGE('',*,*,#4054,.T.);
#6016 = ORIENTED_EDGE('',*,*,#5973,.F.);
#6017 = ORIENTED_EDGE('',*,*,#1901,.F.);
#6018 = SURFACE_OF_LINEAR_EXTRUSION('',#6019,#6024);
#6019 = B_SPLINE_CURVE_WITH_KNOTS('',3,(#6020,#6021,#6022,#6023),
  .UNSPECIFIED.,.F.,.F.,(4,4),(0.,1.),.PIECEWISE_BEZIER_KNOTS.);
#6020 = CARTESIAN_POINT('',(4.28050322618,-10.87562734662,0.));
#6021 = CARTESIAN_POINT('',(4.255470814031,-10.64997952706,0.));
#6022 = CARTESIAN_POINT('',(4.21703236074,-10.52240723756,0.));
#6023 = CARTESIAN_POINT('',(4.202980128795,-10.48113218898,0.));
#6024 = VECTOR('',#6025,1.);
#6025 = DIRECTION('',(-0.,-0.,-1.));
#6026 = ADVANCED_FACE('',(#6027),#6038,.F.);
#6027 = FACE_BOUND('',#6028,.F.);
#6028 = EDGE_LOOP('',(#6029,#6030,#6031,#6037));
#6029 = ORIENTED_EDGE('',*,*,#5992,.T.);
#6030 = ORIENTED_EDGE('',*,*,#2686,.T.);
#6031 = ORIENTED_EDGE('',*,*,#6032,.F.);
#6032 = EDGE_CURVE('',#534,#2687,#6033,.T.);
#6033 = LINE('',#6034,#6035);
#6034 = CARTESIAN_POINT('',(4.976656509293,10.136669271241,0.));
#6035 = VECTOR('',#6036,1.);
#6036 = DIRECTION('',(0.,0.,1.));
#6037 = ORIENTED_EDGE('',*,*,#533,.F.);
#6038 = SURFACE_OF_LINEAR_EXTRUSION('',#6039,#6044);
#6039 = B_SPLINE_CURVE_WITH_KNOTS('',3,(#6040,#6041,#6042,#6043),
  .UNSPECIFIED.,.F.,.F.,(4,4),(0.,1.),.PIECEWISE_BEZIER_KNOTS.);
#6040 = CARTESIAN_POINT('',(5.217950467211,10.458248943957,0.));
#6041 = CARTESIAN_POINT('',(5.067011410842,10.288658374071,0.));
#6042 = CARTESIAN_POINT('',(4.997927069585,10.174730512981,0.));
#6043 = CARTESIAN_POINT('',(4.976656509293,10.136669271241,0.));
#6044 = VECTOR('',#6045,1.);
#6045 = DIRECTION('',(-0.,-0.,-1.));
#6046 = ADVANCED_FACE('',(#6047),#6058,.F.);
#6047 = FACE_BOUND('',#6048,.F.);
#6048 = EDGE_LOOP('',(#6049,#6055,#6056,#6057));
#6049 = ORIENTED_EDGE('',*,*,#6050,.T.);
#6050 = EDGE_CURVE('',#1884,#4037,#6051,.T.);
#6051 = LINE('',#6052,#6053);
#6052 = CARTESIAN_POINT('',(4.234866170448,-12.07915181287,0.));
#6053 = VECTOR('',#6054,1.);
#6054 = DIRECTION('',(0.,0.,1.));
#6055 = ORIENTED_EDGE('',*,*,#4045,.T.);
#6056 = ORIENTED_EDGE('',*,*,#6010,.F.);
#6057 = ORIENTED_EDGE('',*,*,#1892,.F.);
#6058 = SURFACE_OF_LINEAR_EXTRUSION('',#6059,#6064);
#6059 = B_SPLINE_CURVE_WITH_KNOTS('',3,(#6060,#6061,#6062,#6063),
  .UNSPECIFIED.,.F.,.F.,(4,4),(0.,1.),.PIECEWISE_BEZIER_KNOTS.);
#6060 = CARTESIAN_POINT('',(4.234866170448,-12.07915181287,0.));
#6061 = CARTESIAN_POINT('',(4.31789311135,-11.54747452617,0.));
#6062 = CARTESIAN_POINT('',(4.309838663372,-11.14554204243,0.));
#6063 = CARTESIAN_POINT('',(4.28050322618,-10.87562734662,0.));
#6064 = VECTOR('',#6065,1.);
#6065 = DIRECTION('',(-0.,-0.,-1.));
#6066 = ADVANCED_FACE('',(#6067),#6078,.F.);
#6067 = FACE_BOUND('',#6068,.F.);
#6068 = EDGE_LOOP('',(#6069,#6070,#6071,#6077));
#6069 = ORIENTED_EDGE('',*,*,#6032,.T.);
#6070 = ORIENTED_EDGE('',*,*,#2695,.T.);
#6071 = ORIENTED_EDGE('',*,*,#6072,.F.);
#6072 = EDGE_CURVE('',#543,#2696,#6073,.T.);
#6073 = LINE('',#6074,#6075);
#6074 = CARTESIAN_POINT('',(4.580471692812,10.000963907112,0.));
#6075 = VECTOR('',#6076,1.);
#6076 = DIRECTION('',(0.,0.,1.));
#6077 = ORIENTED_EDGE('',*,*,#542,.F.);
#6078 = CYLINDRICAL_SURFACE('',#6079,0.304);
#6079 = AXIS2_PLACEMENT_3D('',#6080,#6081,#6082);
#6080 = CARTESIAN_POINT('',(4.707147466521,10.277313772961,0.));
#6081 = DIRECTION('',(0.,0.,-1.));
#6082 = DIRECTION('',(0.886542903855,-0.462646387238,0.));
#6083 = ADVANCED_FACE('',(#6084),#6095,.T.);
#6084 = FACE_BOUND('',#6085,.F.);
#6085 = EDGE_LOOP('',(#6086,#6092,#6093,#6094));
#6086 = ORIENTED_EDGE('',*,*,#6087,.T.);
#6087 = EDGE_CURVE('',#1875,#4028,#6088,.T.);
#6088 = LINE('',#6089,#6090);
#6089 = CARTESIAN_POINT('',(3.674388175387,-12.26212105079,0.));
#6090 = VECTOR('',#6091,1.);
#6091 = DIRECTION('',(0.,0.,1.));
#6092 = ORIENTED_EDGE('',*,*,#4036,.T.);
#6093 = ORIENTED_EDGE('',*,*,#6050,.F.);
#6094 = ORIENTED_EDGE('',*,*,#1883,.F.);
#6095 = CYLINDRICAL_SURFACE('',#6096,12.799999999997);
#6096 = AXIS2_PLACEMENT_3D('',#6097,#6098,#6099);
#6097 = CARTESIAN_POINT('',(-1.659909117375E-02,-5.832338545115E-03,0.)
  );
#6098 = DIRECTION('',(0.,0.,-1.));
#6099 = DIRECTION('',(0.2883583802,-0.957522555645,0.));
#6100 = ADVANCED_FACE('',(#6101),#6112,.T.);
#6101 = FACE_BOUND('',#6102,.F.);
#6102 = EDGE_LOOP('',(#6103,#6104,#6105,#6111));
#6103 = ORIENTED_EDGE('',*,*,#6072,.T.);
#6104 = ORIENTED_EDGE('',*,*,#2704,.T.);
#6105 = ORIENTED_EDGE('',*,*,#6106,.F.);
#6106 = EDGE_CURVE('',#552,#2705,#6107,.T.);
#6107 = LINE('',#6108,#6109);
#6108 = CARTESIAN_POINT('',(4.367230776135,10.095904880097,0.));
#6109 = VECTOR('',#6110,1.);
#6110 = DIRECTION('',(0.,0.,1.));
#6111 = ORIENTED_EDGE('',*,*,#551,.F.);
#6112 = CYLINDRICAL_SURFACE('',#6113,10.999999999993);
#6113 = AXIS2_PLACEMENT_3D('',#6114,#6115,#6116);
#6114 = CARTESIAN_POINT('',(3.03313E-12,6.79723E-12,0.));
#6115 = DIRECTION('',(0.,0.,-1.));
#6116 = DIRECTION('',(0.416406517528,0.90917853701,0.));
#6117 = ADVANCED_FACE('',(#6118),#6129,.F.);
#6118 = FACE_BOUND('',#6119,.F.);
#6119 = EDGE_LOOP('',(#6120,#6126,#6127,#6128));
#6120 = ORIENTED_EDGE('',*,*,#6121,.T.);
#6121 = EDGE_CURVE('',#1866,#4019,#6122,.T.);
#6122 = LINE('',#6123,#6124);
#6123 = CARTESIAN_POINT('',(2.929533509319,-11.31458401664,0.));
#6124 = VECTOR('',#6125,1.);
#6125 = DIRECTION('',(0.,0.,1.));
#6126 = ORIENTED_EDGE('',*,*,#4027,.T.);
#6127 = ORIENTED_EDGE('',*,*,#6087,.F.);
#6128 = ORIENTED_EDGE('',*,*,#1874,.F.);
#6129 = SURFACE_OF_LINEAR_EXTRUSION('',#6130,#6135);
#6130 = B_SPLINE_CURVE_WITH_KNOTS('',3,(#6131,#6132,#6133,#6134),
  .UNSPECIFIED.,.F.,.F.,(4,4),(0.,1.),.PIECEWISE_BEZIER_KNOTS.);
#6131 = CARTESIAN_POINT('',(2.929533509319,-11.31458401664,0.));
#6132 = CARTESIAN_POINT('',(3.064452519667,-11.55019252994,0.));
#6133 = CARTESIAN_POINT('',(3.294186320732,-11.88009702561,0.));
#6134 = CARTESIAN_POINT('',(3.674388175387,-12.26212105079,0.));
#6135 = VECTOR('',#6136,1.);
#6136 = DIRECTION('',(-0.,-0.,-1.));
#6137 = ADVANCED_FACE('',(#6138),#6149,.F.);
#6138 = FACE_BOUND('',#6139,.F.);
#6139 = EDGE_LOOP('',(#6140,#6141,#6142,#6148));
#6140 = ORIENTED_EDGE('',*,*,#6106,.T.);
#6141 = ORIENTED_EDGE('',*,*,#2713,.T.);
#6142 = ORIENTED_EDGE('',*,*,#6143,.F.);
#6143 = EDGE_CURVE('',#561,#2714,#6144,.T.);
#6144 = LINE('',#6145,#6146);
#6145 = CARTESIAN_POINT('',(4.202855129425,10.480743269222,0.));
#6146 = VECTOR('',#6147,1.);
#6147 = DIRECTION('',(0.,0.,1.));
#6148 = ORIENTED_EDGE('',*,*,#560,.F.);
#6149 = CYLINDRICAL_SURFACE('',#6150,0.304);
#6150 = AXIS2_PLACEMENT_3D('',#6151,#6152,#6153);
#6151 = CARTESIAN_POINT('',(4.487853054321,10.374950156003,0.));
#6152 = DIRECTION('',(0.,0.,-1.));
#6153 = DIRECTION('',(-0.396783809823,-0.917912091795,-0.));
#6154 = ADVANCED_FACE('',(#6155),#6166,.F.);
#6155 = FACE_BOUND('',#6156,.F.);
#6156 = EDGE_LOOP('',(#6157,#6163,#6164,#6165));
#6157 = ORIENTED_EDGE('',*,*,#6158,.T.);
#6158 = EDGE_CURVE('',#1857,#4010,#6159,.T.);
#6159 = LINE('',#6160,#6161);
#6160 = CARTESIAN_POINT('',(2.760245102112,-10.94947568107,0.));
#6161 = VECTOR('',#6162,1.);
#6162 = DIRECTION('',(0.,0.,1.));
#6163 = ORIENTED_EDGE('',*,*,#4018,.T.);
#6164 = ORIENTED_EDGE('',*,*,#6121,.F.);
#6165 = ORIENTED_EDGE('',*,*,#1865,.F.);
#6166 = SURFACE_OF_LINEAR_EXTRUSION('',#6167,#6172);
#6167 = B_SPLINE_CURVE_WITH_KNOTS('',3,(#6168,#6169,#6170,#6171),
  .UNSPECIFIED.,.F.,.F.,(4,4),(0.,1.),.PIECEWISE_BEZIER_KNOTS.);
#6168 = CARTESIAN_POINT('',(2.760245102112,-10.94947568107,0.));
#6169 = CARTESIAN_POINT('',(2.773264947188,-10.991515707,0.));
#6170 = CARTESIAN_POINT('',(2.817152695606,-11.11731741318,0.));
#6171 = CARTESIAN_POINT('',(2.929533509319,-11.31458401664,0.));
#6172 = VECTOR('',#6173,1.);
#6173 = DIRECTION('',(-0.,-0.,-1.));
#6174 = ADVANCED_FACE('',(#6175),#6186,.F.);
#6175 = FACE_BOUND('',#6176,.F.);
#6176 = EDGE_LOOP('',(#6177,#6178,#6179,#6185));
#6177 = ORIENTED_EDGE('',*,*,#6143,.T.);
#6178 = ORIENTED_EDGE('',*,*,#2722,.T.);
#6179 = ORIENTED_EDGE('',*,*,#6180,.F.);
#6180 = EDGE_CURVE('',#570,#2723,#6181,.T.);
#6181 = LINE('',#6182,#6183);
#6182 = CARTESIAN_POINT('',(4.28050322618,10.875627346627,0.));
#6183 = VECTOR('',#6184,1.);
#6184 = DIRECTION('',(0.,0.,1.));
#6185 = ORIENTED_EDGE('',*,*,#569,.F.);
#6186 = SURFACE_OF_LINEAR_EXTRUSION('',#6187,#6192);
#6187 = B_SPLINE_CURVE_WITH_KNOTS('',3,(#6188,#6189,#6190,#6191),
  .UNSPECIFIED.,.F.,.F.,(4,4),(0.,1.),.PIECEWISE_BEZIER_KNOTS.);
#6188 = CARTESIAN_POINT('',(4.202855129425,10.480743269222,0.));
#6189 = CARTESIAN_POINT('',(4.21703236074,10.522407237564,0.));
#6190 = CARTESIAN_POINT('',(4.255470814031,10.649979527063,0.));
#6191 = CARTESIAN_POINT('',(4.28050322618,10.875627346627,0.));
#6192 = VECTOR('',#6193,1.);
#6193 = DIRECTION('',(-0.,-0.,-1.));
#6194 = ADVANCED_FACE('',(#6195),#6206,.F.);
#6195 = FACE_BOUND('',#6196,.F.);
#6196 = EDGE_LOOP('',(#6197,#6203,#6204,#6205));
#6197 = ORIENTED_EDGE('',*,*,#6198,.T.);
#6198 = EDGE_CURVE('',#1848,#4001,#6199,.T.);
#6199 = LINE('',#6200,#6201);
#6200 = CARTESIAN_POINT('',(2.401060080818,-10.73475246516,0.));
#6201 = VECTOR('',#6202,1.);
#6202 = DIRECTION('',(0.,0.,1.));
#6203 = ORIENTED_EDGE('',*,*,#4009,.T.);
#6204 = ORIENTED_EDGE('',*,*,#6158,.F.);
#6205 = ORIENTED_EDGE('',*,*,#1856,.F.);
#6206 = CYLINDRICAL_SURFACE('',#6207,0.304);
#6207 = AXIS2_PLACEMENT_3D('',#6208,#6209,#6210);
#6208 = CARTESIAN_POINT('',(2.467493305764,-11.03140483178,0.));
#6209 = DIRECTION('',(0.,0.,-1.));
#6210 = DIRECTION('',(-0.218530345218,0.975830153366,0.));
#6211 = ADVANCED_FACE('',(#6212),#6223,.F.);
#6212 = FACE_BOUND('',#6213,.F.);
#6213 = EDGE_LOOP('',(#6214,#6215,#6216,#6222));
#6214 = ORIENTED_EDGE('',*,*,#6180,.T.);
#6215 = ORIENTED_EDGE('',*,*,#2731,.T.);
#6216 = ORIENTED_EDGE('',*,*,#6217,.F.);
#6217 = EDGE_CURVE('',#579,#2732,#6218,.T.);
#6218 = LINE('',#6219,#6220);
#6219 = CARTESIAN_POINT('',(4.234851437664,12.080015497866,0.));
#6220 = VECTOR('',#6221,1.);
#6221 = DIRECTION('',(0.,0.,1.));
#6222 = ORIENTED_EDGE('',*,*,#578,.F.);
#6223 = SURFACE_OF_LINEAR_EXTRUSION('',#6224,#6229);
#6224 = B_SPLINE_CURVE_WITH_KNOTS('',3,(#6225,#6226,#6227,#6228),
  .UNSPECIFIED.,.F.,.F.,(4,4),(0.,1.),.PIECEWISE_BEZIER_KNOTS.);
#6225 = CARTESIAN_POINT('',(4.28050322618,10.875627346627,0.));
#6226 = CARTESIAN_POINT('',(4.309838663372,11.145542042436,0.));
#6227 = CARTESIAN_POINT('',(4.31789311135,11.547474526174,0.));
#6228 = CARTESIAN_POINT('',(4.234851437664,12.080015497866,0.));
#6229 = VECTOR('',#6230,1.);
#6230 = DIRECTION('',(-0.,-0.,-1.));
#6231 = ADVANCED_FACE('',(#6232),#6243,.T.);
#6232 = FACE_BOUND('',#6233,.F.);
#6233 = EDGE_LOOP('',(#6234,#6240,#6241,#6242));
#6234 = ORIENTED_EDGE('',*,*,#6235,.T.);
#6235 = EDGE_CURVE('',#1839,#3992,#6236,.T.);
#6236 = LINE('',#6237,#6238);
#6237 = CARTESIAN_POINT('',(2.172739651571,-10.78328347056,0.));
#6238 = VECTOR('',#6239,1.);
#6239 = DIRECTION('',(0.,0.,1.));
#6240 = ORIENTED_EDGE('',*,*,#4000,.T.);
#6241 = ORIENTED_EDGE('',*,*,#6198,.F.);
#6242 = ORIENTED_EDGE('',*,*,#1847,.F.);
#6243 = CYLINDRICAL_SURFACE('',#6244,10.999999999966);
#6244 = AXIS2_PLACEMENT_3D('',#6245,#6246,#6247);
#6245 = CARTESIAN_POINT('',(7.20801E-12,-3.339728E-11,0.));
#6246 = DIRECTION('',(0.,0.,-1.));
#6247 = DIRECTION('',(0.197521786506,-0.980298497324,0.));
#6248 = ADVANCED_FACE('',(#6249),#6260,.T.);
#6249 = FACE_BOUND('',#6250,.F.);
#6250 = EDGE_LOOP('',(#6251,#6252,#6253,#6259));
#6251 = ORIENTED_EDGE('',*,*,#6217,.T.);
#6252 = ORIENTED_EDGE('',*,*,#2740,.T.);
#6253 = ORIENTED_EDGE('',*,*,#6254,.F.);
#6254 = EDGE_CURVE('',#588,#2741,#6255,.T.);
#6255 = LINE('',#6256,#6257);
#6256 = CARTESIAN_POINT('',(3.673868595012,12.26143097467,0.));
#6257 = VECTOR('',#6258,1.);
#6258 = DIRECTION('',(0.,0.,1.));
#6259 = ORIENTED_EDGE('',*,*,#587,.F.);
#6260 = CYLINDRICAL_SURFACE('',#6261,12.79999999999);
#6261 = AXIS2_PLACEMENT_3D('',#6262,#6263,#6264);
#6262 = CARTESIAN_POINT('',(1.685710943622E-02,-5.038239986379E-03,0.));
#6263 = DIRECTION('',(0.,0.,-1.));
#6264 = DIRECTION('',(0.329530806893,0.94414482327,0.));
#6265 = ADVANCED_FACE('',(#6266),#6277,.F.);
#6266 = FACE_BOUND('',#6267,.F.);
#6267 = EDGE_LOOP('',(#6268,#6274,#6275,#6276));
#6268 = ORIENTED_EDGE('',*,*,#6269,.T.);
#6269 = EDGE_CURVE('',#1830,#3983,#6270,.T.);
#6270 = LINE('',#6271,#6272);
#6271 = CARTESIAN_POINT('',(1.931985013817,-11.12594300868,0.));
#6272 = VECTOR('',#6273,1.);
#6273 = DIRECTION('',(0.,0.,1.));
#6274 = ORIENTED_EDGE('',*,*,#3991,.T.);
#6275 = ORIENTED_EDGE('',*,*,#6235,.F.);
#6276 = ORIENTED_EDGE('',*,*,#1838,.F.);
#6277 = CYLINDRICAL_SURFACE('',#6278,0.304);
#6278 = AXIS2_PLACEMENT_3D('',#6279,#6280,#6281);
#6279 = CARTESIAN_POINT('',(2.232691173484,-11.08131336003,0.));
#6280 = DIRECTION('',(0.,0.,-1.));
#6281 = DIRECTION('',(-0.989164998906,-0.146808054749,-0.));
#6282 = ADVANCED_FACE('',(#6283),#6294,.F.);
#6283 = FACE_BOUND('',#6284,.F.);
#6284 = EDGE_LOOP('',(#6285,#6286,#6287,#6293));
#6285 = ORIENTED_EDGE('',*,*,#6254,.T.);
#6286 = ORIENTED_EDGE('',*,*,#2749,.T.);
#6287 = ORIENTED_EDGE('',*,*,#6288,.F.);
#6288 = EDGE_CURVE('',#597,#2750,#6289,.T.);
#6289 = LINE('',#6290,#6291);
#6290 = CARTESIAN_POINT('',(2.929533509319,11.314584016649,0.));
#6291 = VECTOR('',#6292,1.);
#6292 = DIRECTION('',(0.,0.,1.));
#6293 = ORIENTED_EDGE('',*,*,#596,.F.);
#6294 = SURFACE_OF_LINEAR_EXTRUSION('',#6295,#6300);
#6295 = B_SPLINE_CURVE_WITH_KNOTS('',3,(#6296,#6297,#6298,#6299),
  .UNSPECIFIED.,.F.,.F.,(4,4),(0.,1.),.PIECEWISE_BEZIER_KNOTS.);
#6296 = CARTESIAN_POINT('',(3.673868595012,12.26143097467,0.));
#6297 = CARTESIAN_POINT('',(3.294186320732,11.880097025613,0.));
#6298 = CARTESIAN_POINT('',(3.064452519667,11.550192529941,0.));
#6299 = CARTESIAN_POINT('',(2.929533509319,11.314584016649,0.));
#6300 = VECTOR('',#6301,1.);
#6301 = DIRECTION('',(-0.,-0.,-1.));
#6302 = ADVANCED_FACE('',(#6303),#6314,.F.);
#6303 = FACE_BOUND('',#6304,.F.);
#6304 = EDGE_LOOP('',(#6305,#6311,#6312,#6313));
#6305 = ORIENTED_EDGE('',*,*,#6306,.T.);
#6306 = EDGE_CURVE('',#1821,#3974,#6307,.T.);
#6307 = LINE('',#6308,#6309);
#6308 = CARTESIAN_POINT('',(1.92579389028,-11.52793545888,0.));
#6309 = VECTOR('',#6310,1.);
#6310 = DIRECTION('',(0.,0.,1.));
#6311 = ORIENTED_EDGE('',*,*,#3982,.T.);
#6312 = ORIENTED_EDGE('',*,*,#6269,.F.);
#6313 = ORIENTED_EDGE('',*,*,#1829,.F.);
#6314 = SURFACE_OF_LINEAR_EXTRUSION('',#6315,#6320);
#6315 = B_SPLINE_CURVE_WITH_KNOTS('',3,(#6316,#6317,#6318,#6319),
  .UNSPECIFIED.,.F.,.F.,(4,4),(0.,1.),.PIECEWISE_BEZIER_KNOTS.);
#6316 = CARTESIAN_POINT('',(1.92579389028,-11.52793545888,0.));
#6317 = CARTESIAN_POINT('',(1.948223316091,-11.30201405443,0.));
#6318 = CARTESIAN_POINT('',(1.937148605639,-11.16923772172,0.));
#6319 = CARTESIAN_POINT('',(1.931985013817,-11.12594300868,0.));
#6320 = VECTOR('',#6321,1.);
#6321 = DIRECTION('',(-0.,-0.,-1.));
#6322 = ADVANCED_FACE('',(#6323),#6334,.F.);
#6323 = FACE_BOUND('',#6324,.F.);
#6324 = EDGE_LOOP('',(#6325,#6326,#6327,#6333));
#6325 = ORIENTED_EDGE('',*,*,#6288,.T.);
#6326 = ORIENTED_EDGE('',*,*,#2758,.T.);
#6327 = ORIENTED_EDGE('',*,*,#6328,.F.);
#6328 = EDGE_CURVE('',#606,#2759,#6329,.T.);
#6329 = LINE('',#6330,#6331);
#6330 = CARTESIAN_POINT('',(2.760372576797,10.949863796563,0.));
#6331 = VECTOR('',#6332,1.);
#6332 = DIRECTION('',(0.,0.,1.));
#6333 = ORIENTED_EDGE('',*,*,#605,.F.);
#6334 = SURFACE_OF_LINEAR_EXTRUSION('',#6335,#6340);
#6335 = B_SPLINE_CURVE_WITH_KNOTS('',3,(#6336,#6337,#6338,#6339),
  .UNSPECIFIED.,.F.,.F.,(4,4),(0.,1.),.PIECEWISE_BEZIER_KNOTS.);
#6336 = CARTESIAN_POINT('',(2.929533509319,11.314584016649,0.));
#6337 = CARTESIAN_POINT('',(2.817152695606,11.117317413188,0.));
#6338 = CARTESIAN_POINT('',(2.773264947188,10.991515707007,0.));
#6339 = CARTESIAN_POINT('',(2.760372576797,10.949863796563,0.));
#6340 = VECTOR('',#6341,1.);
#6341 = DIRECTION('',(-0.,-0.,-1.));
#6342 = ADVANCED_FACE('',(#6343),#6354,.F.);
#6343 = FACE_BOUND('',#6344,.F.);
#6344 = EDGE_LOOP('',(#6345,#6351,#6352,#6353));
#6345 = ORIENTED_EDGE('',*,*,#6346,.T.);
#6346 = EDGE_CURVE('',#1812,#3965,#6347,.T.);
#6347 = LINE('',#6348,#6349);
#6348 = CARTESIAN_POINT('',(1.630927306994,-12.69567155054,0.));
#6349 = VECTOR('',#6350,1.);
#6350 = DIRECTION('',(0.,0.,1.));
#6351 = ORIENTED_EDGE('',*,*,#3973,.T.);
#6352 = ORIENTED_EDGE('',*,*,#6306,.F.);
#6353 = ORIENTED_EDGE('',*,*,#1820,.F.);
#6354 = SURFACE_OF_LINEAR_EXTRUSION('',#6355,#6360);
#6355 = B_SPLINE_CURVE_WITH_KNOTS('',3,(#6356,#6357,#6358,#6359),
  .UNSPECIFIED.,.F.,.F.,(4,4),(0.,1.),.PIECEWISE_BEZIER_KNOTS.);
#6356 = CARTESIAN_POINT('',(1.630927306994,-12.69567155054,0.));
#6357 = CARTESIAN_POINT('',(1.82268183368,-12.19287495986,0.));
#6358 = CARTESIAN_POINT('',(1.898369857004,-11.79805105134,0.));
#6359 = CARTESIAN_POINT('',(1.92579389028,-11.52793545888,0.));
#6360 = VECTOR('',#6361,1.);
#6361 = DIRECTION('',(-0.,-0.,-1.));
#6362 = ADVANCED_FACE('',(#6363),#6374,.F.);
#6363 = FACE_BOUND('',#6364,.F.);
#6364 = EDGE_LOOP('',(#6365,#6366,#6367,#6373));
#6365 = ORIENTED_EDGE('',*,*,#6328,.T.);
#6366 = ORIENTED_EDGE('',*,*,#2767,.T.);
#6367 = ORIENTED_EDGE('',*,*,#6368,.F.);
#6368 = EDGE_CURVE('',#615,#2768,#6369,.T.);
#6369 = LINE('',#6370,#6371);
#6370 = CARTESIAN_POINT('',(2.401060080818,10.734752465162,0.));
#6371 = VECTOR('',#6372,1.);
#6372 = DIRECTION('',(0.,0.,1.));
#6373 = ORIENTED_EDGE('',*,*,#614,.F.);
#6374 = CYLINDRICAL_SURFACE('',#6375,0.304);
#6375 = AXIS2_PLACEMENT_3D('',#6376,#6377,#6378);
#6376 = CARTESIAN_POINT('',(2.467511317077,11.031400797704,0.));
#6377 = DIRECTION('',(0.,0.,-1.));
#6378 = DIRECTION('',(0.963359406975,-0.268213819542,0.));
#6379 = ADVANCED_FACE('',(#6380),#6391,.T.);
#6380 = FACE_BOUND('',#6381,.F.);
#6381 = EDGE_LOOP('',(#6382,#6388,#6389,#6390));
#6382 = ORIENTED_EDGE('',*,*,#6383,.T.);
#6383 = EDGE_CURVE('',#1803,#3956,#6384,.T.);
#6384 = LINE('',#6385,#6386);
#6385 = CARTESIAN_POINT('',(1.044655657237,-12.758112544,0.));
#6386 = VECTOR('',#6387,1.);
#6387 = DIRECTION('',(0.,0.,1.));
#6388 = ORIENTED_EDGE('',*,*,#3964,.T.);
#6389 = ORIENTED_EDGE('',*,*,#6346,.F.);
#6390 = ORIENTED_EDGE('',*,*,#1811,.F.);
#6391 = CYLINDRICAL_SURFACE('',#6392,12.800000000007);
#6392 = AXIS2_PLACEMENT_3D('',#6393,#6394,#6395);
#6393 = CARTESIAN_POINT('',(-1.744897257535E-02,-2.253742832732E-03,0.)
  );
#6394 = DIRECTION('',(0.,0.,-1.));
#6395 = DIRECTION('',(8.297692420402E-02,-0.996551468841,0.));
#6396 = ADVANCED_FACE('',(#6397),#6408,.T.);
#6397 = FACE_BOUND('',#6398,.F.);
#6398 = EDGE_LOOP('',(#6399,#6400,#6401,#6407));
#6399 = ORIENTED_EDGE('',*,*,#6368,.T.);
#6400 = ORIENTED_EDGE('',*,*,#2776,.T.);
#6401 = ORIENTED_EDGE('',*,*,#6402,.F.);
#6402 = EDGE_CURVE('',#624,#2777,#6403,.T.);
#6403 = LINE('',#6404,#6405);
#6404 = CARTESIAN_POINT('',(2.172739651571,10.783283470562,0.));
#6405 = VECTOR('',#6406,1.);
#6406 = DIRECTION('',(0.,0.,1.));
#6407 = ORIENTED_EDGE('',*,*,#623,.F.);
#6408 = CYLINDRICAL_SURFACE('',#6409,10.999999999971);
#6409 = AXIS2_PLACEMENT_3D('',#6410,#6411,#6412);
#6410 = CARTESIAN_POINT('',(5.98832E-12,2.804779E-11,0.));
#6411 = DIRECTION('',(0.,0.,-1.));
#6412 = DIRECTION('',(0.218278189165,0.975886587742,0.));
#6413 = ADVANCED_FACE('',(#6414),#6425,.F.);
#6414 = FACE_BOUND('',#6415,.F.);
#6415 = EDGE_LOOP('',(#6416,#6422,#6423,#6424));
#6416 = ORIENTED_EDGE('',*,*,#6417,.T.);
#6417 = EDGE_CURVE('',#1794,#3947,#6418,.T.);
#6418 = LINE('',#6419,#6420);
#6419 = CARTESIAN_POINT('',(0.513081879609,-11.67641747441,0.));
#6420 = VECTOR('',#6421,1.);
#6421 = DIRECTION('',(0.,0.,1.));
#6422 = ORIENTED_EDGE('',*,*,#3955,.T.);
#6423 = ORIENTED_EDGE('',*,*,#6383,.F.);
#6424 = ORIENTED_EDGE('',*,*,#1802,.F.);
#6425 = SURFACE_OF_LINEAR_EXTRUSION('',#6426,#6431);
#6426 = B_SPLINE_CURVE_WITH_KNOTS('',3,(#6427,#6428,#6429,#6430),
  .UNSPECIFIED.,.F.,.F.,(4,4),(0.,1.),.PIECEWISE_BEZIER_KNOTS.);
#6427 = CARTESIAN_POINT('',(0.513081879609,-11.67641747441,0.));
#6428 = CARTESIAN_POINT('',(0.596066821504,-11.93492861597,0.));
#6429 = CARTESIAN_POINT('',(0.75218938632,-12.3053882499,0.));
#6430 = CARTESIAN_POINT('',(1.044655657237,-12.758112544,0.));
#6431 = VECTOR('',#6432,1.);
#6432 = DIRECTION('',(-0.,-0.,-1.));
#6433 = ADVANCED_FACE('',(#6434),#6445,.F.);
#6434 = FACE_BOUND('',#6435,.F.);
#6435 = EDGE_LOOP('',(#6436,#6437,#6438,#6444));
#6436 = ORIENTED_EDGE('',*,*,#6402,.T.);
#6437 = ORIENTED_EDGE('',*,*,#2785,.T.);
#6438 = ORIENTED_EDGE('',*,*,#6439,.F.);
#6439 = EDGE_CURVE('',#633,#2786,#6440,.T.);
#6440 = LINE('',#6441,#6442);
#6441 = CARTESIAN_POINT('',(1.931943606948,11.125536598918,0.));
#6442 = VECTOR('',#6443,1.);
#6443 = DIRECTION('',(0.,0.,1.));
#6444 = ORIENTED_EDGE('',*,*,#632,.F.);
#6445 = CYLINDRICAL_SURFACE('',#6446,0.304);
#6446 = AXIS2_PLACEMENT_3D('',#6447,#6448,#6449);
#6447 = CARTESIAN_POINT('',(2.232709268446,11.081309719493,0.));
#6448 = DIRECTION('',(0.,0.,-1.));
#6449 = DIRECTION('',(-0.197268476561,-0.980349503063,-0.));
#6450 = ADVANCED_FACE('',(#6451),#6462,.F.);
#6451 = FACE_BOUND('',#6452,.F.);
#6452 = EDGE_LOOP('',(#6453,#6459,#6460,#6461));
#6453 = ORIENTED_EDGE('',*,*,#6454,.T.);
#6454 = EDGE_CURVE('',#1785,#3938,#6455,.T.);
#6455 = LINE('',#6456,#6457);
#6456 = CARTESIAN_POINT('',(0.423403121647,-11.28409059299,0.));
#6457 = VECTOR('',#6458,1.);
#6458 = DIRECTION('',(0.,0.,1.));
#6459 = ORIENTED_EDGE('',*,*,#3946,.T.);
#6460 = ORIENTED_EDGE('',*,*,#6417,.F.);
#6461 = ORIENTED_EDGE('',*,*,#1793,.F.);
#6462 = SURFACE_OF_LINEAR_EXTRUSION('',#6463,#6468);
#6463 = B_SPLINE_CURVE_WITH_KNOTS('',3,(#6464,#6465,#6466,#6467),
  .UNSPECIFIED.,.F.,.F.,(4,4),(0.,1.),.PIECEWISE_BEZIER_KNOTS.);
#6464 = CARTESIAN_POINT('',(0.423403121647,-11.28409059299,0.));
#6465 = CARTESIAN_POINT('',(0.427397838998,-11.32791892149,0.));
#6466 = CARTESIAN_POINT('',(0.444170889375,-11.46009633454,0.));
#6467 = CARTESIAN_POINT('',(0.513081879609,-11.67641747441,0.));
#6468 = VECTOR('',#6469,1.);
#6469 = DIRECTION('',(-0.,-0.,-1.));
#6470 = ADVANCED_FACE('',(#6471),#6482,.F.);
#6471 = FACE_BOUND('',#6472,.F.);
#6472 = EDGE_LOOP('',(#6473,#6474,#6475,#6481));
#6473 = ORIENTED_EDGE('',*,*,#6439,.T.);
#6474 = ORIENTED_EDGE('',*,*,#2794,.T.);
#6475 = ORIENTED_EDGE('',*,*,#6476,.F.);
#6476 = EDGE_CURVE('',#642,#2795,#6477,.T.);
#6477 = LINE('',#6478,#6479);
#6478 = CARTESIAN_POINT('',(1.92579389028,11.527935458884,0.));
#6479 = VECTOR('',#6480,1.);
#6480 = DIRECTION('',(0.,0.,1.));
#6481 = ORIENTED_EDGE('',*,*,#641,.F.);
#6482 = SURFACE_OF_LINEAR_EXTRUSION('',#6483,#6488);
#6483 = B_SPLINE_CURVE_WITH_KNOTS('',3,(#6484,#6485,#6486,#6487),
  .UNSPECIFIED.,.F.,.F.,(4,4),(0.,1.),.PIECEWISE_BEZIER_KNOTS.);
#6484 = CARTESIAN_POINT('',(1.931943606948,11.125536598918,0.));
#6485 = CARTESIAN_POINT('',(1.937148605639,11.169237721722,0.));
#6486 = CARTESIAN_POINT('',(1.948223316091,11.302014054432,0.));
#6487 = CARTESIAN_POINT('',(1.92579389028,11.527935458884,0.));
#6488 = VECTOR('',#6489,1.);
#6489 = DIRECTION('',(-0.,-0.,-1.));
#6490 = ADVANCED_FACE('',(#6491),#6502,.F.);
#6491 = FACE_BOUND('',#6492,.F.);
#6492 = EDGE_LOOP('',(#6493,#6499,#6500,#6501));
#6493 = ORIENTED_EDGE('',*,*,#6494,.T.);
#6494 = EDGE_CURVE('',#1776,#3929,#6495,.T.);
#6495 = LINE('',#6496,#6497);
#6496 = CARTESIAN_POINT('',(0.116710621728,-10.99938082942,0.));
#6497 = VECTOR('',#6498,1.);
#6498 = DIRECTION('',(0.,0.,1.));
#6499 = ORIENTED_EDGE('',*,*,#3937,.T.);
#6500 = ORIENTED_EDGE('',*,*,#6454,.F.);
#6501 = ORIENTED_EDGE('',*,*,#1784,.F.);
#6502 = CYLINDRICAL_SURFACE('',#6503,0.304);
#6503 = AXIS2_PLACEMENT_3D('',#6504,#6505,#6506);
#6504 = CARTESIAN_POINT('',(0.120014626189,-11.30336287421,0.));
#6505 = DIRECTION('',(0.,0.,-1.));
#6506 = DIRECTION('',(-1.086843572561E-02,0.999940936808,0.));
#6507 = ADVANCED_FACE('',(#6508),#6519,.F.);
#6508 = FACE_BOUND('',#6509,.F.);
#6509 = EDGE_LOOP('',(#6510,#6511,#6512,#6518));
#6510 = ORIENTED_EDGE('',*,*,#6476,.T.);
#6511 = ORIENTED_EDGE('',*,*,#2803,.T.);
#6512 = ORIENTED_EDGE('',*,*,#6513,.F.);
#6513 = EDGE_CURVE('',#651,#2804,#6514,.T.);
#6514 = LINE('',#6515,#6516);
#6515 = CARTESIAN_POINT('',(1.630733325949,12.696513298831,0.));
#6516 = VECTOR('',#6517,1.);
#6517 = DIRECTION('',(0.,0.,1.));
#6518 = ORIENTED_EDGE('',*,*,#650,.F.);
#6519 = SURFACE_OF_LINEAR_EXTRUSION('',#6520,#6525);
#6520 = B_SPLINE_CURVE_WITH_KNOTS('',3,(#6521,#6522,#6523,#6524),
  .UNSPECIFIED.,.F.,.F.,(4,4),(0.,1.),.PIECEWISE_BEZIER_KNOTS.);
#6521 = CARTESIAN_POINT('',(1.92579389028,11.527935458884,0.));
#6522 = CARTESIAN_POINT('',(1.898369857004,11.79805105134,0.));
#6523 = CARTESIAN_POINT('',(1.82268183368,12.192874959863,0.));
#6524 = CARTESIAN_POINT('',(1.630733325949,12.696513298831,0.));
#6525 = VECTOR('',#6526,1.);
#6526 = DIRECTION('',(-0.,-0.,-1.));
#6527 = ADVANCED_FACE('',(#6528),#6539,.T.);
#6528 = FACE_BOUND('',#6529,.F.);
#6529 = EDGE_LOOP('',(#6530,#6536,#6537,#6538));
#6530 = ORIENTED_EDGE('',*,*,#6531,.T.);
#6531 = EDGE_CURVE('',#1767,#3920,#6532,.T.);
#6532 = LINE('',#6533,#6534);
#6533 = CARTESIAN_POINT('',(-0.116710621728,-10.99938082942,0.));
#6534 = VECTOR('',#6535,1.);
#6535 = DIRECTION('',(0.,0.,1.));
#6536 = ORIENTED_EDGE('',*,*,#3928,.T.);
#6537 = ORIENTED_EDGE('',*,*,#6494,.F.);
#6538 = ORIENTED_EDGE('',*,*,#1775,.F.);
#6539 = CYLINDRICAL_SURFACE('',#6540,10.999999999999);
#6540 = AXIS2_PLACEMENT_3D('',#6541,#6542,#6543);
#6541 = CARTESIAN_POINT('',(-8.44E-15,-1.4726E-12,0.));
#6542 = DIRECTION('',(-0.,-0.,-1.));
#6543 = DIRECTION('',(-1.061005652073E-02,-0.999943711766,0.));
#6544 = ADVANCED_FACE('',(#6545),#6556,.T.);
#6545 = FACE_BOUND('',#6546,.F.);
#6546 = EDGE_LOOP('',(#6547,#6548,#6549,#6555));
#6547 = ORIENTED_EDGE('',*,*,#6513,.T.);
#6548 = ORIENTED_EDGE('',*,*,#2812,.T.);
#6549 = ORIENTED_EDGE('',*,*,#6550,.F.);
#6550 = EDGE_CURVE('',#660,#2813,#6551,.T.);
#6551 = LINE('',#6552,#6553);
#6552 = CARTESIAN_POINT('',(1.044290905833,12.757329520867,0.));
#6553 = VECTOR('',#6554,1.);
#6554 = DIRECTION('',(0.,0.,1.));
#6555 = ORIENTED_EDGE('',*,*,#659,.F.);
#6556 = CYLINDRICAL_SURFACE('',#6557,12.800000000006);
#6557 = AXIS2_PLACEMENT_3D('',#6558,#6559,#6560);
#6558 = CARTESIAN_POINT('',(1.753625014297E-02,-1.423352246102E-03,0.));
#6559 = DIRECTION('',(0.,0.,-1.));
#6560 = DIRECTION('',(0.126031021547,0.992026300865,0.));
#6561 = ADVANCED_FACE('',(#6562),#6573,.F.);
#6562 = FACE_BOUND('',#6563,.F.);
#6563 = EDGE_LOOP('',(#6564,#6570,#6571,#6572));
#6564 = ORIENTED_EDGE('',*,*,#6565,.T.);
#6565 = EDGE_CURVE('',#1758,#3911,#6566,.T.);
#6566 = LINE('',#6567,#6568);
#6567 = CARTESIAN_POINT('',(-0.423447116958,-11.28449673069,0.));
#6568 = VECTOR('',#6569,1.);
#6569 = DIRECTION('',(0.,0.,1.));
#6570 = ORIENTED_EDGE('',*,*,#3919,.T.);
#6571 = ORIENTED_EDGE('',*,*,#6531,.F.);
#6572 = ORIENTED_EDGE('',*,*,#1766,.F.);
#6573 = CYLINDRICAL_SURFACE('',#6574,0.304);
#6574 = AXIS2_PLACEMENT_3D('',#6575,#6576,#6577);
#6575 = CARTESIAN_POINT('',(-0.120033082643,-11.30336267305,0.));
#6576 = DIRECTION('',(0.,0.,-1.));
#6577 = DIRECTION('',(-0.998072481298,6.205902089949E-02,0.));
#6578 = ADVANCED_FACE('',(#6579),#6590,.F.);
#6579 = FACE_BOUND('',#6580,.F.);
#6580 = EDGE_LOOP('',(#6581,#6582,#6583,#6589));
#6581 = ORIENTED_EDGE('',*,*,#6550,.T.);
#6582 = ORIENTED_EDGE('',*,*,#2821,.T.);
#6583 = ORIENTED_EDGE('',*,*,#6584,.F.);
#6584 = EDGE_CURVE('',#669,#2822,#6585,.T.);
#6585 = LINE('',#6586,#6587);
#6586 = CARTESIAN_POINT('',(0.513081879609,11.676417474416,0.));
#6587 = VECTOR('',#6588,1.);
#6588 = DIRECTION('',(0.,0.,1.));
#6589 = ORIENTED_EDGE('',*,*,#668,.F.);
#6590 = SURFACE_OF_LINEAR_EXTRUSION('',#6591,#6596);
#6591 = B_SPLINE_CURVE_WITH_KNOTS('',3,(#6592,#6593,#6594,#6595),
  .UNSPECIFIED.,.F.,.F.,(4,4),(0.,1.),.PIECEWISE_BEZIER_KNOTS.);
#6592 = CARTESIAN_POINT('',(1.044290905833,12.757329520867,0.));
#6593 = CARTESIAN_POINT('',(0.75218938632,12.305388249901,0.));
#6594 = CARTESIAN_POINT('',(0.596066821504,11.93492861597,0.));
#6595 = CARTESIAN_POINT('',(0.513081879609,11.676417474416,0.));
#6596 = VECTOR('',#6597,1.);
#6597 = DIRECTION('',(-0.,-0.,-1.));
#6598 = ADVANCED_FACE('',(#6599),#6610,.F.);
#6599 = FACE_BOUND('',#6600,.F.);
#6600 = EDGE_LOOP('',(#6601,#6607,#6608,#6609));
#6601 = ORIENTED_EDGE('',*,*,#6602,.T.);
#6602 = EDGE_CURVE('',#1749,#3902,#6603,.T.);
#6603 = LINE('',#6604,#6605);
#6604 = CARTESIAN_POINT('',(-0.513081879609,-11.67641747441,0.));
#6605 = VECTOR('',#6606,1.);
#6606 = DIRECTION('',(0.,0.,1.));
#6607 = ORIENTED_EDGE('',*,*,#3910,.T.);
#6608 = ORIENTED_EDGE('',*,*,#6565,.F.);
#6609 = ORIENTED_EDGE('',*,*,#1757,.F.);
#6610 = SURFACE_OF_LINEAR_EXTRUSION('',#6611,#6616);
#6611 = B_SPLINE_CURVE_WITH_KNOTS('',3,(#6612,#6613,#6614,#6615),
  .UNSPECIFIED.,.F.,.F.,(4,4),(0.,1.),.PIECEWISE_BEZIER_KNOTS.);
#6612 = CARTESIAN_POINT('',(-0.513081879609,-11.67641747441,0.));
#6613 = CARTESIAN_POINT('',(-0.444170889375,-11.46009633454,0.));
#6614 = CARTESIAN_POINT('',(-0.427397838998,-11.32791892149,0.));
#6615 = CARTESIAN_POINT('',(-0.423447116958,-11.28449673069,0.));
#6616 = VECTOR('',#6617,1.);
#6617 = DIRECTION('',(-0.,-0.,-1.));
#6618 = ADVANCED_FACE('',(#6619),#6630,.F.);
#6619 = FACE_BOUND('',#6620,.F.);
#6620 = EDGE_LOOP('',(#6621,#6622,#6623,#6629));
#6621 = ORIENTED_EDGE('',*,*,#6584,.T.);
#6622 = ORIENTED_EDGE('',*,*,#2830,.T.);
#6623 = ORIENTED_EDGE('',*,*,#6624,.F.);
#6624 = EDGE_CURVE('',#678,#2831,#6625,.T.);
#6625 = LINE('',#6626,#6627);
#6626 = CARTESIAN_POINT('',(0.423447116958,11.284496730699,0.));
#6627 = VECTOR('',#6628,1.);
#6628 = DIRECTION('',(0.,0.,1.));
#6629 = ORIENTED_EDGE('',*,*,#677,.F.);
#6630 = SURFACE_OF_LINEAR_EXTRUSION('',#6631,#6636);
#6631 = B_SPLINE_CURVE_WITH_KNOTS('',3,(#6632,#6633,#6634,#6635),
  .UNSPECIFIED.,.F.,.F.,(4,4),(0.,1.),.PIECEWISE_BEZIER_KNOTS.);
#6632 = CARTESIAN_POINT('',(0.513081879609,11.676417474416,0.));
#6633 = CARTESIAN_POINT('',(0.444170889375,11.460096334541,0.));
#6634 = CARTESIAN_POINT('',(0.427397838998,11.327918921492,0.));
#6635 = CARTESIAN_POINT('',(0.423447116958,11.284496730699,0.));
#6636 = VECTOR('',#6637,1.);
#6637 = DIRECTION('',(-0.,-0.,-1.));
#6638 = ADVANCED_FACE('',(#6639),#6650,.F.);
#6639 = FACE_BOUND('',#6640,.F.);
#6640 = EDGE_LOOP('',(#6641,#6647,#6648,#6649));
#6641 = ORIENTED_EDGE('',*,*,#6642,.T.);
#6642 = EDGE_CURVE('',#1740,#3893,#6643,.T.);
#6643 = LINE('',#6644,#6645);
#6644 = CARTESIAN_POINT('',(-1.044290905833,-12.75732952086,0.));
#6645 = VECTOR('',#6646,1.);
#6646 = DIRECTION('',(0.,0.,1.));
#6647 = ORIENTED_EDGE('',*,*,#3901,.T.);
#6648 = ORIENTED_EDGE('',*,*,#6602,.F.);
#6649 = ORIENTED_EDGE('',*,*,#1748,.F.);
#6650 = SURFACE_OF_LINEAR_EXTRUSION('',#6651,#6656);
#6651 = B_SPLINE_CURVE_WITH_KNOTS('',3,(#6652,#6653,#6654,#6655),
  .UNSPECIFIED.,.F.,.F.,(4,4),(0.,1.),.PIECEWISE_BEZIER_KNOTS.);
#6652 = CARTESIAN_POINT('',(-1.044290905833,-12.75732952086,0.));
#6653 = CARTESIAN_POINT('',(-0.75218938632,-12.3053882499,0.));
#6654 = CARTESIAN_POINT('',(-0.596066821504,-11.93492861597,0.));
#6655 = CARTESIAN_POINT('',(-0.513081879609,-11.67641747441,0.));
#6656 = VECTOR('',#6657,1.);
#6657 = DIRECTION('',(-0.,-0.,-1.));
#6658 = ADVANCED_FACE('',(#6659),#6670,.F.);
#6659 = FACE_BOUND('',#6660,.F.);
#6660 = EDGE_LOOP('',(#6661,#6662,#6663,#6669));
#6661 = ORIENTED_EDGE('',*,*,#6624,.T.);
#6662 = ORIENTED_EDGE('',*,*,#2839,.T.);
#6663 = ORIENTED_EDGE('',*,*,#6664,.F.);
#6664 = EDGE_CURVE('',#687,#2840,#6665,.T.);
#6665 = LINE('',#6666,#6667);
#6666 = CARTESIAN_POINT('',(0.116710621728,10.999380829427,0.));
#6667 = VECTOR('',#6668,1.);
#6668 = DIRECTION('',(0.,0.,1.));
#6669 = ORIENTED_EDGE('',*,*,#686,.F.);
#6670 = CYLINDRICAL_SURFACE('',#6671,0.304);
#6671 = AXIS2_PLACEMENT_3D('',#6672,#6673,#6674);
#6672 = CARTESIAN_POINT('',(0.120033082643,11.303362673052,0.));
#6673 = DIRECTION('',(0.,0.,-1.));
#6674 = DIRECTION('',(0.998072481298,-6.205902089949E-02,0.));
#6675 = ADVANCED_FACE('',(#6676),#6687,.T.);
#6676 = FACE_BOUND('',#6677,.F.);
#6677 = EDGE_LOOP('',(#6678,#6684,#6685,#6686));
#6678 = ORIENTED_EDGE('',*,*,#6679,.T.);
#6679 = EDGE_CURVE('',#1731,#3884,#6680,.T.);
#6680 = LINE('',#6681,#6682);
#6681 = CARTESIAN_POINT('',(-1.630733325949,-12.69651329883,0.));
#6682 = VECTOR('',#6683,1.);
#6683 = DIRECTION('',(0.,0.,1.));
#6684 = ORIENTED_EDGE('',*,*,#3892,.T.);
#6685 = ORIENTED_EDGE('',*,*,#6642,.F.);
#6686 = ORIENTED_EDGE('',*,*,#1739,.F.);
#6687 = CYLINDRICAL_SURFACE('',#6688,12.800000000006);
#6688 = AXIS2_PLACEMENT_3D('',#6689,#6690,#6691);
#6689 = CARTESIAN_POINT('',(-1.753625014298E-02,1.423352246102E-03,0.));
#6690 = DIRECTION('',(-0.,-0.,-1.));
#6691 = DIRECTION('',(-0.126031021547,-0.992026300865,0.));
#6692 = ADVANCED_FACE('',(#6693),#6704,.T.);
#6693 = FACE_BOUND('',#6694,.F.);
#6694 = EDGE_LOOP('',(#6695,#6696,#6697,#6703));
#6695 = ORIENTED_EDGE('',*,*,#6664,.T.);
#6696 = ORIENTED_EDGE('',*,*,#2848,.T.);
#6697 = ORIENTED_EDGE('',*,*,#6698,.F.);
#6698 = EDGE_CURVE('',#696,#2849,#6699,.T.);
#6699 = LINE('',#6700,#6701);
#6700 = CARTESIAN_POINT('',(-0.116710621728,10.999380829427,0.));
#6701 = VECTOR('',#6702,1.);
#6702 = DIRECTION('',(0.,0.,1.));
#6703 = ORIENTED_EDGE('',*,*,#695,.F.);
#6704 = CYLINDRICAL_SURFACE('',#6705,10.999999999999);
#6705 = AXIS2_PLACEMENT_3D('',#6706,#6707,#6708);
#6706 = CARTESIAN_POINT('',(2.44E-15,1.4726E-12,0.));
#6707 = DIRECTION('',(0.,0.,-1.));
#6708 = DIRECTION('',(1.061005652073E-02,0.999943711766,0.));
#6709 = ADVANCED_FACE('',(#6710),#6721,.F.);
#6710 = FACE_BOUND('',#6711,.F.);
#6711 = EDGE_LOOP('',(#6712,#6718,#6719,#6720));
#6712 = ORIENTED_EDGE('',*,*,#6713,.T.);
#6713 = EDGE_CURVE('',#1722,#3875,#6714,.T.);
#6714 = LINE('',#6715,#6716);
#6715 = CARTESIAN_POINT('',(-1.92579389028,-11.52793545888,0.));
#6716 = VECTOR('',#6717,1.);
#6717 = DIRECTION('',(0.,0.,1.));
#6718 = ORIENTED_EDGE('',*,*,#3883,.T.);
#6719 = ORIENTED_EDGE('',*,*,#6679,.F.);
#6720 = ORIENTED_EDGE('',*,*,#1730,.F.);
#6721 = SURFACE_OF_LINEAR_EXTRUSION('',#6722,#6727);
#6722 = B_SPLINE_CURVE_WITH_KNOTS('',3,(#6723,#6724,#6725,#6726),
  .UNSPECIFIED.,.F.,.F.,(4,4),(0.,1.),.PIECEWISE_BEZIER_KNOTS.);
#6723 = CARTESIAN_POINT('',(-1.92579389028,-11.52793545888,0.));
#6724 = CARTESIAN_POINT('',(-1.898369857004,-11.79805105134,0.));
#6725 = CARTESIAN_POINT('',(-1.82268183368,-12.19287495986,0.));
#6726 = CARTESIAN_POINT('',(-1.630733325949,-12.69651329883,0.));
#6727 = VECTOR('',#6728,1.);
#6728 = DIRECTION('',(-0.,-0.,-1.));
#6729 = ADVANCED_FACE('',(#6730),#6741,.F.);
#6730 = FACE_BOUND('',#6731,.F.);
#6731 = EDGE_LOOP('',(#6732,#6733,#6734,#6740));
#6732 = ORIENTED_EDGE('',*,*,#6698,.T.);
#6733 = ORIENTED_EDGE('',*,*,#2857,.T.);
#6734 = ORIENTED_EDGE('',*,*,#6735,.F.);
#6735 = EDGE_CURVE('',#705,#2858,#6736,.T.);
#6736 = LINE('',#6737,#6738);
#6737 = CARTESIAN_POINT('',(-0.423403121647,11.284090592993,0.));
#6738 = VECTOR('',#6739,1.);
#6739 = DIRECTION('',(0.,0.,1.));
#6740 = ORIENTED_EDGE('',*,*,#704,.F.);
#6741 = CYLINDRICAL_SURFACE('',#6742,0.304);
#6742 = AXIS2_PLACEMENT_3D('',#6743,#6744,#6745);
#6743 = CARTESIAN_POINT('',(-0.120014626189,11.303362874217,0.));
#6744 = DIRECTION('',(0.,0.,-1.));
#6745 = DIRECTION('',(1.086843572563E-02,-0.999940936808,0.));
#6746 = ADVANCED_FACE('',(#6747),#6758,.F.);
#6747 = FACE_BOUND('',#6748,.F.);
#6748 = EDGE_LOOP('',(#6749,#6755,#6756,#6757));
#6749 = ORIENTED_EDGE('',*,*,#6750,.T.);
#6750 = EDGE_CURVE('',#1713,#3866,#6751,.T.);
#6751 = LINE('',#6752,#6753);
#6752 = CARTESIAN_POINT('',(-1.931943606948,-11.12553659891,0.));
#6753 = VECTOR('',#6754,1.);
#6754 = DIRECTION('',(0.,0.,1.));
#6755 = ORIENTED_EDGE('',*,*,#3874,.T.);
#6756 = ORIENTED_EDGE('',*,*,#6713,.F.);
#6757 = ORIENTED_EDGE('',*,*,#1721,.F.);
#6758 = SURFACE_OF_LINEAR_EXTRUSION('',#6759,#6764);
#6759 = B_SPLINE_CURVE_WITH_KNOTS('',3,(#6760,#6761,#6762,#6763),
  .UNSPECIFIED.,.F.,.F.,(4,4),(0.,1.),.PIECEWISE_BEZIER_KNOTS.);
#6760 = CARTESIAN_POINT('',(-1.931943606948,-11.12553659891,0.));
#6761 = CARTESIAN_POINT('',(-1.937148605639,-11.16923772172,0.));
#6762 = CARTESIAN_POINT('',(-1.948223316091,-11.30201405443,0.));
#6763 = CARTESIAN_POINT('',(-1.92579389028,-11.52793545888,0.));
#6764 = VECTOR('',#6765,1.);
#6765 = DIRECTION('',(-0.,-0.,-1.));
#6766 = ADVANCED_FACE('',(#6767),#6778,.F.);
#6767 = FACE_BOUND('',#6768,.F.);
#6768 = EDGE_LOOP('',(#6769,#6770,#6771,#6777));
#6769 = ORIENTED_EDGE('',*,*,#6735,.T.);
#6770 = ORIENTED_EDGE('',*,*,#2866,.T.);
#6771 = ORIENTED_EDGE('',*,*,#6772,.F.);
#6772 = EDGE_CURVE('',#714,#2867,#6773,.T.);
#6773 = LINE('',#6774,#6775);
#6774 = CARTESIAN_POINT('',(-0.513081879609,11.676417474416,0.));
#6775 = VECTOR('',#6776,1.);
#6776 = DIRECTION('',(0.,0.,1.));
#6777 = ORIENTED_EDGE('',*,*,#713,.F.);
#6778 = SURFACE_OF_LINEAR_EXTRUSION('',#6779,#6784);
#6779 = B_SPLINE_CURVE_WITH_KNOTS('',3,(#6780,#6781,#6782,#6783),
  .UNSPECIFIED.,.F.,.F.,(4,4),(0.,1.),.PIECEWISE_BEZIER_KNOTS.);
#6780 = CARTESIAN_POINT('',(-0.423403121647,11.284090592993,0.));
#6781 = CARTESIAN_POINT('',(-0.427397838998,11.327918921492,0.));
#6782 = CARTESIAN_POINT('',(-0.444170889375,11.460096334541,0.));
#6783 = CARTESIAN_POINT('',(-0.513081879609,11.676417474416,0.));
#6784 = VECTOR('',#6785,1.);
#6785 = DIRECTION('',(-0.,-0.,-1.));
#6786 = ADVANCED_FACE('',(#6787),#6798,.F.);
#6787 = FACE_BOUND('',#6788,.F.);
#6788 = EDGE_LOOP('',(#6789,#6795,#6796,#6797));
#6789 = ORIENTED_EDGE('',*,*,#6790,.T.);
#6790 = EDGE_CURVE('',#1704,#3857,#6791,.T.);
#6791 = LINE('',#6792,#6793);
#6792 = CARTESIAN_POINT('',(-2.172739651571,-10.78328347056,0.));
#6793 = VECTOR('',#6794,1.);
#6794 = DIRECTION('',(0.,0.,1.));
#6795 = ORIENTED_EDGE('',*,*,#3865,.T.);
#6796 = ORIENTED_EDGE('',*,*,#6750,.F.);
#6797 = ORIENTED_EDGE('',*,*,#1712,.F.);
#6798 = CYLINDRICAL_SURFACE('',#6799,0.304);
#6799 = AXIS2_PLACEMENT_3D('',#6800,#6801,#6802);
#6800 = CARTESIAN_POINT('',(-2.232709268446,-11.08130971949,0.));
#6801 = DIRECTION('',(0.,0.,-1.));
#6802 = DIRECTION('',(0.197268476561,0.980349503063,0.));
#6803 = ADVANCED_FACE('',(#6804),#6815,.F.);
#6804 = FACE_BOUND('',#6805,.F.);
#6805 = EDGE_LOOP('',(#6806,#6807,#6808,#6814));
#6806 = ORIENTED_EDGE('',*,*,#6772,.T.);
#6807 = ORIENTED_EDGE('',*,*,#2875,.T.);
#6808 = ORIENTED_EDGE('',*,*,#6809,.F.);
#6809 = EDGE_CURVE('',#723,#2876,#6810,.T.);
#6810 = LINE('',#6811,#6812);
#6811 = CARTESIAN_POINT('',(-1.044655657237,12.758112544008,0.));
#6812 = VECTOR('',#6813,1.);
#6813 = DIRECTION('',(0.,0.,1.));
#6814 = ORIENTED_EDGE('',*,*,#722,.F.);
#6815 = SURFACE_OF_LINEAR_EXTRUSION('',#6816,#6821);
#6816 = B_SPLINE_CURVE_WITH_KNOTS('',3,(#6817,#6818,#6819,#6820),
  .UNSPECIFIED.,.F.,.F.,(4,4),(0.,1.),.PIECEWISE_BEZIER_KNOTS.);
#6817 = CARTESIAN_POINT('',(-0.513081879609,11.676417474416,0.));
#6818 = CARTESIAN_POINT('',(-0.596066821504,11.93492861597,0.));
#6819 = CARTESIAN_POINT('',(-0.75218938632,12.305388249901,0.));
#6820 = CARTESIAN_POINT('',(-1.044655657237,12.758112544008,0.));
#6821 = VECTOR('',#6822,1.);
#6822 = DIRECTION('',(-0.,-0.,-1.));
#6823 = ADVANCED_FACE('',(#6824),#6835,.T.);
#6824 = FACE_BOUND('',#6825,.F.);
#6825 = EDGE_LOOP('',(#6826,#6832,#6833,#6834));
#6826 = ORIENTED_EDGE('',*,*,#6827,.T.);
#6827 = EDGE_CURVE('',#1695,#3848,#6828,.T.);
#6828 = LINE('',#6829,#6830);
#6829 = CARTESIAN_POINT('',(-2.401060080818,-10.73475246516,0.));
#6830 = VECTOR('',#6831,1.);
#6831 = DIRECTION('',(0.,0.,1.));
#6832 = ORIENTED_EDGE('',*,*,#3856,.T.);
#6833 = ORIENTED_EDGE('',*,*,#6790,.F.);
#6834 = ORIENTED_EDGE('',*,*,#1703,.F.);
#6835 = CYLINDRICAL_SURFACE('',#6836,10.999999999973);
#6836 = AXIS2_PLACEMENT_3D('',#6837,#6838,#6839);
#6837 = CARTESIAN_POINT('',(-5.65681E-12,-2.648015E-11,0.));
#6838 = DIRECTION('',(-0.,-0.,-1.));
#6839 = DIRECTION('',(-0.218278189165,-0.975886587742,0.));
#6840 = ADVANCED_FACE('',(#6841),#6852,.T.);
#6841 = FACE_BOUND('',#6842,.F.);
#6842 = EDGE_LOOP('',(#6843,#6844,#6845,#6851));
#6843 = ORIENTED_EDGE('',*,*,#6809,.T.);
#6844 = ORIENTED_EDGE('',*,*,#2884,.T.);
#6845 = ORIENTED_EDGE('',*,*,#6846,.F.);
#6846 = EDGE_CURVE('',#732,#2885,#6847,.T.);
#6847 = LINE('',#6848,#6849);
#6848 = CARTESIAN_POINT('',(-1.630927306994,12.695671550544,0.));
#6849 = VECTOR('',#6850,1.);
#6850 = DIRECTION('',(0.,0.,1.));
#6851 = ORIENTED_EDGE('',*,*,#731,.F.);
#6852 = CYLINDRICAL_SURFACE('',#6853,12.800000000007);
#6853 = AXIS2_PLACEMENT_3D('',#6854,#6855,#6856);
#6854 = CARTESIAN_POINT('',(1.744897257535E-02,2.253742832732E-03,0.));
#6855 = DIRECTION('',(-0.,-0.,-1.));
#6856 = DIRECTION('',(-8.297692420402E-02,0.996551468841,0.));
#6857 = ADVANCED_FACE('',(#6858),#6869,.F.);
#6858 = FACE_BOUND('',#6859,.F.);
#6859 = EDGE_LOOP('',(#6860,#6866,#6867,#6868));
#6860 = ORIENTED_EDGE('',*,*,#6861,.T.);
#6861 = EDGE_CURVE('',#1686,#3839,#6862,.T.);
#6862 = LINE('',#6863,#6864);
#6863 = CARTESIAN_POINT('',(-2.760372576797,-10.94986379656,0.));
#6864 = VECTOR('',#6865,1.);
#6865 = DIRECTION('',(0.,0.,1.));
#6866 = ORIENTED_EDGE('',*,*,#3847,.T.);
#6867 = ORIENTED_EDGE('',*,*,#6827,.F.);
#6868 = ORIENTED_EDGE('',*,*,#1694,.F.);
#6869 = CYLINDRICAL_SURFACE('',#6870,0.304);
#6870 = AXIS2_PLACEMENT_3D('',#6871,#6872,#6873);
#6871 = CARTESIAN_POINT('',(-2.467511317077,-11.0314007977,0.));
#6872 = DIRECTION('',(0.,0.,-1.));
#6873 = DIRECTION('',(-0.963359406975,0.268213819542,0.));
#6874 = ADVANCED_FACE('',(#6875),#6886,.F.);
#6875 = FACE_BOUND('',#6876,.F.);
#6876 = EDGE_LOOP('',(#6877,#6878,#6879,#6885));
#6877 = ORIENTED_EDGE('',*,*,#6846,.T.);
#6878 = ORIENTED_EDGE('',*,*,#2893,.T.);
#6879 = ORIENTED_EDGE('',*,*,#6880,.F.);
#6880 = EDGE_CURVE('',#741,#2894,#6881,.T.);
#6881 = LINE('',#6882,#6883);
#6882 = CARTESIAN_POINT('',(-1.92579389028,11.527935458884,0.));
#6883 = VECTOR('',#6884,1.);
#6884 = DIRECTION('',(0.,0.,1.));
#6885 = ORIENTED_EDGE('',*,*,#740,.F.);
#6886 = SURFACE_OF_LINEAR_EXTRUSION('',#6887,#6892);
#6887 = B_SPLINE_CURVE_WITH_KNOTS('',3,(#6888,#6889,#6890,#6891),
  .UNSPECIFIED.,.F.,.F.,(4,4),(0.,1.),.PIECEWISE_BEZIER_KNOTS.);
#6888 = CARTESIAN_POINT('',(-1.630927306994,12.695671550544,0.));
#6889 = CARTESIAN_POINT('',(-1.82268183368,12.192874959863,0.));
#6890 = CARTESIAN_POINT('',(-1.898369857004,11.79805105134,0.));
#6891 = CARTESIAN_POINT('',(-1.92579389028,11.527935458884,0.));
#6892 = VECTOR('',#6893,1.);
#6893 = DIRECTION('',(-0.,-0.,-1.));
#6894 = ADVANCED_FACE('',(#6895),#6906,.F.);
#6895 = FACE_BOUND('',#6896,.F.);
#6896 = EDGE_LOOP('',(#6897,#6903,#6904,#6905));
#6897 = ORIENTED_EDGE('',*,*,#6898,.T.);
#6898 = EDGE_CURVE('',#1677,#3830,#6899,.T.);
#6899 = LINE('',#6900,#6901);
#6900 = CARTESIAN_POINT('',(-2.929533509319,-11.31458401664,0.));
#6901 = VECTOR('',#6902,1.);
#6902 = DIRECTION('',(0.,0.,1.));
#6903 = ORIENTED_EDGE('',*,*,#3838,.T.);
#6904 = ORIENTED_EDGE('',*,*,#6861,.F.);
#6905 = ORIENTED_EDGE('',*,*,#1685,.F.);
#6906 = SURFACE_OF_LINEAR_EXTRUSION('',#6907,#6912);
#6907 = B_SPLINE_CURVE_WITH_KNOTS('',3,(#6908,#6909,#6910,#6911),
  .UNSPECIFIED.,.F.,.F.,(4,4),(0.,1.),.PIECEWISE_BEZIER_KNOTS.);
#6908 = CARTESIAN_POINT('',(-2.929533509319,-11.31458401664,0.));
#6909 = CARTESIAN_POINT('',(-2.817152695606,-11.11731741318,0.));
#6910 = CARTESIAN_POINT('',(-2.773264947188,-10.991515707,0.));
#6911 = CARTESIAN_POINT('',(-2.760372576797,-10.94986379656,0.));
#6912 = VECTOR('',#6913,1.);
#6913 = DIRECTION('',(-0.,-0.,-1.));
#6914 = ADVANCED_FACE('',(#6915),#6926,.F.);
#6915 = FACE_BOUND('',#6916,.F.);
#6916 = EDGE_LOOP('',(#6917,#6918,#6919,#6925));
#6917 = ORIENTED_EDGE('',*,*,#6880,.T.);
#6918 = ORIENTED_EDGE('',*,*,#2902,.T.);
#6919 = ORIENTED_EDGE('',*,*,#6920,.F.);
#6920 = EDGE_CURVE('',#750,#2903,#6921,.T.);
#6921 = LINE('',#6922,#6923);
#6922 = CARTESIAN_POINT('',(-1.931985013817,11.12594300868,0.));
#6923 = VECTOR('',#6924,1.);
#6924 = DIRECTION('',(0.,0.,1.));
#6925 = ORIENTED_EDGE('',*,*,#749,.F.);
#6926 = SURFACE_OF_LINEAR_EXTRUSION('',#6927,#6932);
#6927 = B_SPLINE_CURVE_WITH_KNOTS('',3,(#6928,#6929,#6930,#6931),
  .UNSPECIFIED.,.F.,.F.,(4,4),(0.,1.),.PIECEWISE_BEZIER_KNOTS.);
#6928 = CARTESIAN_POINT('',(-1.92579389028,11.527935458884,0.));
#6929 = CARTESIAN_POINT('',(-1.948223316091,11.302014054432,0.));
#6930 = CARTESIAN_POINT('',(-1.937148605639,11.169237721722,0.));
#6931 = CARTESIAN_POINT('',(-1.931985013817,11.12594300868,0.));
#6932 = VECTOR('',#6933,1.);
#6933 = DIRECTION('',(-0.,-0.,-1.));
#6934 = ADVANCED_FACE('',(#6935),#6946,.F.);
#6935 = FACE_BOUND('',#6936,.F.);
#6936 = EDGE_LOOP('',(#6937,#6943,#6944,#6945));
#6937 = ORIENTED_EDGE('',*,*,#6938,.T.);
#6938 = EDGE_CURVE('',#1668,#3821,#6939,.T.);
#6939 = LINE('',#6940,#6941);
#6940 = CARTESIAN_POINT('',(-3.673868595012,-12.26143097467,0.));
#6941 = VECTOR('',#6942,1.);
#6942 = DIRECTION('',(0.,0.,1.));
#6943 = ORIENTED_EDGE('',*,*,#3829,.T.);
#6944 = ORIENTED_EDGE('',*,*,#6898,.F.);
#6945 = ORIENTED_EDGE('',*,*,#1676,.F.);
#6946 = SURFACE_OF_LINEAR_EXTRUSION('',#6947,#6952);
#6947 = B_SPLINE_CURVE_WITH_KNOTS('',3,(#6948,#6949,#6950,#6951),
  .UNSPECIFIED.,.F.,.F.,(4,4),(0.,1.),.PIECEWISE_BEZIER_KNOTS.);
#6948 = CARTESIAN_POINT('',(-3.673868595012,-12.26143097467,0.));
#6949 = CARTESIAN_POINT('',(-3.294186320732,-11.88009702561,0.));
#6950 = CARTESIAN_POINT('',(-3.064452519667,-11.55019252994,0.));
#6951 = CARTESIAN_POINT('',(-2.929533509319,-11.31458401664,0.));
#6952 = VECTOR('',#6953,1.);
#6953 = DIRECTION('',(-0.,-0.,-1.));
#6954 = ADVANCED_FACE('',(#6955),#6966,.F.);
#6955 = FACE_BOUND('',#6956,.F.);
#6956 = EDGE_LOOP('',(#6957,#6958,#6959,#6965));
#6957 = ORIENTED_EDGE('',*,*,#6920,.T.);
#6958 = ORIENTED_EDGE('',*,*,#2911,.T.);
#6959 = ORIENTED_EDGE('',*,*,#6960,.F.);
#6960 = EDGE_CURVE('',#759,#2912,#6961,.T.);
#6961 = LINE('',#6962,#6963);
#6962 = CARTESIAN_POINT('',(-2.172739651571,10.783283470562,0.));
#6963 = VECTOR('',#6964,1.);
#6964 = DIRECTION('',(0.,0.,1.));
#6965 = ORIENTED_EDGE('',*,*,#758,.F.);
#6966 = CYLINDRICAL_SURFACE('',#6967,0.304);
#6967 = AXIS2_PLACEMENT_3D('',#6968,#6969,#6970);
#6968 = CARTESIAN_POINT('',(-2.232691173484,11.081313360036,0.));
#6969 = DIRECTION('',(0.,0.,-1.));
#6970 = DIRECTION('',(0.989164998906,0.146808054749,0.));
#6971 = ADVANCED_FACE('',(#6972),#6983,.T.);
#6972 = FACE_BOUND('',#6973,.F.);
#6973 = EDGE_LOOP('',(#6974,#6980,#6981,#6982));
#6974 = ORIENTED_EDGE('',*,*,#6975,.T.);
#6975 = EDGE_CURVE('',#1659,#3812,#6976,.T.);
#6976 = LINE('',#6977,#6978);
#6977 = CARTESIAN_POINT('',(-4.234851437664,-12.08001549786,0.));
#6978 = VECTOR('',#6979,1.);
#6979 = DIRECTION('',(0.,0.,1.));
#6980 = ORIENTED_EDGE('',*,*,#3820,.T.);
#6981 = ORIENTED_EDGE('',*,*,#6938,.F.);
#6982 = ORIENTED_EDGE('',*,*,#1667,.F.);
#6983 = CYLINDRICAL_SURFACE('',#6984,12.799999999981);
#6984 = AXIS2_PLACEMENT_3D('',#6985,#6986,#6987);
#6985 = CARTESIAN_POINT('',(-1.685710943896E-02,5.038239977901E-03,0.));
#6986 = DIRECTION('',(-0.,-0.,-1.));
#6987 = DIRECTION('',(-0.329530806893,-0.94414482327,0.));
#6988 = ADVANCED_FACE('',(#6989),#7000,.T.);
#6989 = FACE_BOUND('',#6990,.F.);
#6990 = EDGE_LOOP('',(#6991,#6992,#6993,#6999));
#6991 = ORIENTED_EDGE('',*,*,#6960,.T.);
#6992 = ORIENTED_EDGE('',*,*,#2920,.T.);
#6993 = ORIENTED_EDGE('',*,*,#6994,.F.);
#6994 = EDGE_CURVE('',#768,#2921,#6995,.T.);
#6995 = LINE('',#6996,#6997);
#6996 = CARTESIAN_POINT('',(-2.401060080818,10.734752465162,0.));
#6997 = VECTOR('',#6998,1.);
#6998 = DIRECTION('',(0.,0.,1.));
#6999 = ORIENTED_EDGE('',*,*,#767,.F.);
#7000 = CYLINDRICAL_SURFACE('',#7001,11.00000000003);
#7001 = AXIS2_PLACEMENT_3D('',#7002,#7003,#7004);
#7002 = CARTESIAN_POINT('',(6.16662E-12,-2.952305E-11,0.));
#7003 = DIRECTION('',(-0.,-0.,-1.));
#7004 = DIRECTION('',(-0.197521786507,0.980298497324,0.));
#7005 = ADVANCED_FACE('',(#7006),#7017,.F.);
#7006 = FACE_BOUND('',#7007,.F.);
#7007 = EDGE_LOOP('',(#7008,#7014,#7015,#7016));
#7008 = ORIENTED_EDGE('',*,*,#7009,.T.);
#7009 = EDGE_CURVE('',#1650,#3803,#7010,.T.);
#7010 = LINE('',#7011,#7012);
#7011 = CARTESIAN_POINT('',(-4.28050322618,-10.87562734662,0.));
#7012 = VECTOR('',#7013,1.);
#7013 = DIRECTION('',(0.,0.,1.));
#7014 = ORIENTED_EDGE('',*,*,#3811,.T.);
#7015 = ORIENTED_EDGE('',*,*,#6975,.F.);
#7016 = ORIENTED_EDGE('',*,*,#1658,.F.);
#7017 = SURFACE_OF_LINEAR_EXTRUSION('',#7018,#7023);
#7018 = B_SPLINE_CURVE_WITH_KNOTS('',3,(#7019,#7020,#7021,#7022),
  .UNSPECIFIED.,.F.,.F.,(4,4),(0.,1.),.PIECEWISE_BEZIER_KNOTS.);
#7019 = CARTESIAN_POINT('',(-4.28050322618,-10.87562734662,0.));
#7020 = CARTESIAN_POINT('',(-4.309838663372,-11.14554204243,0.));
#7021 = CARTESIAN_POINT('',(-4.31789311135,-11.54747452617,0.));
#7022 = CARTESIAN_POINT('',(-4.234851437664,-12.08001549786,0.));
#7023 = VECTOR('',#7024,1.);
#7024 = DIRECTION('',(-0.,-0.,-1.));
#7025 = ADVANCED_FACE('',(#7026),#7037,.F.);
#7026 = FACE_BOUND('',#7027,.F.);
#7027 = EDGE_LOOP('',(#7028,#7029,#7030,#7036));
#7028 = ORIENTED_EDGE('',*,*,#6994,.T.);
#7029 = ORIENTED_EDGE('',*,*,#2929,.T.);
#7030 = ORIENTED_EDGE('',*,*,#7031,.F.);
#7031 = EDGE_CURVE('',#777,#2930,#7032,.T.);
#7032 = LINE('',#7033,#7034);
#7033 = CARTESIAN_POINT('',(-2.760245102112,10.949475681079,0.));
#7034 = VECTOR('',#7035,1.);
#7035 = DIRECTION('',(0.,0.,1.));
#7036 = ORIENTED_EDGE('',*,*,#776,.F.);
#7037 = CYLINDRICAL_SURFACE('',#7038,0.304);
#7038 = AXIS2_PLACEMENT_3D('',#7039,#7040,#7041);
#7039 = CARTESIAN_POINT('',(-2.467493305764,11.031404831785,0.));
#7040 = DIRECTION('',(0.,0.,-1.));
#7041 = DIRECTION('',(0.218530345218,-0.975830153366,0.));
#7042 = ADVANCED_FACE('',(#7043),#7054,.F.);
#7043 = FACE_BOUND('',#7044,.F.);
#7044 = EDGE_LOOP('',(#7045,#7051,#7052,#7053));
#7045 = ORIENTED_EDGE('',*,*,#7046,.T.);
#7046 = EDGE_CURVE('',#1641,#3794,#7047,.T.);
#7047 = LINE('',#7048,#7049);
#7048 = CARTESIAN_POINT('',(-4.202855129425,-10.48074326922,0.));
#7049 = VECTOR('',#7050,1.);
#7050 = DIRECTION('',(0.,0.,1.));
#7051 = ORIENTED_EDGE('',*,*,#3802,.T.);
#7052 = ORIENTED_EDGE('',*,*,#7009,.F.);
#7053 = ORIENTED_EDGE('',*,*,#1649,.F.);
#7054 = SURFACE_OF_LINEAR_EXTRUSION('',#7055,#7060);
#7055 = B_SPLINE_CURVE_WITH_KNOTS('',3,(#7056,#7057,#7058,#7059),
  .UNSPECIFIED.,.F.,.F.,(4,4),(0.,1.),.PIECEWISE_BEZIER_KNOTS.);
#7056 = CARTESIAN_POINT('',(-4.202855129425,-10.48074326922,0.));
#7057 = CARTESIAN_POINT('',(-4.21703236074,-10.52240723756,0.));
#7058 = CARTESIAN_POINT('',(-4.255470814031,-10.64997952706,0.));
#7059 = CARTESIAN_POINT('',(-4.28050322618,-10.87562734662,0.));
#7060 = VECTOR('',#7061,1.);
#7061 = DIRECTION('',(-0.,-0.,-1.));
#7062 = ADVANCED_FACE('',(#7063),#7074,.F.);
#7063 = FACE_BOUND('',#7064,.F.);
#7064 = EDGE_LOOP('',(#7065,#7066,#7067,#7073));
#7065 = ORIENTED_EDGE('',*,*,#7031,.T.);
#7066 = ORIENTED_EDGE('',*,*,#2938,.T.);
#7067 = ORIENTED_EDGE('',*,*,#7068,.F.);
#7068 = EDGE_CURVE('',#786,#2939,#7069,.T.);
#7069 = LINE('',#7070,#7071);
#7070 = CARTESIAN_POINT('',(-2.929533509319,11.314584016649,0.));
#7071 = VECTOR('',#7072,1.);
#7072 = DIRECTION('',(0.,0.,1.));
#7073 = ORIENTED_EDGE('',*,*,#785,.F.);
#7074 = SURFACE_OF_LINEAR_EXTRUSION('',#7075,#7080);
#7075 = B_SPLINE_CURVE_WITH_KNOTS('',3,(#7076,#7077,#7078,#7079),
  .UNSPECIFIED.,.F.,.F.,(4,4),(0.,1.),.PIECEWISE_BEZIER_KNOTS.);
#7076 = CARTESIAN_POINT('',(-2.760245102112,10.949475681079,0.));
#7077 = CARTESIAN_POINT('',(-2.773264947188,10.991515707007,0.));
#7078 = CARTESIAN_POINT('',(-2.817152695606,11.117317413188,0.));
#7079 = CARTESIAN_POINT('',(-2.929533509319,11.314584016649,0.));
#7080 = VECTOR('',#7081,1.);
#7081 = DIRECTION('',(-0.,-0.,-1.));
#7082 = ADVANCED_FACE('',(#7083),#7094,.F.);
#7083 = FACE_BOUND('',#7084,.F.);
#7084 = EDGE_LOOP('',(#7085,#7091,#7092,#7093));
#7085 = ORIENTED_EDGE('',*,*,#7086,.T.);
#7086 = EDGE_CURVE('',#1632,#3785,#7087,.T.);
#7087 = LINE('',#7088,#7089);
#7088 = CARTESIAN_POINT('',(-4.367230776135,-10.09590488009,0.));
#7089 = VECTOR('',#7090,1.);
#7090 = DIRECTION('',(0.,0.,1.));
#7091 = ORIENTED_EDGE('',*,*,#3793,.T.);
#7092 = ORIENTED_EDGE('',*,*,#7046,.F.);
#7093 = ORIENTED_EDGE('',*,*,#1640,.F.);
#7094 = CYLINDRICAL_SURFACE('',#7095,0.304);
#7095 = AXIS2_PLACEMENT_3D('',#7096,#7097,#7098);
#7096 = CARTESIAN_POINT('',(-4.487853054321,-10.374950156,0.));
#7097 = DIRECTION('',(0.,0.,-1.));
#7098 = DIRECTION('',(0.396783809823,0.917912091795,0.));
#7099 = ADVANCED_FACE('',(#7100),#7111,.F.);
#7100 = FACE_BOUND('',#7101,.F.);
#7101 = EDGE_LOOP('',(#7102,#7103,#7104,#7110));
#7102 = ORIENTED_EDGE('',*,*,#7068,.T.);
#7103 = ORIENTED_EDGE('',*,*,#2947,.T.);
#7104 = ORIENTED_EDGE('',*,*,#7105,.F.);
#7105 = EDGE_CURVE('',#795,#2948,#7106,.T.);
#7106 = LINE('',#7107,#7108);
#7107 = CARTESIAN_POINT('',(-3.674388175387,12.262121050794,0.));
#7108 = VECTOR('',#7109,1.);
#7109 = DIRECTION('',(0.,0.,1.));
#7110 = ORIENTED_EDGE('',*,*,#794,.F.);
#7111 = SURFACE_OF_LINEAR_EXTRUSION('',#7112,#7117);
#7112 = B_SPLINE_CURVE_WITH_KNOTS('',3,(#7113,#7114,#7115,#7116),
  .UNSPECIFIED.,.F.,.F.,(4,4),(0.,1.),.PIECEWISE_BEZIER_KNOTS.);
#7113 = CARTESIAN_POINT('',(-2.929533509319,11.314584016649,0.));
#7114 = CARTESIAN_POINT('',(-3.064452519667,11.550192529941,0.));
#7115 = CARTESIAN_POINT('',(-3.294186320732,11.880097025613,0.));
#7116 = CARTESIAN_POINT('',(-3.674388175387,12.262121050794,0.));
#7117 = VECTOR('',#7118,1.);
#7118 = DIRECTION('',(-0.,-0.,-1.));
#7119 = ADVANCED_FACE('',(#7120),#7131,.T.);
#7120 = FACE_BOUND('',#7121,.F.);
#7121 = EDGE_LOOP('',(#7122,#7128,#7129,#7130));
#7122 = ORIENTED_EDGE('',*,*,#7123,.T.);
#7123 = EDGE_CURVE('',#1623,#3776,#7124,.T.);
#7124 = LINE('',#7125,#7126);
#7125 = CARTESIAN_POINT('',(-4.580471692812,-10.00096390711,0.));
#7126 = VECTOR('',#7127,1.);
#7127 = DIRECTION('',(0.,0.,1.));
#7128 = ORIENTED_EDGE('',*,*,#3784,.T.);
#7129 = ORIENTED_EDGE('',*,*,#7086,.F.);
#7130 = ORIENTED_EDGE('',*,*,#1631,.F.);
#7131 = CYLINDRICAL_SURFACE('',#7132,10.999999999984);
#7132 = AXIS2_PLACEMENT_3D('',#7133,#7134,#7135);
#7133 = CARTESIAN_POINT('',(-6.27542E-12,-1.426148E-11,0.));
#7134 = DIRECTION('',(-0.,-0.,-1.));
#7135 = DIRECTION('',(-0.416406517528,-0.90917853701,0.));
#7136 = ADVANCED_FACE('',(#7137),#7148,.T.);
#7137 = FACE_BOUND('',#7138,.F.);
#7138 = EDGE_LOOP('',(#7139,#7140,#7141,#7147));
#7139 = ORIENTED_EDGE('',*,*,#7105,.T.);
#7140 = ORIENTED_EDGE('',*,*,#2956,.T.);
#7141 = ORIENTED_EDGE('',*,*,#7142,.F.);
#7142 = EDGE_CURVE('',#804,#2957,#7143,.T.);
#7143 = LINE('',#7144,#7145);
#7144 = CARTESIAN_POINT('',(-4.234866170448,12.079151812871,0.));
#7145 = VECTOR('',#7146,1.);
#7146 = DIRECTION('',(0.,0.,1.));
#7147 = ORIENTED_EDGE('',*,*,#803,.F.);
#7148 = CYLINDRICAL_SURFACE('',#7149,12.799999999997);
#7149 = AXIS2_PLACEMENT_3D('',#7150,#7151,#7152);
#7150 = CARTESIAN_POINT('',(1.659909117375E-02,5.832338545115E-03,0.));
#7151 = DIRECTION('',(-0.,-0.,-1.));
#7152 = DIRECTION('',(-0.2883583802,0.957522555645,0.));
#7153 = ADVANCED_FACE('',(#7154),#7165,.F.);
#7154 = FACE_BOUND('',#7155,.F.);
#7155 = EDGE_LOOP('',(#7156,#7162,#7163,#7164));
#7156 = ORIENTED_EDGE('',*,*,#7157,.T.);
#7157 = EDGE_CURVE('',#1614,#3767,#7158,.T.);
#7158 = LINE('',#7159,#7160);
#7159 = CARTESIAN_POINT('',(-4.976656509293,-10.13666927124,0.));
#7160 = VECTOR('',#7161,1.);
#7161 = DIRECTION('',(0.,0.,1.));
#7162 = ORIENTED_EDGE('',*,*,#3775,.T.);
#7163 = ORIENTED_EDGE('',*,*,#7123,.F.);
#7164 = ORIENTED_EDGE('',*,*,#1622,.F.);
#7165 = CYLINDRICAL_SURFACE('',#7166,0.304);
#7166 = AXIS2_PLACEMENT_3D('',#7167,#7168,#7169);
#7167 = CARTESIAN_POINT('',(-4.707147466521,-10.27731377296,0.));
#7168 = DIRECTION('',(0.,0.,-1.));
#7169 = DIRECTION('',(-0.886542903855,0.462646387238,0.));
#7170 = ADVANCED_FACE('',(#7171),#7182,.F.);
#7171 = FACE_BOUND('',#7172,.F.);
#7172 = EDGE_LOOP('',(#7173,#7174,#7175,#7181));
#7173 = ORIENTED_EDGE('',*,*,#7142,.T.);
#7174 = ORIENTED_EDGE('',*,*,#2965,.T.);
#7175 = ORIENTED_EDGE('',*,*,#7176,.F.);
#7176 = EDGE_CURVE('',#813,#2966,#7177,.T.);
#7177 = LINE('',#7178,#7179);
#7178 = CARTESIAN_POINT('',(-4.28050322618,10.875627346627,0.));
#7179 = VECTOR('',#7180,1.);
#7180 = DIRECTION('',(0.,0.,1.));
#7181 = ORIENTED_EDGE('',*,*,#812,.F.);
#7182 = SURFACE_OF_LINEAR_EXTRUSION('',#7183,#7188);
#7183 = B_SPLINE_CURVE_WITH_KNOTS('',3,(#7184,#7185,#7186,#7187),
  .UNSPECIFIED.,.F.,.F.,(4,4),(0.,1.),.PIECEWISE_BEZIER_KNOTS.);
#7184 = CARTESIAN_POINT('',(-4.234866170448,12.079151812871,0.));
#7185 = CARTESIAN_POINT('',(-4.31789311135,11.547474526174,0.));
#7186 = CARTESIAN_POINT('',(-4.309838663372,11.145542042436,0.));
#7187 = CARTESIAN_POINT('',(-4.28050322618,10.875627346627,0.));
#7188 = VECTOR('',#7189,1.);
#7189 = DIRECTION('',(-0.,-0.,-1.));
#7190 = ADVANCED_FACE('',(#7191),#7202,.F.);
#7191 = FACE_BOUND('',#7192,.F.);
#7192 = EDGE_LOOP('',(#7193,#7199,#7200,#7201));
#7193 = ORIENTED_EDGE('',*,*,#7194,.T.);
#7194 = EDGE_CURVE('',#1605,#3758,#7195,.T.);
#7195 = LINE('',#7196,#7197);
#7196 = CARTESIAN_POINT('',(-5.217950467211,-10.45824894395,0.));
#7197 = VECTOR('',#7198,1.);
#7198 = DIRECTION('',(0.,0.,1.));
#7199 = ORIENTED_EDGE('',*,*,#3766,.T.);
#7200 = ORIENTED_EDGE('',*,*,#7157,.F.);
#7201 = ORIENTED_EDGE('',*,*,#1613,.F.);
#7202 = SURFACE_OF_LINEAR_EXTRUSION('',#7203,#7208);
#7203 = B_SPLINE_CURVE_WITH_KNOTS('',3,(#7204,#7205,#7206,#7207),
  .UNSPECIFIED.,.F.,.F.,(4,4),(0.,1.),.PIECEWISE_BEZIER_KNOTS.);
#7204 = CARTESIAN_POINT('',(-5.217950467211,-10.45824894395,0.));
#7205 = CARTESIAN_POINT('',(-5.067011410842,-10.28865837407,0.));
#7206 = CARTESIAN_POINT('',(-4.997927069585,-10.17473051298,0.));
#7207 = CARTESIAN_POINT('',(-4.976656509293,-10.13666927124,0.));
#7208 = VECTOR('',#7209,1.);
#7209 = DIRECTION('',(-0.,-0.,-1.));
#7210 = ADVANCED_FACE('',(#7211),#7222,.F.);
#7211 = FACE_BOUND('',#7212,.F.);
#7212 = EDGE_LOOP('',(#7213,#7214,#7215,#7221));
#7213 = ORIENTED_EDGE('',*,*,#7176,.T.);
#7214 = ORIENTED_EDGE('',*,*,#2974,.T.);
#7215 = ORIENTED_EDGE('',*,*,#7216,.F.);
#7216 = EDGE_CURVE('',#822,#2975,#7217,.T.);
#7217 = LINE('',#7218,#7219);
#7218 = CARTESIAN_POINT('',(-4.202980128795,10.481132188984,0.));
#7219 = VECTOR('',#7220,1.);
#7220 = DIRECTION('',(0.,0.,1.));
#7221 = ORIENTED_EDGE('',*,*,#821,.F.);
#7222 = SURFACE_OF_LINEAR_EXTRUSION('',#7223,#7228);
#7223 = B_SPLINE_CURVE_WITH_KNOTS('',3,(#7224,#7225,#7226,#7227),
  .UNSPECIFIED.,.F.,.F.,(4,4),(0.,1.),.PIECEWISE_BEZIER_KNOTS.);
#7224 = CARTESIAN_POINT('',(-4.28050322618,10.875627346627,0.));
#7225 = CARTESIAN_POINT('',(-4.255470814031,10.649979527063,0.));
#7226 = CARTESIAN_POINT('',(-4.21703236074,10.522407237564,0.));
#7227 = CARTESIAN_POINT('',(-4.202980128795,10.481132188984,0.));
#7228 = VECTOR('',#7229,1.);
#7229 = DIRECTION('',(-0.,-0.,-1.));
#7230 = ADVANCED_FACE('',(#7231),#7242,.F.);
#7231 = FACE_BOUND('',#7232,.F.);
#7232 = EDGE_LOOP('',(#7233,#7239,#7240,#7241));
#7233 = ORIENTED_EDGE('',*,*,#7234,.T.);
#7234 = EDGE_CURVE('',#1596,#3749,#7235,.T.);
#7235 = LINE('',#7236,#7237);
#7236 = CARTESIAN_POINT('',(-6.142880597411,-11.229649058,0.));
#7237 = VECTOR('',#7238,1.);
#7238 = DIRECTION('',(0.,0.,1.));
#7239 = ORIENTED_EDGE('',*,*,#3757,.T.);
#7240 = ORIENTED_EDGE('',*,*,#7194,.F.);
#7241 = ORIENTED_EDGE('',*,*,#1604,.F.);
#7242 = SURFACE_OF_LINEAR_EXTRUSION('',#7243,#7248);
#7243 = B_SPLINE_CURVE_WITH_KNOTS('',3,(#7244,#7245,#7246,#7247),
  .UNSPECIFIED.,.F.,.F.,(4,4),(0.,1.),.PIECEWISE_BEZIER_KNOTS.);
#7244 = CARTESIAN_POINT('',(-6.142880597411,-11.229649058,0.));
#7245 = CARTESIAN_POINT('',(-5.692211505668,-10.93558855427,0.));
#7246 = CARTESIAN_POINT('',(-5.398906937846,-10.66065760638,0.));
#7247 = CARTESIAN_POINT('',(-5.217950467211,-10.45824894395,0.));
#7248 = VECTOR('',#7249,1.);
#7249 = DIRECTION('',(-0.,-0.,-1.));
#7250 = ADVANCED_FACE('',(#7251),#7262,.F.);
#7251 = FACE_BOUND('',#7252,.F.);
#7252 = EDGE_LOOP('',(#7253,#7254,#7255,#7261));
#7253 = ORIENTED_EDGE('',*,*,#7216,.T.);
#7254 = ORIENTED_EDGE('',*,*,#2983,.T.);
#7255 = ORIENTED_EDGE('',*,*,#7256,.F.);
#7256 = EDGE_CURVE('',#831,#2984,#7257,.T.);
#7257 = LINE('',#7258,#7259);
#7258 = CARTESIAN_POINT('',(-4.367230776135,10.095904880097,0.));
#7259 = VECTOR('',#7260,1.);
#7260 = DIRECTION('',(0.,0.,1.));
#7261 = ORIENTED_EDGE('',*,*,#830,.F.);
#7262 = CYLINDRICAL_SURFACE('',#7263,0.304);
#7263 = AXIS2_PLACEMENT_3D('',#7264,#7265,#7266);
#7264 = CARTESIAN_POINT('',(-4.48783611169,10.374957479146,0.));
#7265 = DIRECTION('',(0.,0.,-1.));
#7266 = DIRECTION('',(0.937026259521,0.349258913941,0.));
#7267 = ADVANCED_FACE('',(#7268),#7279,.T.);
#7268 = FACE_BOUND('',#7269,.F.);
#7269 = EDGE_LOOP('',(#7270,#7276,#7277,#7278));
#7270 = ORIENTED_EDGE('',*,*,#7271,.T.);
#7271 = EDGE_CURVE('',#1587,#3740,#7272,.T.);
#7272 = LINE('',#7273,#7274);
#7273 = CARTESIAN_POINT('',(-6.653886220481,-10.93556305329,0.));
#7274 = VECTOR('',#7275,1.);
#7275 = DIRECTION('',(0.,0.,1.));
#7276 = ORIENTED_EDGE('',*,*,#3748,.T.);
#7277 = ORIENTED_EDGE('',*,*,#7234,.F.);
#7278 = ORIENTED_EDGE('',*,*,#1595,.F.);
#7279 = CYLINDRICAL_SURFACE('',#7280,12.800000000003);
#7280 = AXIS2_PLACEMENT_3D('',#7281,#7282,#7283);
#7281 = CARTESIAN_POINT('',(-1.544123214911E-02,8.432932491838E-03,0.));
#7282 = DIRECTION('',(-0.,-0.,-1.));
#7283 = DIRECTION('',(-0.518628514713,-0.85499968639,0.));
#7284 = ADVANCED_FACE('',(#7285),#7296,.T.);
#7285 = FACE_BOUND('',#7286,.F.);
#7286 = EDGE_LOOP('',(#7287,#7288,#7289,#7295));
#7287 = ORIENTED_EDGE('',*,*,#7256,.T.);
#7288 = ORIENTED_EDGE('',*,*,#2992,.T.);
#7289 = ORIENTED_EDGE('',*,*,#7290,.F.);
#7290 = EDGE_CURVE('',#840,#2993,#7291,.T.);
#7291 = LINE('',#7292,#7293);
#7292 = CARTESIAN_POINT('',(-4.580471692812,10.000963907112,0.));
#7293 = VECTOR('',#7294,1.);
#7294 = DIRECTION('',(0.,0.,1.));
#7295 = ORIENTED_EDGE('',*,*,#839,.F.);
#7296 = CYLINDRICAL_SURFACE('',#7297,10.999999999981);
#7297 = AXIS2_PLACEMENT_3D('',#7298,#7299,#7300);
#7298 = CARTESIAN_POINT('',(-7.72982E-12,1.712142E-11,0.));
#7299 = DIRECTION('',(-0.,-0.,-1.));
#7300 = DIRECTION('',(-0.397020979649,0.917809534554,0.));
#7301 = ADVANCED_FACE('',(#7302),#7313,.F.);
#7302 = FACE_BOUND('',#7303,.F.);
#7303 = EDGE_LOOP('',(#7304,#7310,#7311,#7312));
#7304 = ORIENTED_EDGE('',*,*,#7305,.T.);
#7305 = EDGE_CURVE('',#1578,#3731,#7306,.T.);
#7306 = LINE('',#7307,#7308);
#7307 = CARTESIAN_POINT('',(-6.448134030963,-9.748002132272,0.));
#7308 = VECTOR('',#7309,1.);
#7309 = DIRECTION('',(0.,0.,1.));
#7310 = ORIENTED_EDGE('',*,*,#3739,.T.);
#7311 = ORIENTED_EDGE('',*,*,#7271,.F.);
#7312 = ORIENTED_EDGE('',*,*,#1586,.F.);
#7313 = SURFACE_OF_LINEAR_EXTRUSION('',#7314,#7319);
#7314 = B_SPLINE_CURVE_WITH_KNOTS('',3,(#7315,#7316,#7317,#7318),
  .UNSPECIFIED.,.F.,.F.,(4,4),(0.,1.),.PIECEWISE_BEZIER_KNOTS.);
#7315 = CARTESIAN_POINT('',(-6.448134030963,-9.748002132272,0.));
#7316 = CARTESIAN_POINT('',(-6.532946839251,-10.00591936403,0.));
#7317 = CARTESIAN_POINT('',(-6.624391740504,-10.39739404476,0.));
#7318 = CARTESIAN_POINT('',(-6.653886220481,-10.93556305329,0.));
#7319 = VECTOR('',#7320,1.);
#7320 = DIRECTION('',(-0.,-0.,-1.));
#7321 = ADVANCED_FACE('',(#7322),#7333,.F.);
#7322 = FACE_BOUND('',#7323,.F.);
#7323 = EDGE_LOOP('',(#7324,#7325,#7326,#7332));
#7324 = ORIENTED_EDGE('',*,*,#7290,.T.);
#7325 = ORIENTED_EDGE('',*,*,#3001,.T.);
#7326 = ORIENTED_EDGE('',*,*,#7327,.F.);
#7327 = EDGE_CURVE('',#849,#3002,#7328,.T.);
#7328 = LINE('',#7329,#7330);
#7329 = CARTESIAN_POINT('',(-4.976451126489,10.13631614049,0.));
#7330 = VECTOR('',#7331,1.);
#7331 = DIRECTION('',(0.,0.,1.));
#7332 = ORIENTED_EDGE('',*,*,#848,.F.);
#7333 = CYLINDRICAL_SURFACE('',#7334,0.304);
#7334 = AXIS2_PLACEMENT_3D('',#7335,#7336,#7337);
#7335 = CARTESIAN_POINT('',(-4.707130687532,10.277321463651,0.));
#7336 = DIRECTION('',(0.,0.,-1.));
#7337 = DIRECTION('',(0.41664143,-0.90907090967,0.));
#7338 = ADVANCED_FACE('',(#7339),#7350,.F.);
#7339 = FACE_BOUND('',#7340,.F.);
#7340 = EDGE_LOOP('',(#7341,#7347,#7348,#7349));
#7341 = ORIENTED_EDGE('',*,*,#7342,.T.);
#7342 = EDGE_CURVE('',#1569,#3722,#7343,.T.);
#7343 = LINE('',#7344,#7345);
#7344 = CARTESIAN_POINT('',(-6.29008171521,-9.377891166476,0.));
#7345 = VECTOR('',#7346,1.);
#7346 = DIRECTION('',(0.,0.,1.));
#7347 = ORIENTED_EDGE('',*,*,#3730,.T.);
#7348 = ORIENTED_EDGE('',*,*,#7305,.F.);
#7349 = ORIENTED_EDGE('',*,*,#1577,.F.);
#7350 = SURFACE_OF_LINEAR_EXTRUSION('',#7351,#7356);
#7351 = B_SPLINE_CURVE_WITH_KNOTS('',3,(#7352,#7353,#7354,#7355),
  .UNSPECIFIED.,.F.,.F.,(4,4),(0.,1.),.PIECEWISE_BEZIER_KNOTS.);
#7352 = CARTESIAN_POINT('',(-6.29008171521,-9.377891166476,0.));
#7353 = CARTESIAN_POINT('',(-6.312611566109,-9.415697065013,0.));
#7354 = CARTESIAN_POINT('',(-6.376733817384,-9.53248979009,0.));
#7355 = CARTESIAN_POINT('',(-6.448134030963,-9.748002132272,0.));
#7356 = VECTOR('',#7357,1.);
#7357 = DIRECTION('',(-0.,-0.,-1.));
#7358 = ADVANCED_FACE('',(#7359),#7370,.F.);
#7359 = FACE_BOUND('',#7360,.F.);
#7360 = EDGE_LOOP('',(#7361,#7362,#7363,#7369));
#7361 = ORIENTED_EDGE('',*,*,#7327,.T.);
#7362 = ORIENTED_EDGE('',*,*,#3010,.T.);
#7363 = ORIENTED_EDGE('',*,*,#7364,.F.);
#7364 = EDGE_CURVE('',#858,#3011,#7365,.T.);
#7365 = LINE('',#7366,#7367);
#7366 = CARTESIAN_POINT('',(-5.217950467211,10.458248943957,0.));
#7367 = VECTOR('',#7368,1.);
#7368 = DIRECTION('',(0.,0.,1.));
#7369 = ORIENTED_EDGE('',*,*,#857,.F.);
#7370 = SURFACE_OF_LINEAR_EXTRUSION('',#7371,#7376);
#7371 = B_SPLINE_CURVE_WITH_KNOTS('',3,(#7372,#7373,#7374,#7375),
  .UNSPECIFIED.,.F.,.F.,(4,4),(0.,1.),.PIECEWISE_BEZIER_KNOTS.);
#7372 = CARTESIAN_POINT('',(-4.976451126489,10.13631614049,0.));
#7373 = CARTESIAN_POINT('',(-4.997927069585,10.174730512981,0.));
#7374 = CARTESIAN_POINT('',(-5.067011410842,10.288658374071,0.));
#7375 = CARTESIAN_POINT('',(-5.217950467211,10.458248943957,0.));
#7376 = VECTOR('',#7377,1.);
#7377 = DIRECTION('',(-0.,-0.,-1.));
#7378 = ADVANCED_FACE('',(#7379),#7390,.F.);
#7379 = FACE_BOUND('',#7380,.F.);
#7380 = EDGE_LOOP('',(#7381,#7387,#7388,#7389));
#7381 = ORIENTED_EDGE('',*,*,#7382,.T.);
#7382 = EDGE_CURVE('',#1560,#3713,#7383,.T.);
#7383 = LINE('',#7384,#7385);
#7384 = CARTESIAN_POINT('',(-6.370852959484,-8.967286800846,0.));
#7385 = VECTOR('',#7386,1.);
#7386 = DIRECTION('',(0.,0.,1.));
#7387 = ORIENTED_EDGE('',*,*,#3721,.T.);
#7388 = ORIENTED_EDGE('',*,*,#7342,.F.);
#7389 = ORIENTED_EDGE('',*,*,#1568,.F.);
#7390 = CYLINDRICAL_SURFACE('',#7391,0.304);
#7391 = AXIS2_PLACEMENT_3D('',#7392,#7393,#7394);
#7392 = CARTESIAN_POINT('',(-6.546856126615,-9.215155486162,0.));
#7393 = DIRECTION('',(0.,0.,-1.));
#7394 = DIRECTION('',(0.578957786615,0.815357517484,0.));
#7395 = ADVANCED_FACE('',(#7396),#7407,.F.);
#7396 = FACE_BOUND('',#7397,.F.);
#7397 = EDGE_LOOP('',(#7398,#7399,#7400,#7406));
#7398 = ORIENTED_EDGE('',*,*,#7364,.T.);
#7399 = ORIENTED_EDGE('',*,*,#3019,.T.);
#7400 = ORIENTED_EDGE('',*,*,#7401,.F.);
#7401 = EDGE_CURVE('',#867,#3020,#7402,.T.);
#7402 = LINE('',#7403,#7404);
#7403 = CARTESIAN_POINT('',(-6.143532298602,11.230216027477,0.));
#7404 = VECTOR('',#7405,1.);
#7405 = DIRECTION('',(0.,0.,1.));
#7406 = ORIENTED_EDGE('',*,*,#866,.F.);
#7407 = SURFACE_OF_LINEAR_EXTRUSION('',#7408,#7413);
#7408 = B_SPLINE_CURVE_WITH_KNOTS('',3,(#7409,#7410,#7411,#7412),
  .UNSPECIFIED.,.F.,.F.,(4,4),(0.,1.),.PIECEWISE_BEZIER_KNOTS.);
#7409 = CARTESIAN_POINT('',(-5.217950467211,10.458248943957,0.));
#7410 = CARTESIAN_POINT('',(-5.398906937846,10.660657606381,0.));
#7411 = CARTESIAN_POINT('',(-5.692211505668,10.935588554276,0.));
#7412 = CARTESIAN_POINT('',(-6.143532298602,11.230216027477,0.));
#7413 = VECTOR('',#7414,1.);
#7414 = DIRECTION('',(-0.,-0.,-1.));
#7415 = ADVANCED_FACE('',(#7416),#7427,.T.);
#7416 = FACE_BOUND('',#7417,.F.);
#7417 = EDGE_LOOP('',(#7418,#7424,#7425,#7426));
#7418 = ORIENTED_EDGE('',*,*,#7419,.T.);
#7419 = EDGE_CURVE('',#1551,#3704,#7420,.T.);
#7420 = LINE('',#7421,#7422);
#7421 = CARTESIAN_POINT('',(-6.559694712288,-8.830085236371,0.));
#7422 = VECTOR('',#7423,1.);
#7423 = DIRECTION('',(0.,0.,1.));
#7424 = ORIENTED_EDGE('',*,*,#3712,.T.);
#7425 = ORIENTED_EDGE('',*,*,#7382,.F.);
#7426 = ORIENTED_EDGE('',*,*,#1559,.F.);
#7427 = CYLINDRICAL_SURFACE('',#7428,10.999999999991);
#7428 = AXIS2_PLACEMENT_3D('',#7429,#7430,#7431);
#7429 = CARTESIAN_POINT('',(-5.3646E-12,-7.28395E-12,0.));
#7430 = DIRECTION('',(-0.,-0.,-1.));
#7431 = DIRECTION('',(-0.596335882935,-0.802735021488,0.));
#7432 = ADVANCED_FACE('',(#7433),#7444,.T.);
#7433 = FACE_BOUND('',#7434,.F.);
#7434 = EDGE_LOOP('',(#7435,#7436,#7437,#7443));
#7435 = ORIENTED_EDGE('',*,*,#7401,.T.);
#7436 = ORIENTED_EDGE('',*,*,#3028,.T.);
#7437 = ORIENTED_EDGE('',*,*,#7438,.F.);
#7438 = EDGE_CURVE('',#876,#3029,#7439,.T.);
#7439 = LINE('',#7440,#7441);
#7440 = CARTESIAN_POINT('',(-6.653721061111,10.934715178775,0.));
#7441 = VECTOR('',#7442,1.);
#7442 = DIRECTION('',(0.,0.,1.));
#7443 = ORIENTED_EDGE('',*,*,#875,.F.);
#7444 = CYLINDRICAL_SURFACE('',#7445,12.800000000012);
#7445 = AXIS2_PLACEMENT_3D('',#7446,#7447,#7448);
#7446 = CARTESIAN_POINT('',(1.502374984524E-02,9.156033053438E-03,0.));
#7447 = DIRECTION('',(-0.,-0.,-1.));
#7448 = DIRECTION('',(-0.481137191284,0.876645312063,0.));
#7449 = ADVANCED_FACE('',(#7450),#7461,.F.);
#7450 = FACE_BOUND('',#7451,.F.);
#7451 = EDGE_LOOP('',(#7452,#7458,#7459,#7460));
#7452 = ORIENTED_EDGE('',*,*,#7453,.T.);
#7453 = EDGE_CURVE('',#1542,#3695,#7454,.T.);
#7454 = LINE('',#7455,#7456);
#7455 = CARTESIAN_POINT('',(-6.975436671685,-8.88045365763,0.));
#7456 = VECTOR('',#7457,1.);
#7457 = DIRECTION('',(0.,0.,1.));
#7458 = ORIENTED_EDGE('',*,*,#3703,.T.);
#7459 = ORIENTED_EDGE('',*,*,#7419,.F.);
#7460 = ORIENTED_EDGE('',*,*,#1550,.F.);
#7461 = CYLINDRICAL_SURFACE('',#7462,0.304);
#7462 = AXIS2_PLACEMENT_3D('',#7463,#7464,#7465);
#7463 = CARTESIAN_POINT('',(-6.741058684279,-9.074058820318,0.));
#7464 = DIRECTION('',(0.,0.,-1.));
#7465 = DIRECTION('',(-0.770980221732,0.636859087788,0.));
#7466 = ADVANCED_FACE('',(#7467),#7478,.F.);
#7467 = FACE_BOUND('',#7468,.F.);
#7468 = EDGE_LOOP('',(#7469,#7470,#7471,#7477));
#7469 = ORIENTED_EDGE('',*,*,#7438,.T.);
#7470 = ORIENTED_EDGE('',*,*,#3037,.T.);
#7471 = ORIENTED_EDGE('',*,*,#7472,.F.);
#7472 = EDGE_CURVE('',#885,#3038,#7473,.T.);
#7473 = LINE('',#7474,#7475);
#7474 = CARTESIAN_POINT('',(-6.448134030963,9.748002132272,0.));
#7475 = VECTOR('',#7476,1.);
#7476 = DIRECTION('',(0.,0.,1.));
#7477 = ORIENTED_EDGE('',*,*,#884,.F.);
#7478 = SURFACE_OF_LINEAR_EXTRUSION('',#7479,#7484);
#7479 = B_SPLINE_CURVE_WITH_KNOTS('',3,(#7480,#7481,#7482,#7483),
  .UNSPECIFIED.,.F.,.F.,(4,4),(0.,1.),.PIECEWISE_BEZIER_KNOTS.);
#7480 = CARTESIAN_POINT('',(-6.653721061111,10.934715178775,0.));
#7481 = CARTESIAN_POINT('',(-6.624391740504,10.397394044761,0.));
#7482 = CARTESIAN_POINT('',(-6.532946839251,10.005919364033,0.));
#7483 = CARTESIAN_POINT('',(-6.448134030963,9.748002132272,0.));
#7484 = VECTOR('',#7485,1.);
#7485 = DIRECTION('',(-0.,-0.,-1.));
#7486 = ADVANCED_FACE('',(#7487),#7498,.F.);
#7487 = FACE_BOUND('',#7488,.F.);
#7488 = EDGE_LOOP('',(#7489,#7495,#7496,#7497));
#7489 = ORIENTED_EDGE('',*,*,#7490,.T.);
#7490 = EDGE_CURVE('',#1533,#3686,#7491,.T.);
#7491 = LINE('',#7492,#7493);
#7492 = CARTESIAN_POINT('',(-7.278317951181,-9.144838208167,0.));
#7493 = VECTOR('',#7494,1.);
#7494 = DIRECTION('',(0.,0.,1.));
#7495 = ORIENTED_EDGE('',*,*,#3694,.T.);
#7496 = ORIENTED_EDGE('',*,*,#7453,.F.);
#7497 = ORIENTED_EDGE('',*,*,#1541,.F.);
#7498 = SURFACE_OF_LINEAR_EXTRUSION('',#7499,#7504);
#7499 = B_SPLINE_CURVE_WITH_KNOTS('',3,(#7500,#7501,#7502,#7503),
  .UNSPECIFIED.,.F.,.F.,(4,4),(0.,1.),.PIECEWISE_BEZIER_KNOTS.);
#7500 = CARTESIAN_POINT('',(-7.278317951181,-9.144838208167,0.));
#7501 = CARTESIAN_POINT('',(-7.095417413205,-9.010335593546,0.));
#7502 = CARTESIAN_POINT('',(-7.004155796326,-8.913260771764,0.));
#7503 = CARTESIAN_POINT('',(-6.975436671685,-8.88045365763,0.));
#7504 = VECTOR('',#7505,1.);
#7505 = DIRECTION('',(-0.,-0.,-1.));
#7506 = ADVANCED_FACE('',(#7507),#7518,.F.);
#7507 = FACE_BOUND('',#7508,.F.);
#7508 = EDGE_LOOP('',(#7509,#7510,#7511,#7517));
#7509 = ORIENTED_EDGE('',*,*,#7472,.T.);
#7510 = ORIENTED_EDGE('',*,*,#3046,.T.);
#7511 = ORIENTED_EDGE('',*,*,#7512,.F.);
#7512 = EDGE_CURVE('',#894,#3047,#7513,.T.);
#7513 = LINE('',#7514,#7515);
#7514 = CARTESIAN_POINT('',(-6.290284844009,9.378245598577,0.));
#7515 = VECTOR('',#7516,1.);
#7516 = DIRECTION('',(0.,0.,1.));
#7517 = ORIENTED_EDGE('',*,*,#893,.F.);
#7518 = SURFACE_OF_LINEAR_EXTRUSION('',#7519,#7524);
#7519 = B_SPLINE_CURVE_WITH_KNOTS('',3,(#7520,#7521,#7522,#7523),
  .UNSPECIFIED.,.F.,.F.,(4,4),(0.,1.),.PIECEWISE_BEZIER_KNOTS.);
#7520 = CARTESIAN_POINT('',(-6.448134030963,9.748002132272,0.));
#7521 = CARTESIAN_POINT('',(-6.376733817384,9.53248979009,0.));
#7522 = CARTESIAN_POINT('',(-6.312611566109,9.415697065013,0.));
#7523 = CARTESIAN_POINT('',(-6.290284844009,9.378245598577,0.));
#7524 = VECTOR('',#7525,1.);
#7525 = DIRECTION('',(-0.,-0.,-1.));
#7526 = ADVANCED_FACE('',(#7527),#7538,.F.);
#7527 = FACE_BOUND('',#7528,.F.);
#7528 = EDGE_LOOP('',(#7529,#7535,#7536,#7537));
#7529 = ORIENTED_EDGE('',*,*,#7530,.T.);
#7530 = EDGE_CURVE('',#1524,#3677,#7531,.T.);
#7531 = LINE('',#7532,#7533);
#7532 = CARTESIAN_POINT('',(-8.343419240892,-9.707077591671,0.));
#7533 = VECTOR('',#7534,1.);
#7534 = DIRECTION('',(0.,0.,1.));
#7535 = ORIENTED_EDGE('',*,*,#3685,.T.);
#7536 = ORIENTED_EDGE('',*,*,#7490,.F.);
#7537 = ORIENTED_EDGE('',*,*,#1532,.F.);
#7538 = SURFACE_OF_LINEAR_EXTRUSION('',#7539,#7544);
#7539 = B_SPLINE_CURVE_WITH_KNOTS('',3,(#7540,#7541,#7542,#7543),
  .UNSPECIFIED.,.F.,.F.,(4,4),(0.,1.),.PIECEWISE_BEZIER_KNOTS.);
#7540 = CARTESIAN_POINT('',(-8.343419240892,-9.707077591671,0.));
#7541 = CARTESIAN_POINT('',(-7.841459733546,-9.513142388342,0.));
#7542 = CARTESIAN_POINT('',(-7.497403216011,-9.305200789911,0.));
#7543 = CARTESIAN_POINT('',(-7.278317951181,-9.144838208167,0.));
#7544 = VECTOR('',#7545,1.);
#7545 = DIRECTION('',(-0.,-0.,-1.));
#7546 = ADVANCED_FACE('',(#7547),#7558,.F.);
#7547 = FACE_BOUND('',#7548,.F.);
#7548 = EDGE_LOOP('',(#7549,#7550,#7551,#7557));
#7549 = ORIENTED_EDGE('',*,*,#7512,.T.);
#7550 = ORIENTED_EDGE('',*,*,#3055,.T.);
#7551 = ORIENTED_EDGE('',*,*,#7552,.F.);
#7552 = EDGE_CURVE('',#903,#3056,#7553,.T.);
#7553 = LINE('',#7554,#7555);
#7554 = CARTESIAN_POINT('',(-6.370852959484,8.967286800846,0.));
#7555 = VECTOR('',#7556,1.);
#7556 = DIRECTION('',(0.,0.,1.));
#7557 = ORIENTED_EDGE('',*,*,#902,.F.);
#7558 = CYLINDRICAL_SURFACE('',#7559,0.304);
#7559 = AXIS2_PLACEMENT_3D('',#7560,#7561,#7562);
#7560 = CARTESIAN_POINT('',(-6.546841076788,9.215166171848,0.));
#7561 = DIRECTION('',(0.,0.,-1.));
#7562 = DIRECTION('',(0.843934976245,0.536445482664,0.));
#7563 = ADVANCED_FACE('',(#7564),#7575,.T.);
#7564 = FACE_BOUND('',#7565,.F.);
#7565 = EDGE_LOOP('',(#7566,#7572,#7573,#7574));
#7566 = ORIENTED_EDGE('',*,*,#7567,.T.);
#7567 = EDGE_CURVE('',#1515,#3668,#7568,.T.);
#7568 = LINE('',#7569,#7570);
#7569 = CARTESIAN_POINT('',(-8.782114246574,-9.313174028647,0.));
#7570 = VECTOR('',#7571,1.);
#7571 = DIRECTION('',(0.,0.,1.));
#7572 = ORIENTED_EDGE('',*,*,#3676,.T.);
#7573 = ORIENTED_EDGE('',*,*,#7530,.F.);
#7574 = ORIENTED_EDGE('',*,*,#1523,.F.);
#7575 = CYLINDRICAL_SURFACE('',#7576,12.800000000025);
#7576 = AXIS2_PLACEMENT_3D('',#7577,#7578,#7579);
#7577 = CARTESIAN_POINT('',(-1.335049891185E-02,1.145906538441E-02,0.));
#7578 = DIRECTION('',(-0.,-0.,-1.));
#7579 = DIRECTION('',(-0.685059667785,-0.72848696047,0.));
#7580 = ADVANCED_FACE('',(#7581),#7592,.T.);
#7581 = FACE_BOUND('',#7582,.F.);
#7582 = EDGE_LOOP('',(#7583,#7584,#7585,#7591));
#7583 = ORIENTED_EDGE('',*,*,#7552,.T.);
#7584 = ORIENTED_EDGE('',*,*,#3064,.T.);
#7585 = ORIENTED_EDGE('',*,*,#7586,.F.);
#7586 = EDGE_CURVE('',#912,#3065,#7587,.T.);
#7587 = LINE('',#7588,#7589);
#7588 = CARTESIAN_POINT('',(-6.559694712288,8.830085236371,0.));
#7589 = VECTOR('',#7590,1.);
#7590 = DIRECTION('',(0.,0.,1.));
#7591 = ORIENTED_EDGE('',*,*,#911,.F.);
#7592 = CYLINDRICAL_SURFACE('',#7593,10.999999999944);
#7593 = AXIS2_PLACEMENT_3D('',#7594,#7595,#7596);
#7594 = CARTESIAN_POINT('',(-3.294964E-11,4.537704E-11,0.));
#7595 = DIRECTION('',(-0.,-0.,-1.));
#7596 = DIRECTION('',(-0.579168450862,0.815207890986,0.));
#7597 = ADVANCED_FACE('',(#7598),#7609,.F.);
#7598 = FACE_BOUND('',#7599,.F.);
#7599 = EDGE_LOOP('',(#7600,#7606,#7607,#7608));
#7600 = ORIENTED_EDGE('',*,*,#7601,.T.);
#7601 = EDGE_CURVE('',#1506,#3659,#7602,.T.);
#7602 = LINE('',#7603,#7604);
#7603 = CARTESIAN_POINT('',(-8.333950437012,-8.194342448633,0.));
#7604 = VECTOR('',#7605,1.);
#7605 = DIRECTION('',(0.,0.,1.));
#7606 = ORIENTED_EDGE('',*,*,#3667,.T.);
#7607 = ORIENTED_EDGE('',*,*,#7567,.F.);
#7608 = ORIENTED_EDGE('',*,*,#1514,.F.);
#7609 = SURFACE_OF_LINEAR_EXTRUSION('',#7610,#7615);
#7610 = B_SPLINE_CURVE_WITH_KNOTS('',3,(#7611,#7612,#7613,#7614),
  .UNSPECIFIED.,.F.,.F.,(4,4),(0.,1.),.PIECEWISE_BEZIER_KNOTS.);
#7611 = CARTESIAN_POINT('',(-8.333950437012,-8.194342448633,0.));
#7612 = CARTESIAN_POINT('',(-8.470533889697,-8.428989995694,0.));
#7613 = CARTESIAN_POINT('',(-8.641372663239,-8.79289755136,0.));
#7614 = CARTESIAN_POINT('',(-8.782114246574,-9.313174028647,0.));
#7615 = VECTOR('',#7616,1.);
#7616 = DIRECTION('',(-0.,-0.,-1.));
#7617 = ADVANCED_FACE('',(#7618),#7629,.F.);
#7618 = FACE_BOUND('',#7619,.F.);
#7619 = EDGE_LOOP('',(#7620,#7621,#7622,#7628));
#7620 = ORIENTED_EDGE('',*,*,#7586,.T.);
#7621 = ORIENTED_EDGE('',*,*,#3073,.T.);
#7622 = ORIENTED_EDGE('',*,*,#7623,.F.);
#7623 = EDGE_CURVE('',#921,#3074,#7624,.T.);
#7624 = LINE('',#7625,#7626);
#7625 = CARTESIAN_POINT('',(-6.975162356977,8.880150945119,0.));
#7626 = VECTOR('',#7627,1.);
#7627 = DIRECTION('',(0.,0.,1.));
#7628 = ORIENTED_EDGE('',*,*,#920,.F.);
#7629 = CYLINDRICAL_SURFACE('',#7630,0.304);
#7630 = AXIS2_PLACEMENT_3D('',#7631,#7632,#7633);
#7631 = CARTESIAN_POINT('',(-6.741043870935,9.074069831495,0.));
#7632 = DIRECTION('',(0.,0.,-1.));
#7633 = DIRECTION('',(0.596543285024,-0.802580905014,0.));
#7634 = ADVANCED_FACE('',(#7635),#7646,.F.);
#7635 = FACE_BOUND('',#7636,.F.);
#7636 = EDGE_LOOP('',(#7637,#7643,#7644,#7645));
#7637 = ORIENTED_EDGE('',*,*,#7638,.T.);
#7638 = EDGE_CURVE('',#1497,#3650,#7639,.T.);
#7639 = LINE('',#7640,#7641);
#7640 = CARTESIAN_POINT('',(-8.102401546879,-7.86518021964,0.));
#7641 = VECTOR('',#7642,1.);
#7642 = DIRECTION('',(0.,0.,1.));
#7643 = ORIENTED_EDGE('',*,*,#3658,.T.);
#7644 = ORIENTED_EDGE('',*,*,#7601,.F.);
#7645 = ORIENTED_EDGE('',*,*,#1505,.F.);
#7646 = SURFACE_OF_LINEAR_EXTRUSION('',#7647,#7652);
#7647 = B_SPLINE_CURVE_WITH_KNOTS('',3,(#7648,#7649,#7650,#7651),
  .UNSPECIFIED.,.F.,.F.,(4,4),(0.,1.),.PIECEWISE_BEZIER_KNOTS.);
#7648 = CARTESIAN_POINT('',(-8.102401546879,-7.86518021964,0.));
#7649 = CARTESIAN_POINT('',(-8.132299354769,-7.897475749193,0.));
#7650 = CARTESIAN_POINT('',(-8.219302953953,-7.998384507329,0.));
#7651 = CARTESIAN_POINT('',(-8.333950437012,-8.194342448633,0.));
#7652 = VECTOR('',#7653,1.);
#7653 = DIRECTION('',(-0.,-0.,-1.));
#7654 = ADVANCED_FACE('',(#7655),#7666,.F.);
#7655 = FACE_BOUND('',#7656,.F.);
#7656 = EDGE_LOOP('',(#7657,#7658,#7659,#7665));
#7657 = ORIENTED_EDGE('',*,*,#7623,.T.);
#7658 = ORIENTED_EDGE('',*,*,#3082,.T.);
#7659 = ORIENTED_EDGE('',*,*,#7660,.F.);
#7660 = EDGE_CURVE('',#930,#3083,#7661,.T.);
#7661 = LINE('',#7662,#7663);
#7662 = CARTESIAN_POINT('',(-7.278317951181,9.144838208167,0.));
#7663 = VECTOR('',#7664,1.);
#7664 = DIRECTION('',(0.,0.,1.));
#7665 = ORIENTED_EDGE('',*,*,#929,.F.);
#7666 = SURFACE_OF_LINEAR_EXTRUSION('',#7667,#7672);
#7667 = B_SPLINE_CURVE_WITH_KNOTS('',3,(#7668,#7669,#7670,#7671),
  .UNSPECIFIED.,.F.,.F.,(4,4),(0.,1.),.PIECEWISE_BEZIER_KNOTS.);
#7668 = CARTESIAN_POINT('',(-6.975162356977,8.880150945119,0.));
#7669 = CARTESIAN_POINT('',(-7.004155796326,8.913260771764,0.));
#7670 = CARTESIAN_POINT('',(-7.095417413205,9.010335593546,0.));
#7671 = CARTESIAN_POINT('',(-7.278317951181,9.144838208167,0.));
#7672 = VECTOR('',#7673,1.);
#7673 = DIRECTION('',(-0.,-0.,-1.));
#7674 = ADVANCED_FACE('',(#7675),#7686,.F.);
#7675 = FACE_BOUND('',#7676,.F.);
#7676 = EDGE_LOOP('',(#7677,#7683,#7684,#7685));
#7677 = ORIENTED_EDGE('',*,*,#7678,.T.);
#7678 = EDGE_CURVE('',#1488,#3641,#7679,.T.);
#7679 = LINE('',#7680,#7681);
#7680 = CARTESIAN_POINT('',(-8.096038297759,-7.446755258582,0.));
#7681 = VECTOR('',#7682,1.);
#7682 = DIRECTION('',(0.,0.,1.));
#7683 = ORIENTED_EDGE('',*,*,#3649,.T.);
#7684 = ORIENTED_EDGE('',*,*,#7638,.F.);
#7685 = ORIENTED_EDGE('',*,*,#1496,.F.);
#7686 = CYLINDRICAL_SURFACE('',#7687,0.304);
#7687 = AXIS2_PLACEMENT_3D('',#7688,#7689,#7690);
#7688 = CARTESIAN_POINT('',(-8.319730170874,-7.652614302353,0.));
#7689 = DIRECTION('',(0.,0.,-1.));
#7690 = DIRECTION('',(0.735828529985,0.67716790714,0.));
#7691 = ADVANCED_FACE('',(#7692),#7703,.F.);
#7692 = FACE_BOUND('',#7693,.F.);
#7693 = EDGE_LOOP('',(#7694,#7695,#7696,#7702));
#7694 = ORIENTED_EDGE('',*,*,#7660,.T.);
#7695 = ORIENTED_EDGE('',*,*,#3091,.T.);
#7696 = ORIENTED_EDGE('',*,*,#7697,.F.);
#7697 = EDGE_CURVE('',#939,#3092,#7698,.T.);
#7698 = LINE('',#7699,#7700);
#7699 = CARTESIAN_POINT('',(-8.34417458043,9.707496675203,0.));
#7700 = VECTOR('',#7701,1.);
#7701 = DIRECTION('',(0.,0.,1.));
#7702 = ORIENTED_EDGE('',*,*,#938,.F.);
#7703 = SURFACE_OF_LINEAR_EXTRUSION('',#7704,#7709);
#7704 = B_SPLINE_CURVE_WITH_KNOTS('',3,(#7705,#7706,#7707,#7708),
  .UNSPECIFIED.,.F.,.F.,(4,4),(0.,1.),.PIECEWISE_BEZIER_KNOTS.);
#7705 = CARTESIAN_POINT('',(-7.278317951181,9.144838208167,0.));
#7706 = CARTESIAN_POINT('',(-7.497403216011,9.305200789911,0.));
#7707 = CARTESIAN_POINT('',(-7.841459733546,9.513142388342,0.));
#7708 = CARTESIAN_POINT('',(-8.34417458043,9.707496675203,0.));
#7709 = VECTOR('',#7710,1.);
#7710 = DIRECTION('',(-0.,-0.,-1.));
#7711 = ADVANCED_FACE('',(#7712),#7723,.T.);
#7712 = FACE_BOUND('',#7713,.F.);
#7713 = EDGE_LOOP('',(#7714,#7720,#7721,#7722));
#7714 = ORIENTED_EDGE('',*,*,#7715,.T.);
#7715 = EDGE_CURVE('',#1479,#3632,#7716,.T.);
#7716 = LINE('',#7717,#7718);
#7717 = CARTESIAN_POINT('',(-8.25222759593,-7.273289469351,0.));
#7718 = VECTOR('',#7719,1.);
#7719 = DIRECTION('',(0.,0.,1.));
#7720 = ORIENTED_EDGE('',*,*,#3640,.T.);
#7721 = ORIENTED_EDGE('',*,*,#7678,.F.);
#7722 = ORIENTED_EDGE('',*,*,#1487,.F.);
#7723 = CYLINDRICAL_SURFACE('',#7724,11.000000000009);
#7724 = AXIS2_PLACEMENT_3D('',#7725,#7726,#7727);
#7725 = CARTESIAN_POINT('',(6.74749E-12,5.97522E-12,0.));
#7726 = DIRECTION('',(-0.,-0.,-1.));
#7727 = DIRECTION('',(-0.750202508721,-0.661208133577,0.));
#7728 = ADVANCED_FACE('',(#7729),#7740,.T.);
#7729 = FACE_BOUND('',#7730,.F.);
#7730 = EDGE_LOOP('',(#7731,#7732,#7733,#7739));
#7731 = ORIENTED_EDGE('',*,*,#7697,.T.);
#7732 = ORIENTED_EDGE('',*,*,#3100,.T.);
#7733 = ORIENTED_EDGE('',*,*,#7734,.F.);
#7734 = EDGE_CURVE('',#948,#3101,#7735,.T.);
#7735 = LINE('',#7736,#7737);
#7736 = CARTESIAN_POINT('',(-8.781776413307,9.312379020781,0.));
#7737 = VECTOR('',#7738,1.);
#7738 = DIRECTION('',(0.,0.,1.));
#7739 = ORIENTED_EDGE('',*,*,#947,.F.);
#7740 = CYLINDRICAL_SURFACE('',#7741,12.800000000004);
#7741 = AXIS2_PLACEMENT_3D('',#7742,#7743,#7744);
#7742 = CARTESIAN_POINT('',(1.279179854608E-02,1.207956500257E-02,0.));
#7743 = DIRECTION('',(-0.,-0.,-1.));
#7744 = DIRECTION('',(-0.652887998357,0.757454461734,0.));
#7745 = ADVANCED_FACE('',(#7746),#7757,.F.);
#7746 = FACE_BOUND('',#7747,.F.);
#7747 = EDGE_LOOP('',(#7748,#7754,#7755,#7756));
#7748 = ORIENTED_EDGE('',*,*,#7749,.T.);
#7749 = EDGE_CURVE('',#1470,#3623,#7750,.T.);
#7750 = LINE('',#7751,#7752);
#7751 = CARTESIAN_POINT('',(-8.669356779666,-7.236119606036,0.));
#7752 = VECTOR('',#7753,1.);
#7753 = DIRECTION('',(0.,0.,1.));
#7754 = ORIENTED_EDGE('',*,*,#3631,.T.);
#7755 = ORIENTED_EDGE('',*,*,#7715,.F.);
#7756 = ORIENTED_EDGE('',*,*,#1478,.F.);
#7757 = CYLINDRICAL_SURFACE('',#7758,0.304);
#7758 = AXIS2_PLACEMENT_3D('',#7759,#7760,#7761);
#7759 = CARTESIAN_POINT('',(-8.480353290345,-7.474223955061,0.));
#7760 = DIRECTION('',(0.,0.,-1.));
#7761 = DIRECTION('',(-0.621722004346,0.783237990213,0.));
#7762 = ADVANCED_FACE('',(#7763),#7774,.F.);
#7763 = FACE_BOUND('',#7764,.F.);
#7764 = EDGE_LOOP('',(#7765,#7766,#7767,#7773));
#7765 = ORIENTED_EDGE('',*,*,#7734,.T.);
#7766 = ORIENTED_EDGE('',*,*,#3109,.T.);
#7767 = ORIENTED_EDGE('',*,*,#7768,.F.);
#7768 = EDGE_CURVE('',#957,#3110,#7769,.T.);
#7769 = LINE('',#7770,#7771);
#7770 = CARTESIAN_POINT('',(-8.333950437012,8.194342448633,0.));
#7771 = VECTOR('',#7772,1.);
#7772 = DIRECTION('',(0.,0.,1.));
#7773 = ORIENTED_EDGE('',*,*,#956,.F.);
#7774 = SURFACE_OF_LINEAR_EXTRUSION('',#7775,#7780);
#7775 = B_SPLINE_CURVE_WITH_KNOTS('',3,(#7776,#7777,#7778,#7779),
  .UNSPECIFIED.,.F.,.F.,(4,4),(0.,1.),.PIECEWISE_BEZIER_KNOTS.);
#7776 = CARTESIAN_POINT('',(-8.781776413307,9.312379020781,0.));
#7777 = CARTESIAN_POINT('',(-8.641372663239,8.79289755136,0.));
#7778 = CARTESIAN_POINT('',(-8.470533889697,8.428989995694,0.));
#7779 = CARTESIAN_POINT('',(-8.333950437012,8.194342448633,0.));
#7780 = VECTOR('',#7781,1.);
#7781 = DIRECTION('',(-0.,-0.,-1.));
#7782 = ADVANCED_FACE('',(#7783),#7794,.F.);
#7783 = FACE_BOUND('',#7784,.F.);
#7784 = EDGE_LOOP('',(#7785,#7791,#7792,#7793));
#7785 = ORIENTED_EDGE('',*,*,#7786,.T.);
#7786 = EDGE_CURVE('',#1461,#3614,#7787,.T.);
#7787 = LINE('',#7788,#7789);
#7788 = CARTESIAN_POINT('',(-9.020588015441,-7.431754160878,0.));
#7789 = VECTOR('',#7790,1.);
#7790 = DIRECTION('',(0.,0.,1.));
#7791 = ORIENTED_EDGE('',*,*,#3622,.T.);
#7792 = ORIENTED_EDGE('',*,*,#7749,.F.);
#7793 = ORIENTED_EDGE('',*,*,#1469,.F.);
#7794 = SURFACE_OF_LINEAR_EXTRUSION('',#7795,#7800);
#7795 = B_SPLINE_CURVE_WITH_KNOTS('',3,(#7796,#7797,#7798,#7799),
  .UNSPECIFIED.,.F.,.F.,(4,4),(0.,1.),.PIECEWISE_BEZIER_KNOTS.);
#7796 = CARTESIAN_POINT('',(-9.020588015441,-7.431754160878,0.));
#7797 = CARTESIAN_POINT('',(-8.813719627021,-7.338217911196,0.));
#7798 = CARTESIAN_POINT('',(-8.704269305099,-7.26223876425,0.));
#7799 = CARTESIAN_POINT('',(-8.669356779666,-7.236119606036,0.));
#7800 = VECTOR('',#7801,1.);
#7801 = DIRECTION('',(-0.,-0.,-1.));
#7802 = ADVANCED_FACE('',(#7803),#7814,.F.);
#7803 = FACE_BOUND('',#7804,.F.);
#7804 = EDGE_LOOP('',(#7805,#7806,#7807,#7813));
#7805 = ORIENTED_EDGE('',*,*,#7768,.T.);
#7806 = ORIENTED_EDGE('',*,*,#3118,.T.);
#7807 = ORIENTED_EDGE('',*,*,#7808,.F.);
#7808 = EDGE_CURVE('',#966,#3119,#7809,.T.);
#7809 = LINE('',#7810,#7811);
#7810 = CARTESIAN_POINT('',(-8.102673927404,7.865484673698,0.));
#7811 = VECTOR('',#7812,1.);
#7812 = DIRECTION('',(0.,0.,1.));
#7813 = ORIENTED_EDGE('',*,*,#965,.F.);
#7814 = SURFACE_OF_LINEAR_EXTRUSION('',#7815,#7820);
#7815 = B_SPLINE_CURVE_WITH_KNOTS('',3,(#7816,#7817,#7818,#7819),
  .UNSPECIFIED.,.F.,.F.,(4,4),(0.,1.),.PIECEWISE_BEZIER_KNOTS.);
#7816 = CARTESIAN_POINT('',(-8.333950437012,8.194342448633,0.));
#7817 = CARTESIAN_POINT('',(-8.219302953953,7.998384507329,0.));
#7818 = CARTESIAN_POINT('',(-8.132299354769,7.897475749193,0.));
#7819 = CARTESIAN_POINT('',(-8.102673927404,7.865484673698,0.));
#7820 = VECTOR('',#7821,1.);
#7821 = DIRECTION('',(-0.,-0.,-1.));
#7822 = ADVANCED_FACE('',(#7823),#7834,.F.);
#7823 = FACE_BOUND('',#7824,.F.);
#7824 = EDGE_LOOP('',(#7825,#7831,#7832,#7833));
#7825 = ORIENTED_EDGE('',*,*,#7826,.T.);
#7826 = EDGE_CURVE('',#1452,#3605,#7827,.T.);
#7827 = LINE('',#7828,#7829);
#7828 = CARTESIAN_POINT('',(-10.17931042737,-7.760260254855,0.));
#7829 = VECTOR('',#7830,1.);
#7830 = DIRECTION('',(0.,0.,1.));
#7831 = ORIENTED_EDGE('',*,*,#3613,.T.);
#7832 = ORIENTED_EDGE('',*,*,#7786,.F.);
#7833 = ORIENTED_EDGE('',*,*,#1460,.F.);
#7834 = SURFACE_OF_LINEAR_EXTRUSION('',#7835,#7840);
#7835 = B_SPLINE_CURVE_WITH_KNOTS('',3,(#7836,#7837,#7838,#7839),
  .UNSPECIFIED.,.F.,.F.,(4,4),(0.,1.),.PIECEWISE_BEZIER_KNOTS.);
#7836 = CARTESIAN_POINT('',(-10.17931042737,-7.760260254855,0.));
#7837 = CARTESIAN_POINT('',(-9.647998543569,-7.674926250915,0.));
#7838 = CARTESIAN_POINT('',(-9.268226997104,-7.543062047614,0.));
#7839 = CARTESIAN_POINT('',(-9.020588015441,-7.431754160878,0.));
#7840 = VECTOR('',#7841,1.);
#7841 = DIRECTION('',(-0.,-0.,-1.));
#7842 = ADVANCED_FACE('',(#7843),#7854,.F.);
#7843 = FACE_BOUND('',#7844,.F.);
#7844 = EDGE_LOOP('',(#7845,#7846,#7847,#7853));
#7845 = ORIENTED_EDGE('',*,*,#7808,.T.);
#7846 = ORIENTED_EDGE('',*,*,#3127,.T.);
#7847 = ORIENTED_EDGE('',*,*,#7848,.F.);
#7848 = EDGE_CURVE('',#975,#3128,#7849,.T.);
#7849 = LINE('',#7850,#7851);
#7850 = CARTESIAN_POINT('',(-8.096038297759,7.446755258582,0.));
#7851 = VECTOR('',#7852,1.);
#7852 = DIRECTION('',(0.,0.,1.));
#7853 = ORIENTED_EDGE('',*,*,#974,.F.);
#7854 = CYLINDRICAL_SURFACE('',#7855,0.304);
#7855 = AXIS2_PLACEMENT_3D('',#7856,#7857,#7858);
#7856 = CARTESIAN_POINT('',(-8.319717671601,7.652627883566,0.));
#7857 = DIRECTION('',(0.,0.,-1.));
#7858 = DIRECTION('',(0.713959684857,0.700186809644,0.));
#7859 = ADVANCED_FACE('',(#7860),#7871,.T.);
#7860 = FACE_BOUND('',#7861,.F.);
#7861 = EDGE_LOOP('',(#7862,#7868,#7869,#7870));
#7862 = ORIENTED_EDGE('',*,*,#7863,.T.);
#7863 = EDGE_CURVE('',#1443,#3596,#7864,.T.);
#7864 = LINE('',#7865,#7866);
#7865 = CARTESIAN_POINT('',(-10.52652173883,-7.283754609378,0.));
#7866 = VECTOR('',#7867,1.);
#7867 = DIRECTION('',(0.,0.,1.));
#7868 = ORIENTED_EDGE('',*,*,#3604,.T.);
#7869 = ORIENTED_EDGE('',*,*,#7826,.F.);
#7870 = ORIENTED_EDGE('',*,*,#1451,.F.);
#7871 = CYLINDRICAL_SURFACE('',#7872,12.800000000009);
#7872 = AXIS2_PLACEMENT_3D('',#7873,#7874,#7875);
#7873 = CARTESIAN_POINT('',(-1.06762848324E-02,1.398438210531E-02,0.));
#7874 = DIRECTION('',(-0.,-0.,-1.));
#7875 = DIRECTION('',(-0.821550426093,-0.570135858709,0.));
#7876 = ADVANCED_FACE('',(#7877),#7888,.T.);
#7877 = FACE_BOUND('',#7878,.F.);
#7878 = EDGE_LOOP('',(#7879,#7880,#7881,#7887));
#7879 = ORIENTED_EDGE('',*,*,#7848,.T.);
#7880 = ORIENTED_EDGE('',*,*,#3136,.T.);
#7881 = ORIENTED_EDGE('',*,*,#7882,.F.);
#7882 = EDGE_CURVE('',#984,#3137,#7883,.T.);
#7883 = LINE('',#7884,#7885);
#7884 = CARTESIAN_POINT('',(-8.25222759593,7.273289469351,0.));
#7885 = VECTOR('',#7886,1.);
#7886 = DIRECTION('',(0.,0.,1.));
#7887 = ORIENTED_EDGE('',*,*,#983,.F.);
#7888 = CYLINDRICAL_SURFACE('',#7889,10.999999999926);
#7889 = AXIS2_PLACEMENT_3D('',#7890,#7891,#7892);
#7890 = CARTESIAN_POINT('',(-5.477396E-11,4.923173E-11,0.));
#7891 = DIRECTION('',(-0.,-0.,-1.));
#7892 = DIRECTION('',(-0.736003481614,0.67697775078,0.));
#7893 = ADVANCED_FACE('',(#7894),#7905,.F.);
#7894 = FACE_BOUND('',#7895,.F.);
#7895 = EDGE_LOOP('',(#7896,#7902,#7903,#7904));
#7896 = ORIENTED_EDGE('',*,*,#7897,.T.);
#7897 = EDGE_CURVE('',#1434,#3587,#7898,.T.);
#7898 = LINE('',#7899,#7900);
#7899 = CARTESIAN_POINT('',(-9.855533218233,-6.282550679171,0.));
#7900 = VECTOR('',#7901,1.);
#7901 = DIRECTION('',(0.,0.,1.));
#7902 = ORIENTED_EDGE('',*,*,#3595,.T.);
#7903 = ORIENTED_EDGE('',*,*,#7863,.F.);
#7904 = ORIENTED_EDGE('',*,*,#1442,.F.);
#7905 = SURFACE_OF_LINEAR_EXTRUSION('',#7906,#7911);
#7906 = B_SPLINE_CURVE_WITH_KNOTS('',3,(#7907,#7908,#7909,#7910),
  .UNSPECIFIED.,.F.,.F.,(4,4),(0.,1.),.PIECEWISE_BEZIER_KNOTS.);
#7907 = CARTESIAN_POINT('',(-9.855533218233,-6.282550679171,0.));
#7908 = CARTESIAN_POINT('',(-10.03791796303,-6.483673317761,0.));
#7909 = CARTESIAN_POINT('',(-10.28068413468,-6.80410924196,0.));
#7910 = CARTESIAN_POINT('',(-10.52652173883,-7.283754609378,0.));
#7911 = VECTOR('',#7912,1.);
#7912 = DIRECTION('',(-0.,-0.,-1.));
#7913 = ADVANCED_FACE('',(#7914),#7925,.F.);
#7914 = FACE_BOUND('',#7915,.F.);
#7915 = EDGE_LOOP('',(#7916,#7917,#7918,#7924));
#7916 = ORIENTED_EDGE('',*,*,#7882,.T.);
#7917 = ORIENTED_EDGE('',*,*,#3145,.T.);
#7918 = ORIENTED_EDGE('',*,*,#7919,.F.);
#7919 = EDGE_CURVE('',#993,#3146,#7920,.T.);
#7920 = LINE('',#7921,#7922);
#7921 = CARTESIAN_POINT('',(-8.669025521922,7.235880541755,0.));
#7922 = VECTOR('',#7923,1.);
#7923 = DIRECTION('',(0.,0.,1.));
#7924 = ORIENTED_EDGE('',*,*,#992,.F.);
#7925 = CYLINDRICAL_SURFACE('',#7926,0.304);
#7926 = AXIS2_PLACEMENT_3D('',#7927,#7928,#7929);
#7927 = CARTESIAN_POINT('',(-8.480341090061,7.474237805485,0.));
#7928 = DIRECTION('',(0.,0.,-1.));
#7929 = DIRECTION('',(0.750373335959,-0.661014263599,0.));
#7930 = ADVANCED_FACE('',(#7931),#7942,.F.);
#7931 = FACE_BOUND('',#7932,.F.);
#7932 = EDGE_LOOP('',(#7933,#7939,#7940,#7941));
#7933 = ORIENTED_EDGE('',*,*,#7934,.T.);
#7934 = EDGE_CURVE('',#1425,#3578,#7935,.T.);
#7935 = LINE('',#7936,#7937);
#7936 = CARTESIAN_POINT('',(-9.560607551313,-6.008723155884,0.));
#7937 = VECTOR('',#7938,1.);
#7938 = DIRECTION('',(0.,0.,1.));
#7939 = ORIENTED_EDGE('',*,*,#3586,.T.);
#7940 = ORIENTED_EDGE('',*,*,#7897,.F.);
#7941 = ORIENTED_EDGE('',*,*,#1433,.F.);
#7942 = SURFACE_OF_LINEAR_EXTRUSION('',#7943,#7948);
#7943 = B_SPLINE_CURVE_WITH_KNOTS('',3,(#7944,#7945,#7946,#7947),
  .UNSPECIFIED.,.F.,.F.,(4,4),(0.,1.),.PIECEWISE_BEZIER_KNOTS.);
#7944 = CARTESIAN_POINT('',(-9.560607551313,-6.008723155884,0.));
#7945 = CARTESIAN_POINT('',(-9.596566638524,-6.034096846841,0.));
#7946 = CARTESIAN_POINT('',(-9.702649110842,-6.114711441091,0.));
#7947 = CARTESIAN_POINT('',(-9.855533218233,-6.282550679171,0.));
#7948 = VECTOR('',#7949,1.);
#7949 = DIRECTION('',(-0.,-0.,-1.));
#7950 = ADVANCED_FACE('',(#7951),#7962,.F.);
#7951 = FACE_BOUND('',#7952,.F.);
#7952 = EDGE_LOOP('',(#7953,#7954,#7955,#7961));
#7953 = ORIENTED_EDGE('',*,*,#7919,.T.);
#7954 = ORIENTED_EDGE('',*,*,#3154,.T.);
#7955 = ORIENTED_EDGE('',*,*,#7956,.F.);
#7956 = EDGE_CURVE('',#1002,#3155,#7957,.T.);
#7957 = LINE('',#7958,#7959);
#7958 = CARTESIAN_POINT('',(-9.020588015441,7.431754160878,0.));
#7959 = VECTOR('',#7960,1.);
#7960 = DIRECTION('',(0.,0.,1.));
#7961 = ORIENTED_EDGE('',*,*,#1001,.F.);
#7962 = SURFACE_OF_LINEAR_EXTRUSION('',#7963,#7968);
#7963 = B_SPLINE_CURVE_WITH_KNOTS('',3,(#7964,#7965,#7966,#7967),
  .UNSPECIFIED.,.F.,.F.,(4,4),(0.,1.),.PIECEWISE_BEZIER_KNOTS.);
#7964 = CARTESIAN_POINT('',(-8.669025521922,7.235880541755,0.));
#7965 = CARTESIAN_POINT('',(-8.704269305099,7.26223876425,0.));
#7966 = CARTESIAN_POINT('',(-8.813719627021,7.338217911196,0.));
#7967 = CARTESIAN_POINT('',(-9.020588015441,7.431754160878,0.));
#7968 = VECTOR('',#7969,1.);
#7969 = DIRECTION('',(-0.,-0.,-1.));
#7970 = ADVANCED_FACE('',(#7971),#7982,.F.);
#7971 = FACE_BOUND('',#7972,.F.);
#7972 = EDGE_LOOP('',(#7973,#7979,#7980,#7981));
#7973 = ORIENTED_EDGE('',*,*,#7974,.T.);
#7974 = EDGE_CURVE('',#1416,#3569,#7975,.T.);
#7975 = LINE('',#7976,#7977);
#7976 = CARTESIAN_POINT('',(-9.46738791332,-5.600764778022,0.));
#7977 = VECTOR('',#7978,1.);
#7978 = DIRECTION('',(0.,0.,1.));
#7979 = ORIENTED_EDGE('',*,*,#3577,.T.);
#7980 = ORIENTED_EDGE('',*,*,#7934,.F.);
#7981 = ORIENTED_EDGE('',*,*,#1424,.F.);
#7982 = CYLINDRICAL_SURFACE('',#7983,0.304);
#7983 = AXIS2_PLACEMENT_3D('',#7984,#7985,#7986);
#7984 = CARTESIAN_POINT('',(-9.728992084172,-5.755617152214,0.));
#7985 = DIRECTION('',(0.,0.,-1.));
#7986 = DIRECTION('',(0.860540035697,0.509382809842,0.));
#7987 = ADVANCED_FACE('',(#7988),#7999,.F.);
#7988 = FACE_BOUND('',#7989,.F.);
#7989 = EDGE_LOOP('',(#7990,#7991,#7992,#7998));
#7990 = ORIENTED_EDGE('',*,*,#7956,.T.);
#7991 = ORIENTED_EDGE('',*,*,#3163,.T.);
#7992 = ORIENTED_EDGE('',*,*,#7993,.F.);
#7993 = EDGE_CURVE('',#1011,#3164,#7994,.T.);
#7994 = LINE('',#7995,#7996);
#7995 = CARTESIAN_POINT('',(-10.1801363933,7.760513136485,0.));
#7996 = VECTOR('',#7997,1.);
#7997 = DIRECTION('',(0.,0.,1.));
#7998 = ORIENTED_EDGE('',*,*,#1010,.F.);
#7999 = SURFACE_OF_LINEAR_EXTRUSION('',#8000,#8005);
#8000 = B_SPLINE_CURVE_WITH_KNOTS('',3,(#8001,#8002,#8003,#8004),
  .UNSPECIFIED.,.F.,.F.,(4,4),(0.,1.),.PIECEWISE_BEZIER_KNOTS.);
#8001 = CARTESIAN_POINT('',(-9.020588015441,7.431754160878,0.));
#8002 = CARTESIAN_POINT('',(-9.268226997104,7.543062047614,0.));
#8003 = CARTESIAN_POINT('',(-9.647998543569,7.674926250915,0.));
#8004 = CARTESIAN_POINT('',(-10.1801363933,7.760513136485,0.));
#8005 = VECTOR('',#8006,1.);
#8006 = DIRECTION('',(-0.,-0.,-1.));
#8007 = ADVANCED_FACE('',(#8008),#8019,.T.);
#8008 = FACE_BOUND('',#8009,.F.);
#8009 = EDGE_LOOP('',(#8010,#8016,#8017,#8018));
#8010 = ORIENTED_EDGE('',*,*,#8011,.T.);
#8011 = EDGE_CURVE('',#1407,#3560,#8012,.T.);
#8012 = LINE('',#8013,#8014);
#8013 = CARTESIAN_POINT('',(-9.584098535048,-5.398616051406,0.));
#8014 = VECTOR('',#8015,1.);
#8015 = DIRECTION('',(0.,0.,1.));
#8016 = ORIENTED_EDGE('',*,*,#3568,.T.);
#8017 = ORIENTED_EDGE('',*,*,#7974,.F.);
#8018 = ORIENTED_EDGE('',*,*,#1415,.F.);
#8019 = CYLINDRICAL_SURFACE('',#8020,10.999999999991);
#8020 = AXIS2_PLACEMENT_3D('',#8021,#8022,#8023);
#8021 = CARTESIAN_POINT('',(-7.68363E-12,-4.4138E-12,0.));
#8022 = DIRECTION('',(-0.,-0.,-1.));
#8023 = DIRECTION('',(-0.871281685004,-0.490783277401,0.));
#8024 = ADVANCED_FACE('',(#8025),#8036,.T.);
#8025 = FACE_BOUND('',#8026,.F.);
#8026 = EDGE_LOOP('',(#8027,#8028,#8029,#8035));
#8027 = ORIENTED_EDGE('',*,*,#7993,.T.);
#8028 = ORIENTED_EDGE('',*,*,#3172,.T.);
#8029 = ORIENTED_EDGE('',*,*,#8030,.F.);
#8030 = EDGE_CURVE('',#1020,#3173,#8031,.T.);
#8031 = LINE('',#8032,#8033);
#8032 = CARTESIAN_POINT('',(-10.5260259966,7.283047213826,0.));
#8033 = VECTOR('',#8034,1.);
#8034 = DIRECTION('',(0.,0.,1.));
#8035 = ORIENTED_EDGE('',*,*,#1019,.F.);
#8036 = CYLINDRICAL_SURFACE('',#8037,12.8);
#8037 = AXIS2_PLACEMENT_3D('',#8038,#8039,#8040);
#8038 = CARTESIAN_POINT('',(1.000078426996E-02,1.447516199164E-02,0.));
#8039 = DIRECTION('',(-0.,-0.,-1.));
#8040 = DIRECTION('',(-0.796104466998,0.605159216757,0.));
#8041 = ADVANCED_FACE('',(#8042),#8053,.F.);
#8042 = FACE_BOUND('',#8043,.F.);
#8043 = EDGE_LOOP('',(#8044,#8050,#8051,#8052));
#8044 = ORIENTED_EDGE('',*,*,#8045,.T.);
#8045 = EDGE_CURVE('',#1398,#3551,#8046,.T.);
#8046 = LINE('',#8047,#8048);
#8047 = CARTESIAN_POINT('',(-9.984384396187,-5.275532404904,0.));
#8048 = VECTOR('',#8049,1.);
#8049 = DIRECTION('',(0.,0.,1.));
#8050 = ORIENTED_EDGE('',*,*,#3559,.T.);
#8051 = ORIENTED_EDGE('',*,*,#8011,.F.);
#8052 = ORIENTED_EDGE('',*,*,#1406,.F.);
#8053 = CYLINDRICAL_SURFACE('',#8054,0.304);
#8054 = AXIS2_PLACEMENT_3D('',#8055,#8056,#8057);
#8055 = CARTESIAN_POINT('',(-9.849015764374,-5.547729637662,0.));
#8056 = DIRECTION('',(0.,0.,-1.));
#8057 = DIRECTION('',(-0.445291552016,0.895385634072,0.));
#8058 = ADVANCED_FACE('',(#8059),#8070,.F.);
#8059 = FACE_BOUND('',#8060,.F.);
#8060 = EDGE_LOOP('',(#8061,#8062,#8063,#8069));
#8061 = ORIENTED_EDGE('',*,*,#8030,.T.);
#8062 = ORIENTED_EDGE('',*,*,#3181,.T.);
#8063 = ORIENTED_EDGE('',*,*,#8064,.F.);
#8064 = EDGE_CURVE('',#1029,#3182,#8065,.T.);
#8065 = LINE('',#8066,#8067);
#8066 = CARTESIAN_POINT('',(-9.855533218233,6.282550679171,0.));
#8067 = VECTOR('',#8068,1.);
#8068 = DIRECTION('',(0.,0.,1.));
#8069 = ORIENTED_EDGE('',*,*,#1028,.F.);
#8070 = SURFACE_OF_LINEAR_EXTRUSION('',#8071,#8076);
#8071 = B_SPLINE_CURVE_WITH_KNOTS('',3,(#8072,#8073,#8074,#8075),
  .UNSPECIFIED.,.F.,.F.,(4,4),(0.,1.),.PIECEWISE_BEZIER_KNOTS.);
#8072 = CARTESIAN_POINT('',(-10.5260259966,7.283047213826,0.));
#8073 = CARTESIAN_POINT('',(-10.28068413468,6.80410924196,0.));
#8074 = CARTESIAN_POINT('',(-10.03791796303,6.483673317761,0.));
#8075 = CARTESIAN_POINT('',(-9.855533218233,6.282550679171,0.));
#8076 = VECTOR('',#8077,1.);
#8077 = DIRECTION('',(-0.,-0.,-1.));
#8078 = ADVANCED_FACE('',(#8079),#8090,.F.);
#8079 = FACE_BOUND('',#8080,.F.);
#8080 = EDGE_LOOP('',(#8081,#8087,#8088,#8089));
#8081 = ORIENTED_EDGE('',*,*,#8082,.T.);
#8082 = EDGE_CURVE('',#1389,#3542,#8083,.T.);
#8083 = LINE('',#8084,#8085);
#8084 = CARTESIAN_POINT('',(-10.36861509784,-5.393866795245,0.));
#8085 = VECTOR('',#8086,1.);
#8086 = DIRECTION('',(0.,0.,1.));
#8087 = ORIENTED_EDGE('',*,*,#3550,.T.);
#8088 = ORIENTED_EDGE('',*,*,#8045,.F.);
#8089 = ORIENTED_EDGE('',*,*,#1397,.F.);
#8090 = SURFACE_OF_LINEAR_EXTRUSION('',#8091,#8096);
#8091 = B_SPLINE_CURVE_WITH_KNOTS('',3,(#8092,#8093,#8094,#8095),
  .UNSPECIFIED.,.F.,.F.,(4,4),(0.,1.),.PIECEWISE_BEZIER_KNOTS.);
#8092 = CARTESIAN_POINT('',(-10.36861509784,-5.393866795245,0.));
#8093 = CARTESIAN_POINT('',(-10.14682000021,-5.345384893451,0.));
#8094 = CARTESIAN_POINT('',(-10.02396447752,-5.293822074651,0.));
#8095 = CARTESIAN_POINT('',(-9.984384396187,-5.275532404904,0.));
#8096 = VECTOR('',#8097,1.);
#8097 = DIRECTION('',(-0.,-0.,-1.));
#8098 = ADVANCED_FACE('',(#8099),#8110,.F.);
#8099 = FACE_BOUND('',#8100,.F.);
#8100 = EDGE_LOOP('',(#8101,#8102,#8103,#8109));
#8101 = ORIENTED_EDGE('',*,*,#8064,.T.);
#8102 = ORIENTED_EDGE('',*,*,#3190,.T.);
#8103 = ORIENTED_EDGE('',*,*,#8104,.F.);
#8104 = EDGE_CURVE('',#1038,#3191,#8105,.T.);
#8105 = LINE('',#8106,#8107);
#8106 = CARTESIAN_POINT('',(-9.560937279228,6.008964325794,0.));
#8107 = VECTOR('',#8108,1.);
#8108 = DIRECTION('',(0.,0.,1.));
#8109 = ORIENTED_EDGE('',*,*,#1037,.F.);
#8110 = SURFACE_OF_LINEAR_EXTRUSION('',#8111,#8116);
#8111 = B_SPLINE_CURVE_WITH_KNOTS('',3,(#8112,#8113,#8114,#8115),
  .UNSPECIFIED.,.F.,.F.,(4,4),(0.,1.),.PIECEWISE_BEZIER_KNOTS.);
#8112 = CARTESIAN_POINT('',(-9.855533218233,6.282550679171,0.));
#8113 = CARTESIAN_POINT('',(-9.702649110842,6.114711441091,0.));
#8114 = CARTESIAN_POINT('',(-9.596566638524,6.034096846841,0.));
#8115 = CARTESIAN_POINT('',(-9.560937279228,6.008964325794,0.));
#8116 = VECTOR('',#8117,1.);
#8117 = DIRECTION('',(-0.,-0.,-1.));
#8118 = ADVANCED_FACE('',(#8119),#8130,.F.);
#8119 = FACE_BOUND('',#8120,.F.);
#8120 = EDGE_LOOP('',(#8121,#8127,#8128,#8129));
#8121 = ORIENTED_EDGE('',*,*,#8122,.T.);
#8122 = EDGE_CURVE('',#1380,#3533,#8123,.T.);
#8123 = LINE('',#8124,#8125);
#8124 = CARTESIAN_POINT('',(-11.57031690243,-5.474282307041,0.));
#8125 = VECTOR('',#8126,1.);
#8126 = DIRECTION('',(0.,0.,1.));
#8127 = ORIENTED_EDGE('',*,*,#3541,.T.);
#8128 = ORIENTED_EDGE('',*,*,#8082,.F.);
#8129 = ORIENTED_EDGE('',*,*,#1388,.F.);
#8130 = SURFACE_OF_LINEAR_EXTRUSION('',#8131,#8136);
#8131 = B_SPLINE_CURVE_WITH_KNOTS('',3,(#8132,#8133,#8134,#8135),
  .UNSPECIFIED.,.F.,.F.,(4,4),(0.,1.),.PIECEWISE_BEZIER_KNOTS.);
#8132 = CARTESIAN_POINT('',(-11.57031690243,-5.474282307041,0.));
#8133 = CARTESIAN_POINT('',(-11.032873521,-5.50127900794,0.));
#8134 = CARTESIAN_POINT('',(-10.63398478453,-5.451255298209,0.));
#8135 = CARTESIAN_POINT('',(-10.36861509784,-5.393866795245,0.));
#8136 = VECTOR('',#8137,1.);
#8137 = DIRECTION('',(-0.,-0.,-1.));
#8138 = ADVANCED_FACE('',(#8139),#8150,.F.);
#8139 = FACE_BOUND('',#8140,.F.);
#8140 = EDGE_LOOP('',(#8141,#8142,#8143,#8149));
#8141 = ORIENTED_EDGE('',*,*,#8104,.T.);
#8142 = ORIENTED_EDGE('',*,*,#3199,.T.);
#8143 = ORIENTED_EDGE('',*,*,#8144,.F.);
#8144 = EDGE_CURVE('',#1047,#3200,#8145,.T.);
#8145 = LINE('',#8146,#8147);
#8146 = CARTESIAN_POINT('',(-9.46738791332,5.600764778022,0.));
#8147 = VECTOR('',#8148,1.);
#8148 = DIRECTION('',(0.,0.,1.));
#8149 = ORIENTED_EDGE('',*,*,#1046,.F.);
#8150 = CYLINDRICAL_SURFACE('',#8151,0.304);
#8151 = AXIS2_PLACEMENT_3D('',#8152,#8153,#8154);
#8152 = CARTESIAN_POINT('',(-9.72898268173,5.75563303539,0.));
#8153 = DIRECTION('',(0.,0.,-1.));
#8154 = DIRECTION('',(0.552780929282,0.833326613173,0.));
#8155 = ADVANCED_FACE('',(#8156),#8167,.T.);
#8156 = FACE_BOUND('',#8157,.F.);
#8157 = EDGE_LOOP('',(#8158,#8164,#8165,#8166));
#8158 = ORIENTED_EDGE('',*,*,#8159,.T.);
#8159 = EDGE_CURVE('',#1371,#3524,#8160,.T.);
#8160 = LINE('',#8161,#8162);
#8161 = CARTESIAN_POINT('',(-11.81086971924,-4.936000162346,0.));
#8162 = VECTOR('',#8163,1.);
#8163 = DIRECTION('',(0.,0.,1.));
#8164 = ORIENTED_EDGE('',*,*,#3532,.T.);
#8165 = ORIENTED_EDGE('',*,*,#8122,.F.);
#8166 = ORIENTED_EDGE('',*,*,#1379,.F.);
#8167 = CYLINDRICAL_SURFACE('',#8168,12.800000000015);
#8168 = AXIS2_PLACEMENT_3D('',#8169,#8170,#8171);
#8169 = CARTESIAN_POINT('',(-7.535465859566E-03,1.589851423765E-02,0.));
#8170 = DIRECTION('',(-0.,-0.,-1.));
#8171 = DIRECTION('',(-0.922135488545,-0.386867084108,0.));
#8172 = ADVANCED_FACE('',(#8173),#8184,.T.);
#8173 = FACE_BOUND('',#8174,.F.);
#8174 = EDGE_LOOP('',(#8175,#8176,#8177,#8183));
#8175 = ORIENTED_EDGE('',*,*,#8144,.T.);
#8176 = ORIENTED_EDGE('',*,*,#3208,.T.);
#8177 = ORIENTED_EDGE('',*,*,#8178,.F.);
#8178 = EDGE_CURVE('',#1056,#3209,#8179,.T.);
#8179 = LINE('',#8180,#8181);
#8180 = CARTESIAN_POINT('',(-9.584098535048,5.398616051406,0.));
#8181 = VECTOR('',#8182,1.);
#8182 = DIRECTION('',(0.,0.,1.));
#8183 = ORIENTED_EDGE('',*,*,#1055,.F.);
#8184 = CYLINDRICAL_SURFACE('',#8185,10.999999999995);
#8185 = AXIS2_PLACEMENT_3D('',#8186,#8187,#8188);
#8186 = CARTESIAN_POINT('',(-4.27303E-12,2.42961E-12,0.));
#8187 = DIRECTION('',(-0.,-0.,-1.));
#8188 = DIRECTION('',(-0.860671628484,0.509160434366,0.));
#8189 = ADVANCED_FACE('',(#8190),#8201,.F.);
#8190 = FACE_BOUND('',#8191,.F.);
#8191 = EDGE_LOOP('',(#8192,#8198,#8199,#8200));
#8192 = ORIENTED_EDGE('',*,*,#8193,.T.);
#8193 = EDGE_CURVE('',#1362,#3515,#8194,.T.);
#8194 = LINE('',#8195,#8196);
#8195 = CARTESIAN_POINT('',(-10.94638190572,-4.096181298006,0.));
#8196 = VECTOR('',#8197,1.);
#8197 = DIRECTION('',(0.,0.,1.));
#8198 = ORIENTED_EDGE('',*,*,#3523,.T.);
#8199 = ORIENTED_EDGE('',*,*,#8159,.F.);
#8200 = ORIENTED_EDGE('',*,*,#1370,.F.);
#8201 = SURFACE_OF_LINEAR_EXTRUSION('',#8202,#8207);
#8202 = B_SPLINE_CURVE_WITH_KNOTS('',3,(#8203,#8204,#8205,#8206),
  .UNSPECIFIED.,.F.,.F.,(4,4),(0.,1.),.PIECEWISE_BEZIER_KNOTS.);
#8203 = CARTESIAN_POINT('',(-10.94638190572,-4.096181298006,0.));
#8204 = CARTESIAN_POINT('',(-11.1665968541,-4.254989003726,0.));
#8205 = CARTESIAN_POINT('',(-11.47068037724,-4.517948708948,0.));
#8206 = CARTESIAN_POINT('',(-11.81086971924,-4.936000162346,0.));
#8207 = VECTOR('',#8208,1.);
#8208 = DIRECTION('',(-0.,-0.,-1.));
#8209 = ADVANCED_FACE('',(#8210),#8221,.F.);
#8210 = FACE_BOUND('',#8211,.F.);
#8211 = EDGE_LOOP('',(#8212,#8213,#8214,#8220));
#8212 = ORIENTED_EDGE('',*,*,#8178,.T.);
#8213 = ORIENTED_EDGE('',*,*,#3217,.T.);
#8214 = ORIENTED_EDGE('',*,*,#8215,.F.);
#8215 = EDGE_CURVE('',#1065,#3218,#8216,.T.);
#8216 = LINE('',#8217,#8218);
#8217 = CARTESIAN_POINT('',(-9.98401067296,5.275367437109,0.));
#8218 = VECTOR('',#8219,1.);
#8219 = DIRECTION('',(0.,0.,1.));
#8220 = ORIENTED_EDGE('',*,*,#1064,.F.);
#8221 = CYLINDRICAL_SURFACE('',#8222,0.304);
#8222 = AXIS2_PLACEMENT_3D('',#8223,#8224,#8225);
#8223 = CARTESIAN_POINT('',(-9.84900671036,5.547745722004,0.));
#8224 = DIRECTION('',(0.,0.,-1.));
#8225 = DIRECTION('',(0.871408471423,-0.490558126966,0.));
#8226 = ADVANCED_FACE('',(#8227),#8238,.F.);
#8227 = FACE_BOUND('',#8228,.F.);
#8228 = EDGE_LOOP('',(#8229,#8235,#8236,#8237));
#8229 = ORIENTED_EDGE('',*,*,#8230,.T.);
#8230 = EDGE_CURVE('',#1353,#3506,#8231,.T.);
#8231 = LINE('',#8232,#8233);
#8232 = CARTESIAN_POINT('',(-10.60096912887,-3.889656057163,0.));
#8233 = VECTOR('',#8234,1.);
#8234 = DIRECTION('',(0.,0.,1.));
#8235 = ORIENTED_EDGE('',*,*,#3514,.T.);
#8236 = ORIENTED_EDGE('',*,*,#8193,.F.);
#8237 = ORIENTED_EDGE('',*,*,#1361,.F.);
#8238 = SURFACE_OF_LINEAR_EXTRUSION('',#8239,#8244);
#8239 = B_SPLINE_CURVE_WITH_KNOTS('',3,(#8240,#8241,#8242,#8243),
  .UNSPECIFIED.,.F.,.F.,(4,4),(0.,1.),.PIECEWISE_BEZIER_KNOTS.);
#8240 = CARTESIAN_POINT('',(-10.60096912887,-3.889656057163,0.));
#8241 = CARTESIAN_POINT('',(-10.64141791073,-3.906998957472,0.));
#8242 = CARTESIAN_POINT('',(-10.76194294311,-3.963796143236,0.));
#8243 = CARTESIAN_POINT('',(-10.94638190572,-4.096181298006,0.));
#8244 = VECTOR('',#8245,1.);
#8245 = DIRECTION('',(-0.,-0.,-1.));
#8246 = ADVANCED_FACE('',(#8247),#8258,.F.);
#8247 = FACE_BOUND('',#8248,.F.);
#8248 = EDGE_LOOP('',(#8249,#8250,#8251,#8257));
#8249 = ORIENTED_EDGE('',*,*,#8215,.T.);
#8250 = ORIENTED_EDGE('',*,*,#3226,.T.);
#8251 = ORIENTED_EDGE('',*,*,#8252,.F.);
#8252 = EDGE_CURVE('',#1074,#3227,#8253,.T.);
#8253 = LINE('',#8254,#8255);
#8254 = CARTESIAN_POINT('',(-10.36861509784,5.393866795245,0.));
#8255 = VECTOR('',#8256,1.);
#8256 = DIRECTION('',(0.,0.,1.));
#8257 = ORIENTED_EDGE('',*,*,#1073,.F.);
#8258 = SURFACE_OF_LINEAR_EXTRUSION('',#8259,#8264);
#8259 = B_SPLINE_CURVE_WITH_KNOTS('',3,(#8260,#8261,#8262,#8263),
  .UNSPECIFIED.,.F.,.F.,(4,4),(0.,1.),.PIECEWISE_BEZIER_KNOTS.);
#8260 = CARTESIAN_POINT('',(-9.98401067296,5.275367437109,0.));
#8261 = CARTESIAN_POINT('',(-10.02396447752,5.293822074651,0.));
#8262 = CARTESIAN_POINT('',(-10.14682000021,5.345384893451,0.));
#8263 = CARTESIAN_POINT('',(-10.36861509784,5.393866795245,0.));
#8264 = VECTOR('',#8265,1.);
#8265 = DIRECTION('',(-0.,-0.,-1.));
#8266 = ADVANCED_FACE('',(#8267),#8278,.F.);
#8267 = FACE_BOUND('',#8268,.F.);
#8268 = EDGE_LOOP('',(#8269,#8275,#8276,#8277));
#8269 = ORIENTED_EDGE('',*,*,#8270,.T.);
#8270 = EDGE_CURVE('',#1344,#3497,#8271,.T.);
#8271 = LINE('',#8272,#8273);
#8272 = CARTESIAN_POINT('',(-10.4249672475,-3.50999400121,0.));
#8273 = VECTOR('',#8274,1.);
#8274 = DIRECTION('',(0.,0.,1.));
#8275 = ORIENTED_EDGE('',*,*,#3505,.T.);
#8276 = ORIENTED_EDGE('',*,*,#8230,.F.);
#8277 = ORIENTED_EDGE('',*,*,#1352,.F.);
#8278 = CYLINDRICAL_SURFACE('',#8279,0.304);
#8279 = AXIS2_PLACEMENT_3D('',#8280,#8281,#8282);
#8280 = CARTESIAN_POINT('',(-10.7130503585,-3.607071914007,0.));
#8281 = DIRECTION('',(0.,0.,-1.));
#8282 = DIRECTION('',(0.94764181252,0.319335239464,0.));
#8283 = ADVANCED_FACE('',(#8284),#8295,.F.);
#8284 = FACE_BOUND('',#8285,.F.);
#8285 = EDGE_LOOP('',(#8286,#8287,#8288,#8294));
#8286 = ORIENTED_EDGE('',*,*,#8252,.T.);
#8287 = ORIENTED_EDGE('',*,*,#3235,.T.);
#8288 = ORIENTED_EDGE('',*,*,#8289,.F.);
#8289 = EDGE_CURVE('',#1083,#3236,#8290,.T.);
#8290 = LINE('',#8291,#8292);
#8291 = CARTESIAN_POINT('',(-11.57117739607,5.47435793463,0.));
#8292 = VECTOR('',#8293,1.);
#8293 = DIRECTION('',(0.,0.,1.));
#8294 = ORIENTED_EDGE('',*,*,#1082,.F.);
#8295 = SURFACE_OF_LINEAR_EXTRUSION('',#8296,#8301);
#8296 = B_SPLINE_CURVE_WITH_KNOTS('',3,(#8297,#8298,#8299,#8300),
  .UNSPECIFIED.,.F.,.F.,(4,4),(0.,1.),.PIECEWISE_BEZIER_KNOTS.);
#8297 = CARTESIAN_POINT('',(-10.36861509784,5.393866795245,0.));
#8298 = CARTESIAN_POINT('',(-10.63398478453,5.451255298209,0.));
#8299 = CARTESIAN_POINT('',(-11.032873521,5.50127900794,0.));
#8300 = CARTESIAN_POINT('',(-11.57117739607,5.47435793463,0.));
#8301 = VECTOR('',#8302,1.);
#8302 = DIRECTION('',(-0.,-0.,-1.));
#8303 = ADVANCED_FACE('',(#8304),#8315,.T.);
#8304 = FACE_BOUND('',#8305,.F.);
#8305 = EDGE_LOOP('',(#8306,#8312,#8313,#8314));
#8306 = ORIENTED_EDGE('',*,*,#8307,.T.);
#8307 = EDGE_CURVE('',#1335,#3488,#8308,.T.);
#8308 = LINE('',#8309,#8310);
#8309 = CARTESIAN_POINT('',(-10.49709837857,-3.28799720658,0.));
#8310 = VECTOR('',#8311,1.);
#8311 = DIRECTION('',(0.,0.,1.));
#8312 = ORIENTED_EDGE('',*,*,#3496,.T.);
#8313 = ORIENTED_EDGE('',*,*,#8270,.F.);
#8314 = ORIENTED_EDGE('',*,*,#1343,.F.);
#8315 = CYLINDRICAL_SURFACE('',#8316,10.999999999984);
#8316 = AXIS2_PLACEMENT_3D('',#8317,#8318,#8319);
#8317 = CARTESIAN_POINT('',(-1.550493E-11,-5.0917E-12,0.));
#8318 = DIRECTION('',(-0.,-0.,-1.));
#8319 = DIRECTION('',(-0.95428167078,-0.298908836962,0.));
#8320 = ADVANCED_FACE('',(#8321),#8332,.T.);
#8321 = FACE_BOUND('',#8322,.F.);
#8322 = EDGE_LOOP('',(#8323,#8324,#8325,#8331));
#8323 = ORIENTED_EDGE('',*,*,#8289,.T.);
#8324 = ORIENTED_EDGE('',*,*,#3244,.T.);
#8325 = ORIENTED_EDGE('',*,*,#8326,.F.);
#8326 = EDGE_CURVE('',#1092,#3245,#8327,.T.);
#8327 = LINE('',#8328,#8329);
#8328 = CARTESIAN_POINT('',(-11.81023773437,4.93541129569,0.));
#8329 = VECTOR('',#8330,1.);
#8330 = DIRECTION('',(0.,0.,1.));
#8331 = ORIENTED_EDGE('',*,*,#1091,.F.);
#8332 = CYLINDRICAL_SURFACE('',#8333,12.800000000008);
#8333 = AXIS2_PLACEMENT_3D('',#8334,#8335,#8336);
#8334 = CARTESIAN_POINT('',(6.772687741666E-03,1.623812493627E-02,0.));
#8335 = DIRECTION('',(-0.,-0.,-1.));
#8336 = DIRECTION('',(-0.904527350297,0.426415610132,0.));
#8337 = ADVANCED_FACE('',(#8338),#8349,.F.);
#8338 = FACE_BOUND('',#8339,.F.);
#8339 = EDGE_LOOP('',(#8340,#8346,#8347,#8348));
#8340 = ORIENTED_EDGE('',*,*,#8341,.T.);
#8341 = EDGE_CURVE('',#1326,#3479,#8342,.T.);
#8342 = LINE('',#8343,#8344);
#8343 = CARTESIAN_POINT('',(-10.8630465042,-3.084379122865,0.));
#8344 = VECTOR('',#8345,1.);
#8345 = DIRECTION('',(0.,0.,1.));
#8346 = ORIENTED_EDGE('',*,*,#3487,.T.);
#8347 = ORIENTED_EDGE('',*,*,#8307,.F.);
#8348 = ORIENTED_EDGE('',*,*,#1334,.F.);
#8349 = CYLINDRICAL_SURFACE('',#8350,0.304);
#8350 = AXIS2_PLACEMENT_3D('',#8351,#8352,#8353);
#8351 = CARTESIAN_POINT('',(-10.78722898867,-3.378772914138,0.));
#8352 = DIRECTION('',(0.,0.,-1.));
#8353 = DIRECTION('',(-0.249399722118,0.968400629186,0.));
#8354 = ADVANCED_FACE('',(#8355),#8366,.F.);
#8355 = FACE_BOUND('',#8356,.F.);
#8356 = EDGE_LOOP('',(#8357,#8358,#8359,#8365));
#8357 = ORIENTED_EDGE('',*,*,#8326,.T.);
#8358 = ORIENTED_EDGE('',*,*,#3253,.T.);
#8359 = ORIENTED_EDGE('',*,*,#8360,.F.);
#8360 = EDGE_CURVE('',#1101,#3254,#8361,.T.);
#8361 = LINE('',#8362,#8363);
#8362 = CARTESIAN_POINT('',(-10.94638190572,4.096181298006,0.));
#8363 = VECTOR('',#8364,1.);
#8364 = DIRECTION('',(0.,0.,1.));
#8365 = ORIENTED_EDGE('',*,*,#1100,.F.);
#8366 = SURFACE_OF_LINEAR_EXTRUSION('',#8367,#8372);
#8367 = B_SPLINE_CURVE_WITH_KNOTS('',3,(#8368,#8369,#8370,#8371),
  .UNSPECIFIED.,.F.,.F.,(4,4),(0.,1.),.PIECEWISE_BEZIER_KNOTS.);
#8368 = CARTESIAN_POINT('',(-11.81023773437,4.93541129569,0.));
#8369 = CARTESIAN_POINT('',(-11.47068037724,4.517948708948,0.));
#8370 = CARTESIAN_POINT('',(-11.1665968541,4.254989003726,0.));
#8371 = CARTESIAN_POINT('',(-10.94638190572,4.096181298006,0.));
#8372 = VECTOR('',#8373,1.);
#8373 = DIRECTION('',(-0.,-0.,-1.));
#8374 = ADVANCED_FACE('',(#8375),#8386,.F.);
#8375 = FACE_BOUND('',#8376,.F.);
#8376 = EDGE_LOOP('',(#8377,#8383,#8384,#8385));
#8377 = ORIENTED_EDGE('',*,*,#8378,.T.);
#8378 = EDGE_CURVE('',#1317,#3470,#8379,.T.);
#8379 = LINE('',#8380,#8381);
#8380 = CARTESIAN_POINT('',(-11.26348394633,-3.120241568016,0.));
#8381 = VECTOR('',#8382,1.);
#8382 = DIRECTION('',(0.,0.,1.));
#8383 = ORIENTED_EDGE('',*,*,#3478,.T.);
#8384 = ORIENTED_EDGE('',*,*,#8341,.F.);
#8385 = ORIENTED_EDGE('',*,*,#1325,.F.);
#8386 = SURFACE_OF_LINEAR_EXTRUSION('',#8387,#8392);
#8387 = B_SPLINE_CURVE_WITH_KNOTS('',3,(#8388,#8389,#8390,#8391),
  .UNSPECIFIED.,.F.,.F.,(4,4),(0.,1.),.PIECEWISE_BEZIER_KNOTS.);
#8388 = CARTESIAN_POINT('',(-11.26348394633,-3.120241568016,0.));
#8389 = CARTESIAN_POINT('',(-11.03645564955,-3.118932905859,0.));
#8390 = CARTESIAN_POINT('',(-10.90556430195,-3.094039957813,0.));
#8391 = CARTESIAN_POINT('',(-10.8630465042,-3.084379122865,0.));
#8392 = VECTOR('',#8393,1.);
#8393 = DIRECTION('',(-0.,-0.,-1.));
#8394 = ADVANCED_FACE('',(#8395),#8406,.F.);
#8395 = FACE_BOUND('',#8396,.F.);
#8396 = EDGE_LOOP('',(#8397,#8398,#8399,#8405));
#8397 = ORIENTED_EDGE('',*,*,#8360,.T.);
#8398 = ORIENTED_EDGE('',*,*,#3262,.T.);
#8399 = ORIENTED_EDGE('',*,*,#8400,.F.);
#8400 = EDGE_CURVE('',#1110,#3263,#8401,.T.);
#8401 = LINE('',#8402,#8403);
#8402 = CARTESIAN_POINT('',(-10.60134179348,3.889823402644,0.));
#8403 = VECTOR('',#8404,1.);
#8404 = DIRECTION('',(0.,0.,1.));
#8405 = ORIENTED_EDGE('',*,*,#1109,.F.);
#8406 = SURFACE_OF_LINEAR_EXTRUSION('',#8407,#8412);
#8407 = B_SPLINE_CURVE_WITH_KNOTS('',3,(#8408,#8409,#8410,#8411),
  .UNSPECIFIED.,.F.,.F.,(4,4),(0.,1.),.PIECEWISE_BEZIER_KNOTS.);
#8408 = CARTESIAN_POINT('',(-10.94638190572,4.096181298006,0.));
#8409 = CARTESIAN_POINT('',(-10.76194294311,3.963796143236,0.));
#8410 = CARTESIAN_POINT('',(-10.64141791073,3.906998957472,0.));
#8411 = CARTESIAN_POINT('',(-10.60134179348,3.889823402644,0.));
#8412 = VECTOR('',#8413,1.);
#8413 = DIRECTION('',(-0.,-0.,-1.));
#8414 = ADVANCED_FACE('',(#8415),#8426,.F.);
#8415 = FACE_BOUND('',#8416,.F.);
#8416 = EDGE_LOOP('',(#8417,#8423,#8424,#8425));
#8417 = ORIENTED_EDGE('',*,*,#8418,.T.);
#8418 = EDGE_CURVE('',#1308,#3461,#8419,.T.);
#8419 = LINE('',#8420,#8421);
#8420 = CARTESIAN_POINT('',(-12.45564500831,-2.949051953889,0.));
#8421 = VECTOR('',#8422,1.);
#8422 = DIRECTION('',(0.,0.,1.));
#8423 = ORIENTED_EDGE('',*,*,#3469,.T.);
#8424 = ORIENTED_EDGE('',*,*,#8378,.F.);
#8425 = ORIENTED_EDGE('',*,*,#1316,.F.);
#8426 = SURFACE_OF_LINEAR_EXTRUSION('',#8427,#8432);
#8427 = B_SPLINE_CURVE_WITH_KNOTS('',3,(#8428,#8429,#8430,#8431),
  .UNSPECIFIED.,.F.,.F.,(4,4),(0.,1.),.PIECEWISE_BEZIER_KNOTS.);
#8428 = CARTESIAN_POINT('',(-12.45564500831,-2.949051953889,0.));
#8429 = CARTESIAN_POINT('',(-11.93555898397,-3.087199474254,0.));
#8430 = CARTESIAN_POINT('',(-11.53498640936,-3.121202534248,0.));
#8431 = CARTESIAN_POINT('',(-11.26348394633,-3.120241568016,0.));
#8432 = VECTOR('',#8433,1.);
#8433 = DIRECTION('',(-0.,-0.,-1.));
#8434 = ADVANCED_FACE('',(#8435),#8446,.F.);
#8435 = FACE_BOUND('',#8436,.F.);
#8436 = EDGE_LOOP('',(#8437,#8438,#8439,#8445));
#8437 = ORIENTED_EDGE('',*,*,#8400,.T.);
#8438 = ORIENTED_EDGE('',*,*,#3271,.T.);
#8439 = ORIENTED_EDGE('',*,*,#8440,.F.);
#8440 = EDGE_CURVE('',#1119,#3272,#8441,.T.);
#8441 = LINE('',#8442,#8443);
#8442 = CARTESIAN_POINT('',(-10.4249672475,3.50999400121,0.));
#8443 = VECTOR('',#8444,1.);
#8444 = DIRECTION('',(0.,0.,1.));
#8445 = ORIENTED_EDGE('',*,*,#1118,.F.);
#8446 = CYLINDRICAL_SURFACE('',#8447,0.304);
#8447 = AXIS2_PLACEMENT_3D('',#8448,#8449,#8450);
#8448 = CARTESIAN_POINT('',(-10.71304446383,3.607089404976,0.));
#8449 = DIRECTION('',(0.,0.,-1.));
#8450 = DIRECTION('',(0.36744299456,0.930046044961,0.));
#8451 = ADVANCED_FACE('',(#8452),#8463,.T.);
#8452 = FACE_BOUND('',#8453,.F.);
#8453 = EDGE_LOOP('',(#8454,#8460,#8461,#8462));
#8454 = ORIENTED_EDGE('',*,*,#8455,.T.);
#8455 = EDGE_CURVE('',#1299,#3452,#8456,.T.);
#8456 = LINE('',#8457,#8458);
#8457 = CARTESIAN_POINT('',(-12.57902601809,-2.372518822663,0.));
#8458 = VECTOR('',#8459,1.);
#8459 = DIRECTION('',(0.,0.,1.));
#8460 = ORIENTED_EDGE('',*,*,#3460,.T.);
#8461 = ORIENTED_EDGE('',*,*,#8418,.F.);
#8462 = ORIENTED_EDGE('',*,*,#1307,.F.);
#8463 = CYLINDRICAL_SURFACE('',#8464,12.80000000001);
#8464 = AXIS2_PLACEMENT_3D('',#8465,#8466,#8467);
#8465 = CARTESIAN_POINT('',(-4.065310879988E-03,1.711780500355E-02,0.));
#8466 = DIRECTION('',(-0.,-0.,-1.));
#8467 = DIRECTION('',(-0.98241880525,-0.186690361536,0.));
#8468 = ADVANCED_FACE('',(#8469),#8480,.T.);
#8469 = FACE_BOUND('',#8470,.F.);
#8470 = EDGE_LOOP('',(#8471,#8472,#8473,#8479));
#8471 = ORIENTED_EDGE('',*,*,#8440,.T.);
#8472 = ORIENTED_EDGE('',*,*,#3280,.T.);
#8473 = ORIENTED_EDGE('',*,*,#8474,.F.);
#8474 = EDGE_CURVE('',#1128,#3281,#8475,.T.);
#8475 = LINE('',#8476,#8477);
#8476 = CARTESIAN_POINT('',(-10.49709837857,3.28799720658,0.));
#8477 = VECTOR('',#8478,1.);
#8478 = DIRECTION('',(0.,0.,1.));
#8479 = ORIENTED_EDGE('',*,*,#1127,.F.);
#8480 = CYLINDRICAL_SURFACE('',#8481,11.00000000002);
#8481 = AXIS2_PLACEMENT_3D('',#8482,#8483,#8484);
#8482 = CARTESIAN_POINT('',(1.896705E-11,-6.10978E-12,0.));
#8483 = DIRECTION('',(-0.,-0.,-1.));
#8484 = DIRECTION('',(-0.947724295227,0.319090363746,0.));
#8485 = ADVANCED_FACE('',(#8486),#8497,.F.);
#8486 = FACE_BOUND('',#8487,.F.);
#8487 = EDGE_LOOP('',(#8488,#8494,#8495,#8496));
#8488 = ORIENTED_EDGE('',*,*,#8489,.T.);
#8489 = EDGE_CURVE('',#1290,#3443,#8490,.T.);
#8490 = LINE('',#8491,#8492);
#8491 = CARTESIAN_POINT('',(-11.55882117736,-1.73078913846,0.));
#8492 = VECTOR('',#8493,1.);
#8493 = DIRECTION('',(0.,0.,1.));
#8494 = ORIENTED_EDGE('',*,*,#3451,.T.);
#8495 = ORIENTED_EDGE('',*,*,#8455,.F.);
#8496 = ORIENTED_EDGE('',*,*,#1298,.F.);
#8497 = SURFACE_OF_LINEAR_EXTRUSION('',#8498,#8503);
#8498 = B_SPLINE_CURVE_WITH_KNOTS('',3,(#8499,#8500,#8501,#8502),
  .UNSPECIFIED.,.F.,.F.,(4,4),(0.,1.),.PIECEWISE_BEZIER_KNOTS.);
#8499 = CARTESIAN_POINT('',(-11.55882117736,-1.73078913846,0.));
#8500 = CARTESIAN_POINT('',(-11.80724187938,-1.840341252525,0.));
#8501 = CARTESIAN_POINT('',(-12.15935284489,-2.034332137832,0.));
#8502 = CARTESIAN_POINT('',(-12.57902601809,-2.372518822663,0.));
#8503 = VECTOR('',#8504,1.);
#8504 = DIRECTION('',(-0.,-0.,-1.));
#8505 = ADVANCED_FACE('',(#8506),#8517,.F.);
#8506 = FACE_BOUND('',#8507,.F.);
#8507 = EDGE_LOOP('',(#8508,#8509,#8510,#8516));
#8508 = ORIENTED_EDGE('',*,*,#8474,.T.);
#8509 = ORIENTED_EDGE('',*,*,#3289,.T.);
#8510 = ORIENTED_EDGE('',*,*,#8511,.F.);
#8511 = EDGE_CURVE('',#1137,#3290,#8512,.T.);
#8512 = LINE('',#8513,#8514);
#8513 = CARTESIAN_POINT('',(-10.86264664899,3.084295461439,0.));
#8514 = VECTOR('',#8515,1.);
#8515 = DIRECTION('',(0.,0.,1.));
#8516 = ORIENTED_EDGE('',*,*,#1136,.F.);
#8517 = CYLINDRICAL_SURFACE('',#8518,0.304);
#8518 = AXIS2_PLACEMENT_3D('',#8519,#8520,#8521);
#8519 = CARTESIAN_POINT('',(-10.78722347663,3.378790529433,0.));
#8520 = DIRECTION('',(0.,0.,-1.));
#8521 = DIRECTION('',(0.954358875203,-0.298662246226,0.));
#8522 = ADVANCED_FACE('',(#8523),#8534,.F.);
#8523 = FACE_BOUND('',#8524,.F.);
#8524 = EDGE_LOOP('',(#8525,#8531,#8532,#8533));
#8525 = ORIENTED_EDGE('',*,*,#8526,.T.);
#8526 = EDGE_CURVE('',#1281,#3434,#8527,.T.);
#8527 = LINE('',#8528,#8529);
#8528 = CARTESIAN_POINT('',(-11.1780174864,-1.600592324104,0.));
#8529 = VECTOR('',#8530,1.);
#8530 = DIRECTION('',(0.,0.,1.));
#8531 = ORIENTED_EDGE('',*,*,#3442,.T.);
#8532 = ORIENTED_EDGE('',*,*,#8489,.F.);
#8533 = ORIENTED_EDGE('',*,*,#1289,.F.);
#8534 = SURFACE_OF_LINEAR_EXTRUSION('',#8535,#8540);
#8535 = B_SPLINE_CURVE_WITH_KNOTS('',3,(#8536,#8537,#8538,#8539),
  .UNSPECIFIED.,.F.,.F.,(4,4),(0.,1.),.PIECEWISE_BEZIER_KNOTS.);
#8536 = CARTESIAN_POINT('',(-11.1780174864,-1.600592324104,0.));
#8537 = CARTESIAN_POINT('',(-11.22118815706,-1.609146465801,0.));
#8538 = CARTESIAN_POINT('',(-11.35088822723,-1.639643933517,0.));
#8539 = CARTESIAN_POINT('',(-11.55882117736,-1.73078913846,0.));
#8540 = VECTOR('',#8541,1.);
#8541 = DIRECTION('',(-0.,-0.,-1.));
#8542 = ADVANCED_FACE('',(#8543),#8554,.F.);
#8543 = FACE_BOUND('',#8544,.F.);
#8544 = EDGE_LOOP('',(#8545,#8546,#8547,#8553));
#8545 = ORIENTED_EDGE('',*,*,#8511,.T.);
#8546 = ORIENTED_EDGE('',*,*,#3298,.T.);
#8547 = ORIENTED_EDGE('',*,*,#8548,.F.);
#8548 = EDGE_CURVE('',#1146,#3299,#8549,.T.);
#8549 = LINE('',#8550,#8551);
#8550 = CARTESIAN_POINT('',(-11.26348394633,3.120241568016,0.));
#8551 = VECTOR('',#8552,1.);
#8552 = DIRECTION('',(0.,0.,1.));
#8553 = ORIENTED_EDGE('',*,*,#1145,.F.);
#8554 = SURFACE_OF_LINEAR_EXTRUSION('',#8555,#8560);
#8555 = B_SPLINE_CURVE_WITH_KNOTS('',3,(#8556,#8557,#8558,#8559),
  .UNSPECIFIED.,.F.,.F.,(4,4),(0.,1.),.PIECEWISE_BEZIER_KNOTS.);
#8556 = CARTESIAN_POINT('',(-10.86264664899,3.084295461439,0.));
#8557 = CARTESIAN_POINT('',(-10.90556430195,3.094039957813,0.));
#8558 = CARTESIAN_POINT('',(-11.03645564955,3.118932905859,0.));
#8559 = CARTESIAN_POINT('',(-11.26348394633,3.120241568016,0.));
#8560 = VECTOR('',#8561,1.);
#8561 = DIRECTION('',(-0.,-0.,-1.));
#8562 = ADVANCED_FACE('',(#8563),#8574,.F.);
#8563 = FACE_BOUND('',#8564,.F.);
#8564 = EDGE_LOOP('',(#8565,#8571,#8572,#8573));
#8565 = ORIENTED_EDGE('',*,*,#8566,.T.);
#8566 = EDGE_CURVE('',#1272,#3425,#8567,.T.);
#8567 = LINE('',#8568,#8569);
#8568 = CARTESIAN_POINT('',(-10.92692548842,-1.265819643726,0.));
#8569 = VECTOR('',#8570,1.);
#8570 = DIRECTION('',(0.,0.,1.));
#8571 = ORIENTED_EDGE('',*,*,#3433,.T.);
#8572 = ORIENTED_EDGE('',*,*,#8526,.F.);
#8573 = ORIENTED_EDGE('',*,*,#1280,.F.);
#8574 = CYLINDRICAL_SURFACE('',#8575,0.304);
#8575 = AXIS2_PLACEMENT_3D('',#8576,#8577,#8578);
#8576 = CARTESIAN_POINT('',(-11.22889692525,-1.300880324508,0.));
#8577 = DIRECTION('',(0.,0.,-1.));
#8578 = DIRECTION('',(0.993327094846,0.115331186781,0.));
#8579 = ADVANCED_FACE('',(#8580),#8591,.F.);
#8580 = FACE_BOUND('',#8581,.F.);
#8581 = EDGE_LOOP('',(#8582,#8583,#8584,#8590));
#8582 = ORIENTED_EDGE('',*,*,#8548,.T.);
#8583 = ORIENTED_EDGE('',*,*,#3307,.T.);
#8584 = ORIENTED_EDGE('',*,*,#8585,.F.);
#8585 = EDGE_CURVE('',#1155,#3308,#8586,.T.);
#8586 = LINE('',#8587,#8588);
#8587 = CARTESIAN_POINT('',(-12.45650242196,2.948947022147,0.));
#8588 = VECTOR('',#8589,1.);
#8589 = DIRECTION('',(0.,0.,1.));
#8590 = ORIENTED_EDGE('',*,*,#1154,.F.);
#8591 = SURFACE_OF_LINEAR_EXTRUSION('',#8592,#8597);
#8592 = B_SPLINE_CURVE_WITH_KNOTS('',3,(#8593,#8594,#8595,#8596),
  .UNSPECIFIED.,.F.,.F.,(4,4),(0.,1.),.PIECEWISE_BEZIER_KNOTS.);
#8593 = CARTESIAN_POINT('',(-11.26348394633,3.120241568016,0.));
#8594 = CARTESIAN_POINT('',(-11.53498640936,3.121202534248,0.));
#8595 = CARTESIAN_POINT('',(-11.93555898397,3.087199474254,0.));
#8596 = CARTESIAN_POINT('',(-12.45650242196,2.948947022147,0.));
#8597 = VECTOR('',#8598,1.);
#8598 = DIRECTION('',(-0.,-0.,-1.));
#8599 = ADVANCED_FACE('',(#8600),#8611,.T.);
#8600 = FACE_BOUND('',#8601,.F.);
#8601 = EDGE_LOOP('',(#8602,#8608,#8609,#8610));
#8602 = ORIENTED_EDGE('',*,*,#8603,.T.);
#8603 = EDGE_CURVE('',#1263,#3416,#8604,.T.);
#8604 = LINE('',#8605,#8606);
#8605 = CARTESIAN_POINT('',(-10.95132465229,-1.033677106265,0.));
#8606 = VECTOR('',#8607,1.);
#8607 = DIRECTION('',(0.,0.,1.));
#8608 = ORIENTED_EDGE('',*,*,#3424,.T.);
#8609 = ORIENTED_EDGE('',*,*,#8566,.F.);
#8610 = ORIENTED_EDGE('',*,*,#1271,.F.);
#8611 = CYLINDRICAL_SURFACE('',#8612,11.000000000028);
#8612 = AXIS2_PLACEMENT_3D('',#8613,#8614,#8615);
#8613 = CARTESIAN_POINT('',(2.814282E-11,2.92821E-12,0.));
#8614 = DIRECTION('',(-0.,-0.,-1.));
#8615 = DIRECTION('',(-0.995574968391,-9.397064602413E-02,0.));
#8616 = ADVANCED_FACE('',(#8617),#8628,.T.);
#8617 = FACE_BOUND('',#8618,.F.);
#8618 = EDGE_LOOP('',(#8619,#8620,#8621,#8627));
#8619 = ORIENTED_EDGE('',*,*,#8585,.T.);
#8620 = ORIENTED_EDGE('',*,*,#3316,.T.);
#8621 = ORIENTED_EDGE('',*,*,#8622,.F.);
#8622 = EDGE_CURVE('',#1164,#3317,#8623,.T.);
#8623 = LINE('',#8624,#8625);
#8624 = CARTESIAN_POINT('',(-12.57828541133,2.372074221201,0.));
#8625 = VECTOR('',#8626,1.);
#8626 = DIRECTION('',(0.,0.,1.));
#8627 = ORIENTED_EDGE('',*,*,#1163,.F.);
#8628 = CYLINDRICAL_SURFACE('',#8629,12.800000000004);
#8629 = AXIS2_PLACEMENT_3D('',#8630,#8631,#8632);
#8630 = CARTESIAN_POINT('',(3.248592250219E-03,1.729140390735E-02,0.));
#8631 = DIRECTION('',(-0.,-0.,-1.));
#8632 = DIRECTION('',(-0.973418047985,0.229035595175,0.));
#8633 = ADVANCED_FACE('',(#8634),#8645,.F.);
#8634 = FACE_BOUND('',#8635,.F.);
#8635 = EDGE_LOOP('',(#8636,#8642,#8643,#8644));
#8636 = ORIENTED_EDGE('',*,*,#8637,.T.);
#8637 = EDGE_CURVE('',#1254,#3407,#8638,.T.);
#8638 = LINE('',#8639,#8640);
#8639 = CARTESIAN_POINT('',(-11.2669413533,-0.758423672663,0.));
#8640 = VECTOR('',#8641,1.);
#8641 = DIRECTION('',(0.,0.,1.));
#8642 = ORIENTED_EDGE('',*,*,#3415,.T.);
#8643 = ORIENTED_EDGE('',*,*,#8603,.F.);
#8644 = ORIENTED_EDGE('',*,*,#1262,.F.);
#8645 = CYLINDRICAL_SURFACE('',#8646,0.304);
#8646 = AXIS2_PLACEMENT_3D('',#8647,#8648,#8649);
#8647 = CARTESIAN_POINT('',(-11.2539885433,-1.062147601114,0.));
#8648 = DIRECTION('',(0.,0.,-1.));
#8649 = DIRECTION('',(-4.26079276102E-02,0.999091869902,0.));
#8650 = ADVANCED_FACE('',(#8651),#8662,.F.);
#8651 = FACE_BOUND('',#8652,.F.);
#8652 = EDGE_LOOP('',(#8653,#8654,#8655,#8661));
#8653 = ORIENTED_EDGE('',*,*,#8622,.T.);
#8654 = ORIENTED_EDGE('',*,*,#3325,.T.);
#8655 = ORIENTED_EDGE('',*,*,#8656,.F.);
#8656 = EDGE_CURVE('',#1173,#3326,#8657,.T.);
#8657 = LINE('',#8658,#8659);
#8658 = CARTESIAN_POINT('',(-11.55882117736,1.73078913846,0.));
#8659 = VECTOR('',#8660,1.);
#8660 = DIRECTION('',(0.,0.,1.));
#8661 = ORIENTED_EDGE('',*,*,#1172,.F.);
#8662 = SURFACE_OF_LINEAR_EXTRUSION('',#8663,#8668);
#8663 = B_SPLINE_CURVE_WITH_KNOTS('',3,(#8664,#8665,#8666,#8667),
  .UNSPECIFIED.,.F.,.F.,(4,4),(0.,1.),.PIECEWISE_BEZIER_KNOTS.);
#8664 = CARTESIAN_POINT('',(-12.57828541133,2.372074221201,0.));
#8665 = CARTESIAN_POINT('',(-12.15935284489,2.034332137832,0.));
#8666 = CARTESIAN_POINT('',(-11.80724187938,1.840341252525,0.));
#8667 = CARTESIAN_POINT('',(-11.55882117736,1.73078913846,0.));
#8668 = VECTOR('',#8669,1.);
#8669 = DIRECTION('',(-0.,-0.,-1.));
#8670 = ADVANCED_FACE('',(#8671),#8682,.F.);
#8671 = FACE_BOUND('',#8672,.F.);
#8672 = EDGE_LOOP('',(#8673,#8679,#8680,#8681));
#8673 = ORIENTED_EDGE('',*,*,#8674,.T.);
#8674 = EDGE_CURVE('',#1245,#3398,#8675,.T.);
#8675 = LINE('',#8676,#8677);
#8676 = CARTESIAN_POINT('',(-11.66608449817,-0.710246811685,0.));
#8677 = VECTOR('',#8678,1.);
#8678 = DIRECTION('',(0.,0.,1.));
#8679 = ORIENTED_EDGE('',*,*,#3406,.T.);
#8680 = ORIENTED_EDGE('',*,*,#8637,.F.);
#8681 = ORIENTED_EDGE('',*,*,#1253,.F.);
#8682 = SURFACE_OF_LINEAR_EXTRUSION('',#8683,#8688);
#8683 = B_SPLINE_CURVE_WITH_KNOTS('',3,(#8684,#8685,#8686,#8687),
  .UNSPECIFIED.,.F.,.F.,(4,4),(0.,1.),.PIECEWISE_BEZIER_KNOTS.);
#8684 = CARTESIAN_POINT('',(-11.66608449817,-0.710246811685,0.));
#8685 = CARTESIAN_POINT('',(-11.44374522822,-0.756168583981,0.));
#8686 = CARTESIAN_POINT('',(-11.31053863569,-0.759033447968,0.));
#8687 = CARTESIAN_POINT('',(-11.2669413533,-0.758423672663,0.));
#8688 = VECTOR('',#8689,1.);
#8689 = DIRECTION('',(-0.,-0.,-1.));
#8690 = ADVANCED_FACE('',(#8691),#8702,.F.);
#8691 = FACE_BOUND('',#8692,.F.);
#8692 = EDGE_LOOP('',(#8693,#8694,#8695,#8701));
#8693 = ORIENTED_EDGE('',*,*,#8656,.T.);
#8694 = ORIENTED_EDGE('',*,*,#3334,.T.);
#8695 = ORIENTED_EDGE('',*,*,#8696,.F.);
#8696 = EDGE_CURVE('',#1182,#3335,#8697,.T.);
#8697 = LINE('',#8698,#8699);
#8698 = CARTESIAN_POINT('',(-11.17841680048,1.600678531354,0.));
#8699 = VECTOR('',#8700,1.);
#8700 = DIRECTION('',(0.,0.,1.));
#8701 = ORIENTED_EDGE('',*,*,#1181,.F.);
#8702 = SURFACE_OF_LINEAR_EXTRUSION('',#8703,#8708);
#8703 = B_SPLINE_CURVE_WITH_KNOTS('',3,(#8704,#8705,#8706,#8707),
  .UNSPECIFIED.,.F.,.F.,(4,4),(0.,1.),.PIECEWISE_BEZIER_KNOTS.);
#8704 = CARTESIAN_POINT('',(-11.55882117736,1.73078913846,0.));
#8705 = CARTESIAN_POINT('',(-11.35088822723,1.639643933517,0.));
#8706 = CARTESIAN_POINT('',(-11.22118815706,1.609146465801,0.));
#8707 = CARTESIAN_POINT('',(-11.17841680048,1.600678531354,0.));
#8708 = VECTOR('',#8709,1.);
#8709 = DIRECTION('',(-0.,-0.,-1.));
#8710 = ADVANCED_FACE('',(#8711),#8722,.F.);
#8711 = FACE_BOUND('',#8712,.F.);
#8712 = EDGE_LOOP('',(#8713,#8719,#8720,#8721));
#8713 = ORIENTED_EDGE('',*,*,#8714,.T.);
#8714 = EDGE_CURVE('',#1236,#3389,#8715,.T.);
#8715 = LINE('',#8716,#8717);
#8716 = CARTESIAN_POINT('',(-12.79660165852,-0.29493387923,0.));
#8717 = VECTOR('',#8718,1.);
#8718 = DIRECTION('',(0.,0.,1.));
#8719 = ORIENTED_EDGE('',*,*,#3397,.T.);
#8720 = ORIENTED_EDGE('',*,*,#8674,.F.);
#8721 = ORIENTED_EDGE('',*,*,#1244,.F.);
#8722 = SURFACE_OF_LINEAR_EXTRUSION('',#8723,#8728);
#8723 = B_SPLINE_CURVE_WITH_KNOTS('',3,(#8724,#8725,#8726,#8727),
  .UNSPECIFIED.,.F.,.F.,(4,4),(0.,1.),.PIECEWISE_BEZIER_KNOTS.);
#8724 = CARTESIAN_POINT('',(-12.79660165852,-0.29493387923,0.));
#8725 = CARTESIAN_POINT('',(-12.31660324617,-0.538194509515,0.));
#8726 = CARTESIAN_POINT('',(-11.93185377709,-0.654738242348,0.));
#8727 = CARTESIAN_POINT('',(-11.66608449817,-0.710246811685,0.));
#8728 = VECTOR('',#8729,1.);
#8729 = DIRECTION('',(-0.,-0.,-1.));
#8730 = ADVANCED_FACE('',(#8731),#8742,.F.);
#8731 = FACE_BOUND('',#8732,.F.);
#8732 = EDGE_LOOP('',(#8733,#8734,#8735,#8741));
#8733 = ORIENTED_EDGE('',*,*,#8696,.T.);
#8734 = ORIENTED_EDGE('',*,*,#3343,.T.);
#8735 = ORIENTED_EDGE('',*,*,#8736,.F.);
#8736 = EDGE_CURVE('',#1191,#3344,#8737,.T.);
#8737 = LINE('',#8738,#8739);
#8738 = CARTESIAN_POINT('',(-10.92692548842,1.265819643726,0.));
#8739 = VECTOR('',#8740,1.);
#8740 = DIRECTION('',(0.,0.,1.));
#8741 = ORIENTED_EDGE('',*,*,#1190,.F.);
#8742 = CYLINDRICAL_SURFACE('',#8743,0.304);
#8743 = AXIS2_PLACEMENT_3D('',#8744,#8745,#8746);
#8744 = CARTESIAN_POINT('',(-11.22889479596,1.300898658828,0.));
#8745 = DIRECTION('',(0.,0.,-1.));
#8746 = DIRECTION('',(0.166046037789,0.986118001729,0.));
#8747 = ADVANCED_FACE('',(#8748),#8759,.T.);
#8748 = FACE_BOUND('',#8749,.F.);
#8749 = EDGE_LOOP('',(#8750,#8756,#8757,#8758));
#8750 = ORIENTED_EDGE('',*,*,#8751,.T.);
#8751 = EDGE_CURVE('',#1227,#3380,#8752,.T.);
#8752 = LINE('',#8753,#8754);
#8753 = CARTESIAN_POINT('',(-12.79741851908,0.294652974179,0.));
#8754 = VECTOR('',#8755,1.);
#8755 = DIRECTION('',(0.,0.,1.));
#8756 = ORIENTED_EDGE('',*,*,#3388,.T.);
#8757 = ORIENTED_EDGE('',*,*,#8714,.F.);
#8758 = ORIENTED_EDGE('',*,*,#1235,.F.);
#8759 = CYLINDRICAL_SURFACE('',#8760,12.799999999997);
#8760 = AXIS2_PLACEMENT_3D('',#8761,#8762,#8763);
#8761 = CARTESIAN_POINT('',(-4.174823149024E-04,1.758896555279E-02,0.));
#8762 = DIRECTION('',(-0.,-0.,-1.));
#8763 = DIRECTION('',(-0.999765705998,2.164562567391E-02,0.));
#8764 = ADVANCED_FACE('',(#8765),#8776,.T.);
#8765 = FACE_BOUND('',#8766,.F.);
#8766 = EDGE_LOOP('',(#8767,#8768,#8769,#8775));
#8767 = ORIENTED_EDGE('',*,*,#8736,.T.);
#8768 = ORIENTED_EDGE('',*,*,#3352,.T.);
#8769 = ORIENTED_EDGE('',*,*,#8770,.F.);
#8770 = EDGE_CURVE('',#1200,#3353,#8771,.T.);
#8771 = LINE('',#8772,#8773);
#8772 = CARTESIAN_POINT('',(-10.95132465229,1.033677106265,0.));
#8773 = VECTOR('',#8774,1.);
#8774 = DIRECTION('',(0.,0.,1.));
#8775 = ORIENTED_EDGE('',*,*,#1199,.F.);
#8776 = CYLINDRICAL_SURFACE('',#8777,10.999999999973);
#8777 = AXIS2_PLACEMENT_3D('',#8778,#8779,#8780);
#8778 = CARTESIAN_POINT('',(-2.659029E-11,2.66309E-12,0.));
#8779 = DIRECTION('',(-0.,-0.,-1.));
#8780 = DIRECTION('',(-0.993356862584,0.115074513066,0.));
#8781 = ADVANCED_FACE('',(#8782),#8793,.F.);
#8782 = FACE_BOUND('',#8783,.F.);
#8783 = EDGE_LOOP('',(#8784,#8790,#8791,#8792));
#8784 = ORIENTED_EDGE('',*,*,#8785,.T.);
#8785 = EDGE_CURVE('',#1218,#3371,#8786,.T.);
#8786 = LINE('',#8787,#8788);
#8787 = CARTESIAN_POINT('',(-11.66608449817,0.710246811685,0.));
#8788 = VECTOR('',#8789,1.);
#8789 = DIRECTION('',(0.,0.,1.));
#8790 = ORIENTED_EDGE('',*,*,#3379,.T.);
#8791 = ORIENTED_EDGE('',*,*,#8751,.F.);
#8792 = ORIENTED_EDGE('',*,*,#1226,.F.);
#8793 = SURFACE_OF_LINEAR_EXTRUSION('',#8794,#8799);
#8794 = B_SPLINE_CURVE_WITH_KNOTS('',3,(#8795,#8796,#8797,#8798),
  .UNSPECIFIED.,.F.,.F.,(4,4),(0.,1.),.PIECEWISE_BEZIER_KNOTS.);
#8795 = CARTESIAN_POINT('',(-11.66608449817,0.710246811685,0.));
#8796 = CARTESIAN_POINT('',(-11.93185377709,0.654738242348,0.));
#8797 = CARTESIAN_POINT('',(-12.31660324617,0.538194509515,0.));
#8798 = CARTESIAN_POINT('',(-12.79741851908,0.294652974179,0.));
#8799 = VECTOR('',#8800,1.);
#8800 = DIRECTION('',(-0.,-0.,-1.));
#8801 = ADVANCED_FACE('',(#8802),#8813,.F.);
#8802 = FACE_BOUND('',#8803,.F.);
#8803 = EDGE_LOOP('',(#8804,#8805,#8806,#8812));
#8804 = ORIENTED_EDGE('',*,*,#8770,.T.);
#8805 = ORIENTED_EDGE('',*,*,#3361,.T.);
#8806 = ORIENTED_EDGE('',*,*,#8807,.F.);
#8807 = EDGE_CURVE('',#1209,#3362,#8808,.T.);
#8808 = LINE('',#8809,#8810);
#8809 = CARTESIAN_POINT('',(-11.26653284169,0.758424974013,0.));
#8810 = VECTOR('',#8811,1.);
#8811 = DIRECTION('',(0.,0.,1.));
#8812 = ORIENTED_EDGE('',*,*,#1208,.F.);
#8813 = CYLINDRICAL_SURFACE('',#8814,0.304);
#8814 = AXIS2_PLACEMENT_3D('',#8815,#8816,#8817);
#8815 = CARTESIAN_POINT('',(-11.25398681414,1.06216597749,0.));
#8816 = DIRECTION('',(0.,0.,-1.));
#8817 = DIRECTION('',(0.995599216615,-9.371339218545E-02,0.));
#8818 = ADVANCED_FACE('',(#8819),#8825,.F.);
#8819 = FACE_BOUND('',#8820,.F.);
#8820 = EDGE_LOOP('',(#8821,#8822,#8823,#8824));
#8821 = ORIENTED_EDGE('',*,*,#8807,.T.);
#8822 = ORIENTED_EDGE('',*,*,#3370,.T.);
#8823 = ORIENTED_EDGE('',*,*,#8785,.F.);
#8824 = ORIENTED_EDGE('',*,*,#1217,.F.);
#8825 = SURFACE_OF_LINEAR_EXTRUSION('',#8826,#8831);
#8826 = B_SPLINE_CURVE_WITH_KNOTS('',3,(#8827,#8828,#8829,#8830),
  .UNSPECIFIED.,.F.,.F.,(4,4),(0.,1.),.PIECEWISE_BEZIER_KNOTS.);
#8827 = CARTESIAN_POINT('',(-11.26653284169,0.758424974013,0.));
#8828 = CARTESIAN_POINT('',(-11.31053863569,0.759033447968,0.));
#8829 = CARTESIAN_POINT('',(-11.44374522822,0.756168583981,0.));
#8830 = CARTESIAN_POINT('',(-11.66608449817,0.710246811685,0.));
#8831 = VECTOR('',#8832,1.);
#8832 = DIRECTION('',(-0.,-0.,-1.));
#8833 = ADVANCED_FACE('',(#8834),#8853,.F.);
#8834 = FACE_BOUND('',#8835,.T.);
#8835 = EDGE_LOOP('',(#8836,#8837,#8845,#8852));
#8836 = ORIENTED_EDGE('',*,*,#2289,.F.);
#8837 = ORIENTED_EDGE('',*,*,#8838,.T.);
#8838 = EDGE_CURVE('',#2290,#8839,#8841,.T.);
#8839 = VERTEX_POINT('',#8840);
#8840 = CARTESIAN_POINT('',(2.6,0.,6.95));
#8841 = LINE('',#8842,#8843);
#8842 = CARTESIAN_POINT('',(2.6,0.,0.));
#8843 = VECTOR('',#8844,1.);
#8844 = DIRECTION('',(0.,0.,1.));
#8845 = ORIENTED_EDGE('',*,*,#8846,.F.);
#8846 = EDGE_CURVE('',#8839,#8839,#8847,.T.);
#8847 = CIRCLE('',#8848,2.6);
#8848 = AXIS2_PLACEMENT_3D('',#8849,#8850,#8851);
#8849 = CARTESIAN_POINT('',(0.,0.,6.95));
#8850 = DIRECTION('',(0.,0.,-1.));
#8851 = DIRECTION('',(1.,0.,0.));
#8852 = ORIENTED_EDGE('',*,*,#8838,.F.);
#8853 = CYLINDRICAL_SURFACE('',#8854,2.6);
#8854 = AXIS2_PLACEMENT_3D('',#8855,#8856,#8857);
#8855 = CARTESIAN_POINT('',(0.,0.,0.));
#8856 = DIRECTION('',(-0.,-0.,-1.));
#8857 = DIRECTION('',(1.,0.,0.));
#8858 = ADVANCED_FACE('',(#8859),#8878,.T.);
#8859 = FACE_BOUND('',#8860,.F.);
#8860 = EDGE_LOOP('',(#8861,#8869,#8876,#8877));
#8861 = ORIENTED_EDGE('',*,*,#8862,.T.);
#8862 = EDGE_CURVE('',#4443,#8863,#8865,.T.);
#8863 = VERTEX_POINT('',#8864);
#8864 = CARTESIAN_POINT('',(3.8,0.,6.95));
#8865 = LINE('',#8866,#8867);
#8866 = CARTESIAN_POINT('',(3.8,0.,5.4));
#8867 = VECTOR('',#8868,1.);
#8868 = DIRECTION('',(0.,0.,1.));
#8869 = ORIENTED_EDGE('',*,*,#8870,.T.);
#8870 = EDGE_CURVE('',#8863,#8863,#8871,.T.);
#8871 = CIRCLE('',#8872,3.8);
#8872 = AXIS2_PLACEMENT_3D('',#8873,#8874,#8875);
#8873 = CARTESIAN_POINT('',(0.,0.,6.95));
#8874 = DIRECTION('',(0.,0.,1.));
#8875 = DIRECTION('',(1.,0.,0.));
#8876 = ORIENTED_EDGE('',*,*,#8862,.F.);
#8877 = ORIENTED_EDGE('',*,*,#4442,.F.);
#8878 = CYLINDRICAL_SURFACE('',#8879,3.8);
#8879 = AXIS2_PLACEMENT_3D('',#8880,#8881,#8882);
#8880 = CARTESIAN_POINT('',(0.,0.,5.4));
#8881 = DIRECTION('',(-0.,-0.,-1.));
#8882 = DIRECTION('',(1.,0.,0.));
#8883 = ADVANCED_FACE('',(#8884,#8887),#8890,.T.);
#8884 = FACE_BOUND('',#8885,.T.);
#8885 = EDGE_LOOP('',(#8886));
#8886 = ORIENTED_EDGE('',*,*,#8870,.T.);
#8887 = FACE_BOUND('',#8888,.T.);
#8888 = EDGE_LOOP('',(#8889));
#8889 = ORIENTED_EDGE('',*,*,#8846,.T.);
#8890 = PLANE('',#8891);
#8891 = AXIS2_PLACEMENT_3D('',#8892,#8893,#8894);
#8892 = CARTESIAN_POINT('',(-3.6E-16,2.E-17,6.95));
#8893 = DIRECTION('',(0.,0.,1.));
#8894 = DIRECTION('',(1.,0.,0.));
#8895 = ( GEOMETRIC_REPRESENTATION_CONTEXT(3) 
GLOBAL_UNCERTAINTY_ASSIGNED_CONTEXT((#8899)) 
GLOBAL_UNIT_ASSIGNED_CONTEXT((#8896,#8897,#8898)) REPRESENTATION_CONTEXT
('Context #1','3D Context with UNIT and UNCERTAINTY') );
#8896 = ( LENGTH_UNIT() NAMED_UNIT(*) SI_UNIT(.MILLI.,.METRE.) );
#8897 = ( NAMED_UNIT(*) PLANE_ANGLE_UNIT() SI_UNIT($,.RADIAN.) );
#8898 = ( NAMED_UNIT(*) SI_UNIT($,.STERADIAN.) SOLID_ANGLE_UNIT() );
#8899 = UNCERTAINTY_MEASURE_WITH_UNIT(LENGTH_MEASURE(1.E-07),#8896,
  'distance_accuracy_value','confusion accuracy');
#8900 = CONTEXT_DEPENDENT_SHAPE_REPRESENTATION(#8901,#8903);
#8901 = ( REPRESENTATION_RELATIONSHIP('','',#32,#10) 
REPRESENTATION_RELATIONSHIP_WITH_TRANSFORMATION(#8902) 
SHAPE_REPRESENTATION_RELATIONSHIP() );
#8902 = ITEM_DEFINED_TRANSFORMATION('','',#11,#15);
#8903 = PRODUCT_DEFINITION_SHAPE('Placement','Placement of an item',
  #8904);
#8904 = NEXT_ASSEMBLY_USAGE_OCCURRENCE('1','Body','',#5,#27,$);
#8905 = PRODUCT_RELATED_PRODUCT_CATEGORY('part',$,(#29));
#8906 = MECHANICAL_DESIGN_GEOMETRIC_PRESENTATION_REPRESENTATION('',(
    #8907),#8895);
#8907 = STYLED_ITEM('color',(#8908),#33);
#8908 = PRESENTATION_STYLE_ASSIGNMENT((#8909,#8915));
#8909 = SURFACE_STYLE_USAGE(.BOTH.,#8910);
#8910 = SURFACE_SIDE_STYLE('',(#8911));
#8911 = SURFACE_STYLE_FILL_AREA(#8912);
#8912 = FILL_AREA_STYLE('',(#8913));
#8913 = FILL_AREA_STYLE_COLOUR('',#8914);
#8914 = COLOUR_RGB('',0.678431390124,0.709803936702,0.741176476869);
#8915 = CURVE_STYLE('',#8916,POSITIVE_LENGTH_MEASURE(0.1),#8917);
#8916 = DRAUGHTING_PRE_DEFINED_CURVE_FONT('continuous');
#8917 = COLOUR_RGB('',9.803921802644E-02,9.803921802644E-02,
  9.803921802644E-02);
ENDSEC;
END-ISO-10303-21;
